codigo_ibge,descricao,gramas,padrao
6300101-99,caneca,100,false
6300101-99,caneco,100,false
6300101-99,colher de arroz/servir,45,false
6300101-99,colher de cafe,3.1,false
6300101-99,colher de cha,6.3,false
6300101-99,colher de sobremesa,12.5,false
6300101-99,colher de sopa,25,false
6300101-99,concha,100,false
6300101-99,copo americano,100,false
6300101-99,copo grande,200,false
6300101-99,copo medio,200,false
6300101-99,escumadeira,85,false
6300101-99,garfada,25,false
6300101-99,grama,1,true
6300101-99,pegador,25,false
6300101-99,porcao,125,false
6300101-99,pote,100,false
6300101-99,prato de sobremesa,50,false
6300101-99,prato fundo,200,false
6300101-99,prato raso,100,false
6300101-99,quilo,1000,false
6300101-99,tigela,100,false
6300101-99,xicara de cha,100,false
6300201-99,caneca,100,false
6300201-99,colher de arroz/servir,63,false
6300201-99,colher de cha,5,false
6300201-99,colher de sobremesa,10,false
6300201-99,colher de sopa,20,false
6300201-99,concha,117,false
6300201-99,escumadeira,59,false
6300201-99,grama,1,true
6300201-99,pegador,20,false
6300201-99,porcao,198,false
6300201-99,prato de sobremesa,50,false
6300201-99,prato fundo,200,false
6300201-99,prato raso,100,false
6300201-99,quilo,1000,false
6300701-1,colher de sobremesa,17,false
6300701-1,colher de sopa,24,false
6300701-1,grama,1,true
6300701-1,quilo,1000,false
6300701-2,colher de arroz/servir,38,false
6300701-2,colher de sobremesa,17,false
6300701-2,colher de sopa,24,false
6300701-2,escumadeira,38,false
6300701-2,espiga,100,false
6300701-2,grama,1,true
6300701-2,pedaco,50,false
6300701-2,porcao,100,false
6300701-2,quilo,1000,false
6300701-2,unidade,100,false
6300701-2,unidade pequena,50,false
6300701-3,espiga,100,false
6300701-3,grama,1,true
6300701-3,quilo,1000,false
6300701-4,espiga,100,false
6300701-4,grama,1,true
6300701-4,pedaco,50,false
6300701-4,quilo,1000,false
6300701-4,unidade,100,false
6300701-7,colher de arroz/servir,38,false
6300701-7,colher de sopa,24,false
6300701-7,concha,76,false
6300701-7,grama,1,true
6300701-7,porcao,100,false
6300701-7,quilo,1000,false
6300701-13,colher de sopa,24,false
6300701-13,concha,76,false
6300701-13,grama,1,true
6300701-13,quilo,1000,false
6300701-99,colher de sopa,24,false
6300701-99,grama,1,true
6300701-99,quilo,1000,false
6300706-1,grama,1,true
6300706-1,porcao,105,false
6300706-1,quilo,1000,false
6300706-2,colher de arroz/servir,60,false
6300706-2,colher de sobremesa,17.5,false
6300706-2,colher de sopa,35,false
6300706-2,concha,150,false
6300706-2,grama,1,true
6300706-2,pedaco,150,false
6300706-2,porcao,105,false
6300706-2,prato fundo,500,false
6300706-2,prato raso,300,false
6300706-2,quilo,1000,false
6300706-13,colher de arroz/servir,60,false
6300706-13,colher de sopa,35,false
6300706-13,concha,150,false
6300706-13,grama,1,true
6300706-13,prato fundo,500,false
6300706-13,prato raso,300,false
6300706-13,quilo,1000,false
6300706-14,colher de sopa,35,false
6300706-14,grama,1,true
6300706-14,quilo,1000,false
6300706-15,grama,1,true
6300706-15,prato fundo,500,false
6300706-15,quilo,1000,false
6300706-99,concha,150,false
6300706-99,grama,1,true
6300706-99,quilo,1000,false
6300707-99,colher de sopa,25,false
6300707-99,concha,120,false
6300707-99,grama,1,true
6300707-99,prato de sobremesa,150,false
6300707-99,prato fundo,460,false
6300707-99,prato raso,300,false
6300707-99,quilo,1000,false
6301001-99,bago,0.8,true
6301001-99,colher de sopa,17,false
6301001-99,grama,1,false
6301001-99,pacote,50,false
6301001-99,porcao,9,false
6301001-99,punhado,30,false
6301001-99,quilo,1000,false
6301001-99,saco,50,false
6301001-99,unidade,0.8,false
6301101-99,colher de arroz/servir,38,false
6301101-99,colher de sobremesa,13,false
6301101-99,colher de sopa,27,false
6301101-99,concha,140,false
6301101-99,grama,1,true
6301101-99,porcao,72.5,false
6301101-99,prato fundo,114,false
6301101-99,quilo,1000,false
6301201-99,colher de arroz/servir,35,false
6301201-99,colher de sopa,17,false
6301201-99,concha,140,false
6301201-99,escumadeira,35,false
6301201-99,grama,1,true
6301201-99,prato de sobremesa,140,false
6301201-99,prato fundo,280,false
6301201-99,prato raso,140,false
6301201-99,quilo,1000,false
6301603-99,colher de arroz/servir,35,false
6301603-99,colher de cha,4.3,false
6301603-99,colher de sopa,17,false
6301603-99,concha,140,false
6301603-99,escumadeira,35,false
6301603-99,grama,1,true
6301603-99,porcao,50,false
6301603-99,prato fundo,280,false
6301603-99,prato raso,140,false
6301603-99,quilo,1000,false
6301634-99,colher de arroz/servir,35,false
6301634-99,colher de sopa,17,false
6301634-99,concha,140,false
6301634-99,escumadeira,35,false
6301634-99,grama,1,true
6301634-99,porcao,50,false
6301634-99,prato raso,140,false
6301634-99,quilo,1000,false
6302001-99,colher de cafe,0.4,true
6302001-99,colher de cha,1.5,false
6302001-99,colher de sobremesa,3,false
6302001-99,colher de sopa,13,false
6302001-99,grama,1,false
6302001-99,porcao,26,false
6302001-99,prato raso,26,false
6302001-99,quilo,1000,false
6302602-99,colher de sopa,17,false
6302602-99,concha,140,false
6302602-99,grama,1,true
6302602-99,prato raso,140,false
6302602-99,quilo,1000,false
6302801-99,colher de arroz/servir,45,false
6302801-99,colher de sopa,22,false
6302801-99,concha,120,false
6302801-99,grama,1,true
6302801-99,pegador,22,false
6302801-99,porcao,36,false
6302801-99,prato fundo,240,false
6302801-99,quilo,1000,false
6302801-99,xicara de cha,120,false
6302901-99,colher de arroz/servir,32,false
6302901-99,colher de sopa,18,false
6302901-99,concha,160,false
6302901-99,escumadeira,32,false
6302901-99,grama,1,true
6302901-99,porcao,48,false
6302901-99,prato fundo,320,false
6302901-99,prato raso,160,false
6302901-99,quilo,1000,false
6302901-99,tigela,160,false
6303001-99,colher de arroz/servir,28.7,false
6303001-99,colher de sobremesa,12,false
6303001-99,colher de sopa,24,false
6303001-99,concha,57.4,false
6303001-99,escumadeira,28.7,false
6303001-99,grama,1,true
6303001-99,porcao,43,false
6303001-99,quilo,1000,false
6303102-99,colher de arroz/servir,35,false
6303102-99,colher de cha,4.3,false
6303102-99,colher de sobremesa,8.5,false
6303102-99,colher de sopa,17,false
6303102-99,concha,140,false
6303102-99,copo americano,140,false
6303102-99,copo medio,280,false
6303102-99,cumbuca,140,false
6303102-99,escumadeira,35,false
6303102-99,grama,1,true
6303102-99,pegador,17,false
6303102-99,porcao,50,false
6303102-99,prato de sobremesa,140,false
6303102-99,prato fundo,280,false
6303102-99,prato raso,140,false
6303102-99,quilo,1000,false
6303102-99,tigela,140,false
6303102-99,xicara de cha,140,false
6303501-99,colher de arroz/servir,60,false
6303501-99,colher de sopa,35,false
6303501-99,concha,150,false
6303501-99,escumadeira,60,false
6303501-99,grama,1,true
6303501-99,prato fundo,500,false
6303501-99,quilo,1000,false
6304034-99,colher de arroz/servir,35,false
6304034-99,concha,140,false
6304034-99,grama,1,true
6304034-99,quilo,1000,false
6304101-99,colher de arroz/servir,35,false
6304101-99,colher de sopa,17,false
6304101-99,concha,140,false
6304101-99,escumadeira,35,false
6304101-99,grama,1,true
6304101-99,porcao,50,false
6304101-99,prato fundo,280,false
6304101-99,prato raso,140,false
6304101-99,quilo,1000,false
6304201-99,grama,1,true
6304201-99,pacote,20,false
6304201-99,quilo,1000,false
6304301-99,colher de arroz/servir,45,false
6304301-99,colher de sopa,25,false
6304301-99,concha,100,false
6304301-99,escumadeira,85,false
6304301-99,grama,1,true
6304301-99,prato fundo,200,false
6304301-99,prato raso,75,false
6304301-99,quilo,1000,false
6304401-99,colher de arroz/servir,63,false
6304401-99,colher de sopa,20,false
6304401-99,concha,117,false
6304401-99,escumadeira,59,false
6304401-99,grama,1,true
6304401-99,quilo,1000,false
6304602-99,colher de arroz/servir,35,false
6304602-99,colher de sopa,17,false
6304602-99,concha,140,false
6304602-99,grama,1,true
6304602-99,quilo,1000,false
6304901-99,colher de sopa,5,false
6304901-99,grama,1,true
6304901-99,quilo,1000,false
6400101-1,grama,1,true
6400101-1,porcao,90,false
6400101-1,quilo,1000,false
6400101-1,unidade pequena,70,false
6400101-2,colher de arroz/servir,60,false
6400101-2,colher de cha,7.5,false
6400101-2,colher de sobremesa,15,false
6400101-2,colher de sopa,30,false
6400101-2,concha,80,false
6400101-2,escumadeira,80,false
6400101-2,fatia,16,false
6400101-2,garfada,30,false
6400101-2,grama,1,true
6400101-2,metade,70,false
6400101-2,pedaco,16,false
6400101-2,pegador,30,false
6400101-2,porcao,90,false
6400101-2,prato raso,100,false
6400101-2,quilo,1000,false
6400101-2,rodela,16,false
6400101-2,unidade,140,false
6400101-2,unidade pequena,70,false
6400101-3,grama,1,true
6400101-3,porcao,90,false
6400101-3,quilo,1000,false
6400101-3,unidade pequena,70,false
6400101-4,colher de arroz/servir,60,false
6400101-4,colher de sopa,30,false
6400101-4,fatia,16,false
6400101-4,grama,1,true
6400101-4,pedaco,16,false
6400101-4,porcao,90,false
6400101-4,quilo,1000,false
6400101-4,unidade,140,false
6400101-4,unidade pequena,70,false
6400101-5,colher de arroz/servir,50,false
6400101-5,colher de sopa,25,false
6400101-5,concha,65,false
6400101-5,escumadeira,65,false
6400101-5,fatia,16,false
6400101-5,garfada,25,false
6400101-5,grama,1,true
6400101-5,pedaco,16,false
6400101-5,pegador,25,false
6400101-5,pires,39,false
6400101-5,porcao,110,false
6400101-5,punhado,45,false
6400101-5,prato de sobremesa,78,false
6400101-5,prato fundo,156,false
6400101-5,prato raso,78,false
6400101-5,quilo,1000,false
6400101-5,rodela,16,false
6400101-5,unidade,140,false
6400101-5,unidade pequena,70,false
6400101-7,colher de arroz/servir,80,false
6400101-7,colher de sopa,30,false
6400101-7,escumadeira,100,false
6400101-7,grama,1,true
6400101-7,pedaco,16,false
6400101-7,porcao,90,false
6400101-7,quilo,1000,false
6400101-7,unidade,80,false
6400101-8,colher de arroz/servir,80,false
6400101-8,colher de sopa,30,false
6400101-8,concha,100,false
6400101-8,grama,1,true
6400101-8,pedaco,16,false
6400101-8,porcao,90,false
6400101-8,prato fundo,200,false
6400101-8,quilo,1000,false
6400101-8,unidade,80,false
6400101-9,grama,1,true
6400101-9,quilo,1000,false
6400101-9,unidade,80,false
6400101-10,colher de sopa,25,false
6400101-10,grama,1,true
6400101-10,pedaco,16,false
6400101-10,porcao,110,false
6400101-10,quilo,1000,false
6400101-11,grama,1,true
6400101-11,porcao,110,false
6400101-11,quilo,1000,false
6400101-11,unidade,140,false
6400101-11,unidade pequena,70,false
6400101-13,colher de arroz/servir,80,false
6400101-13,colher de cha,7.5,false
6400101-13,colher de sopa,30,false
6400101-13,concha,100,false
6400101-13,escumadeira,100,false
6400101-13,grama,1,true
6400101-13,pedaco,16,false
6400101-13,porcao,90,false
6400101-13,quilo,1000,false
6400101-13,rodela,16,false
6400101-13,unidade,80,false
6400101-15,grama,1,true
6400101-15,pedaco,16,false
6400101-15,quilo,1000,false
6400101-99,colher de sopa,30,false
6400101-99,grama,1,true
6400101-99,porcao,90,false
6400101-99,quilo,1000,false
6400101-99,unidade,140,false
6400303-2,colher de sopa,35,false
6400303-2,grama,1,true
6400303-2,quilo,1000,false
6400303-2,unidade,80,false
6400303-7,colher de sopa,35,false
6400303-7,grama,1,true
6400303-7,quilo,1000,false
6400303-13,colher de sopa,35,false
6400303-13,grama,1,true
6400303-13,quilo,1000,false
6400303-99,colher de sopa,35,false
6400303-99,grama,1,true
6400303-99,quilo,1000,false
6400304-99,colher de arroz/servir,55,false
6400304-99,colher de sobremesa,30,false
6400304-99,colher de sopa,35,false
6400304-99,concha,110,false
6400304-99,grama,1,true
6400304-99,quilo,1000,false
6400304-99,unidade pequena,45,false
6400401-1,grama,1,true
6400401-1,quilo,1000,false
6400401-1,unidade,355,false
6400401-2,colher de arroz/servir,100,false
6400401-2,colher de sopa,42,false
6400401-2,concha,100,false
6400401-2,fatia,70,false
6400401-2,grama,1,true
6400401-2,metade,177.5,false
6400401-2,pedaco,70,false
6400401-2,pegador,42,false
6400401-2,porcao,150,false
6400401-2,prato de sobremesa,100,false
6400401-2,prato fundo,300,false
6400401-2,prato raso,100,false
6400401-2,quilo,1000,false
6400401-2,rodela,70,false
6400401-2,unidade,355,false
6400401-2,unidade pequena,266.3,false
6400401-4,colher de arroz/servir,100,false
6400401-4,grama,1,true
6400401-4,pedaco,70,false
6400401-4,quilo,1000,false
6400401-4,rodela,70,false
6400401-4,unidade,355,false
6400401-4,unidade pequena,266.3,false
6400401-5,colher de arroz/servir,100,false
6400401-5,escumadeira,100,false
6400401-5,fatia,65,false
6400401-5,grama,1,true
6400401-5,pedaco,65,false
6400401-5,pegador,42,false
6400401-5,porcao,150,false
6400401-5,quilo,1000,false
6400401-5,rodela,65,false
6400401-5,unidade,355,false
6400401-5,unidade pequena,266.3,false
6400401-7,grama,1,true
6400401-7,quilo,1000,false
6400401-7,unidade,355,false
6400401-13,colher de arroz/servir,100,false
6400401-13,grama,1,true
6400401-13,quilo,1000,false
6400401-99,grama,1,true
6400401-99,pedaco,70,false
6400401-99,quilo,1000,false
6400501-1,escumadeira,110,false
6400501-1,grama,1,true
6400501-1,porcao,126,false
6400501-1,quilo,1000,false
6400501-1,rodela,30,false
6400501-1,unidade,125,false
6400501-2,colher de arroz/servir,62,false
6400501-2,colher de sopa,35,false
6400501-2,concha,110,false
6400501-2,escumadeira,110,false
6400501-2,fatia,60,false
6400501-2,grama,1,true
6400501-2,pedaco,60,false
6400501-2,porcao,126,false
6400501-2,prato de sobremesa,62,false
6400501-2,prato fundo,186,false
6400501-2,prato raso,62,false
6400501-2,quilo,1000,false
6400501-2,rodela,30,false
6400501-2,unidade,125,false
6400501-4,grama,1,true
6400501-4,pedaco,60,false
6400501-4,quilo,1000,false
6400501-5,grama,1,true
6400501-5,pedaco,60,false
6400501-5,quilo,1000,false
6400501-7,colher de sopa,35,false
6400501-7,concha,110,false
6400501-7,grama,1,true
6400501-7,quilo,1000,false
6400501-13,colher de arroz/servir,62,false
6400501-13,colher de sopa,35,false
6400501-13,concha,110,false
6400501-13,grama,1,true
6400501-13,pedaco,60,false
6400501-13,porcao,126,false
6400501-13,quilo,1000,false
6400501-15,colher de sopa,20,false
6400501-15,concha,130,false
6400501-15,grama,1,true
6400501-15,quilo,1000,false
6400508-99,grama,1,true
6400508-99,pedaco,100,false
6400508-99,quilo,1000,false
6400601-1,grama,1,true
6400601-1,pedaco,100,false
6400601-1,quilo,1000,false
6400601-2,colher de arroz/servir,60,false
6400601-2,colher de sopa,30,false
6400601-2,concha,120,false
6400601-2,escumadeira,60,false
6400601-2,fatia,100,false
6400601-2,grama,1,true
6400601-2,pedaco,100,false
6400601-2,pegador,30,false
6400601-2,porcao,128,false
6400601-2,quilo,1000,false
6400601-4,grama,1,true
6400601-4,pedaco,100,false
6400601-4,quilo,1000,false
6400601-5,bola,45,false
6400601-5,colher de arroz/servir,60,false
6400601-5,colher de sopa,35,false
6400601-5,concha,95,false
6400601-5,fatia,70,false
6400601-5,grama,1,true
6400601-5,pedaco,80,false
6400601-5,porcao,80,false
6400601-5,punhado,45,false
6400601-5,quilo,1000,false
6400601-7,colher de arroz/servir,60,false
6400601-7,grama,1,true
6400601-7,porcao,128,false
6400601-7,quilo,1000,false
6400601-8,colher de sopa,30,false
6400601-8,grama,1,true
6400601-8,pedaco,100,false
6400601-8,porcao,128,false
6400601-8,quilo,1000,false
6400601-11,colher de sopa,35,false
6400601-11,grama,1,true
6400601-11,quilo,1000,false
6400601-13,colher de arroz/servir,60,false
6400601-13,colher de sopa,30,false
6400601-13,concha,120,false
6400601-13,escumadeira,60,false
6400601-13,grama,1,true
6400601-13,quilo,1000,false
6400601-15,colher de arroz/servir,40,false
6400601-15,colher de sopa,20,false
6400601-15,concha,130,false
6400601-15,grama,1,true
6400601-15,prato fundo,520,false
6400601-15,quilo,1000,false
6400601-15,tigela,300,false
6400601-99,colher de arroz/servir,60,false
6400601-99,grama,1,true
6400601-99,pedaco,100,false
6400601-99,quilo,1000,false
6400609-2,colher de arroz/servir,60,false
6400609-2,colher de sobremesa,15,false
6400609-2,colher de sopa,30,false
6400609-2,concha,120,false
6400609-2,escumadeira,60,false
6400609-2,fatia,100,false
6400609-2,grama,1,true
6400609-2,pedaco,100,false
6400609-2,porcao,128,false
6400609-2,quilo,1000,false
6400609-2,rodela,50,false
6400609-4,colher de arroz/servir,60,false
6400609-4,grama,1,true
6400609-4,quilo,1000,false
6400609-5,colher de arroz/servir,60,false
6400609-5,fatia,70,false
6400609-5,grama,1,true
6400609-5,pedaco,80,false
6400609-5,pegador,35,false
6400609-5,porcao,80,false
6400609-5,punhado,45,false
6400609-5,quilo,1000,false
6400609-6,grama,1,true
6400609-6,pedaco,80,false
6400609-6,quilo,1000,false
6400609-7,grama,1,true
6400609-7,pedaco,100,false
6400609-7,quilo,1000,false
6400609-8,grama,1,true
6400609-8,pedaco,100,false
6400609-8,quilo,1000,false
6400609-11,colher de sopa,35,false
6400609-11,grama,1,true
6400609-11,quilo,1000,false
6400609-13,colher de sobremesa,15,false
6400609-13,colher de sopa,30,false
6400609-13,grama,1,true
6400609-13,pedaco,100,false
6400609-13,quilo,1000,false
6400609-15,concha,130,false
6400609-15,grama,1,true
6400609-15,quilo,1000,false
6400609-99,colher de arroz/servir,60,false
6400609-99,grama,1,true
6400609-99,quilo,1000,false
6400610-1,grama,1,true
6400610-1,pedaco,100,false
6400610-1,quilo,1000,false
6400610-2,colher de arroz/servir,60,false
6400610-2,colher de sopa,30,false
6400610-2,fatia,100,false
6400610-2,grama,1,true
6400610-2,pedaco,100,false
6400610-2,porcao,128,false
6400610-2,quilo,1000,false
6400610-2,rodela,50,false
6400610-4,grama,1,true
6400610-4,pedaco,100,false
6400610-4,porcao,128,false
6400610-4,quilo,1000,false
6400610-5,fatia,70,false
6400610-5,grama,1,true
6400610-5,pedaco,80,false
6400610-5,porcao,80,false
6400610-5,quilo,1000,false
6400610-5,rodela,35,false
6400701-2,colher de arroz/servir,60,false
6400701-2,colher de sopa,30,false
6400701-2,concha,120,false
6400701-2,escumadeira,60,false
6400701-2,grama,1,true
6400701-2,pedaco,100,false
6400701-2,porcao,126,false
6400701-2,quilo,1000,false
6400701-2,rodela,30,false
6400701-5,grama,1,true
6400701-5,pedaco,80,false
6400701-5,quilo,1000,false
6400701-7,colher de arroz/servir,60,false
6400701-7,grama,1,true
6400701-7,quilo,1000,false
6400701-13,colher de arroz/servir,60,false
6400701-13,colher de sopa,30,false
6400701-13,grama,1,true
6400701-13,quilo,1000,false
6400701-14,copo grande,230,false
6400701-14,grama,1,true
6400701-14,prato fundo,375,false
6400701-14,quilo,1000,false
6400701-15,colher de arroz/servir,40,false
6400701-15,grama,1,true
6400701-15,porcao,126,false
6400701-15,quilo,1000,false
6400713-2,colher de arroz/servir,62,false
6400713-2,grama,1,true
6400713-2,quilo,1000,false
6400713-2,rodela,30,false
6400802-1,colher de sopa,30,false
6400802-1,grama,1,true
6400802-1,porcao,90,false
6400802-1,quilo,1000,false
6400802-1,unidade,140,false
6400802-2,colher de arroz/servir,60,false
6400802-2,colher de cha,7.5,false
6400802-2,colher de sobremesa,15,false
6400802-2,colher de sopa,30,false
6400802-2,concha,80,false
6400802-2,escumadeira,80,false
6400802-2,grama,1,true
6400802-2,metade,70,false
6400802-2,pedaco,16,false
6400802-2,pegador,30,false
6400802-2,porcao,90,false
6400802-2,prato raso,100,false
6400802-2,quilo,1000,false
6400802-2,rodela,16,false
6400802-2,unidade,140,false
6400802-2,unidade pequena,70,false
6400802-3,grama,1,true
6400802-3,porcao,90,false
6400802-3,quilo,1000,false
6400802-3,unidade,140,false
6400802-4,colher de arroz/servir,60,false
6400802-4,colher de sopa,30,false
6400802-4,escumadeira,80,false
6400802-4,grama,1,true
6400802-4,pedaco,16,false
6400802-4,porcao,90,false
6400802-4,quilo,1000,false
6400802-4,rodela,16,false
6400802-4,unidade,140,false
6400802-4,unidade pequena,70,false
6400802-5,colher de arroz/servir,50,false
6400802-5,colher de sobremesa,12.5,false
6400802-5,colher de sopa,25,false
6400802-5,concha,65,false
6400802-5,escumadeira,65,false
6400802-5,fatia,16,false
6400802-5,garfada,25,false
6400802-5,grama,1,true
6400802-5,pedaco,16,false
6400802-5,pegador,25,false
6400802-5,pires,39,false
6400802-5,porcao,110,false
6400802-5,punhado,45,false
6400802-5,prato de sobremesa,78,false
6400802-5,prato raso,78,false
6400802-5,quilo,1000,false
6400802-5,saco,110,false
6400802-5,unidade,140,false
6400802-5,unidade pequena,70,false
6400802-7,colher de arroz/servir,80,false
6400802-7,colher de sopa,30,false
6400802-7,escumadeira,100,false
6400802-7,grama,1,true
6400802-7,pedaco,16,false
6400802-7,porcao,90,false
6400802-7,quilo,1000,false
6400802-7,unidade pequena,70,false
6400802-8,colher de arroz/servir,80,false
6400802-8,colher de sopa,30,false
6400802-8,grama,1,true
6400802-8,pedaco,16,false
6400802-8,porcao,90,false
6400802-8,prato fundo,200,false
6400802-8,quilo,1000,false
6400802-8,unidade,80,false
6400802-9,grama,1,true
6400802-9,pedaco,16,false
6400802-9,quilo,1000,false
6400802-9,rodela,16,false
6400802-12,colher de arroz/servir,50,false
6400802-12,grama,1,true
6400802-12,porcao,110,false
6400802-12,quilo,1000,false
6400802-13,colher de arroz/servir,80,false
6400802-13,colher de sopa,30,false
6400802-13,concha,80,false
6400802-13,grama,1,true
6400802-13,pedaco,16,false
6400802-13,porcao,90,false
6400802-13,prato de sobremesa,100,false
6400802-13,quilo,1000,false
6400802-13,unidade,80,false
6400802-15,colher de arroz/servir,40,false
6400802-15,concha,130,false
6400802-15,grama,1,true
6400802-15,quilo,1000,false
6400802-99,grama,1,true
6400802-99,pedaco,16,false
6400802-99,quilo,1000,false
6400802-99,unidade,140,false
6400908-2,colher de arroz/servir,55,false
6400908-2,colher de sopa,35,false
6400908-2,grama,1,true
6400908-2,pedaco,50,false
6400908-2,porcao,70,false
6400908-2,quilo,1000,false
6400908-5,grama,1,true
6400908-5,porcao,70,false
6400908-5,quilo,1000,false
6400908-7,colher de sopa,35,false
6400908-7,grama,1,true
6400908-7,quilo,1000,false
6400908-13,colher de sopa,35,false
6400908-13,grama,1,true
6400908-13,quilo,1000,false
6401001-1,colher de arroz/servir,22,false
6401001-1,colher de sopa,11,false
6401001-1,escumadeira,22,false
6401001-1,fatia,4,false
6401001-1,grama,1,true
6401001-1,pegador,11,false
6401001-1,porcao,90,false
6401001-1,quilo,1000,false
6401001-1,rodela,12.5,false
6401001-1,unidade,25,false
6401001-2,colher de sopa,11,false
6401001-2,grama,1,true
6401001-2,pegador,11,false
6401001-2,porcao,90,false
6401001-2,quilo,1000,false
6401001-2,unidade,25,false
6401001-12,grama,1,true
6401001-12,pegador,11,false
6401001-12,quilo,1000,false
6401001-12,unidade,25,false
6401101-1,colher de arroz/servir,38,false
6401101-1,colher de sobremesa,8,false
6401101-1,colher de sopa,16,false
6401101-1,concha,76,false
6401101-1,fatia,12,false
6401101-1,grama,1,true
6401101-1,pedaco,12,false
6401101-1,pegador,16,false
6401101-1,porcao,42,false
6401101-1,prato de sobremesa,168,false
6401101-1,quilo,1000,false
6401101-1,rodela,12,false
6401101-1,unidade,140,false
6401101-2,colher de arroz/servir,38,false
6401101-2,colher de sobremesa,10,false
6401101-2,colher de sopa,20,false
6401101-2,concha,76,false
6401101-2,escumadeira,45,false
6401101-2,fatia,12,false
6401101-2,garfada,20,false
6401101-2,grama,1,true
6401101-2,metade,62.5,false
6401101-2,pedaco,12,false
6401101-2,pegador,20,false
6401101-2,pires,84,false
6401101-2,porcao,43,false
6401101-2,prato de sobremesa,168,false
6401101-2,prato raso,168,false
6401101-2,quilo,1000,false
6401101-2,rodela,12,false
6401101-2,unidade,125,false
6401101-2,unidade pequena,75,false
6401101-2,xicara de cha,84,false
6401101-7,colher de arroz/servir,38,false
6401101-7,colher de sopa,20,false
6401101-7,grama,1,true
6401101-7,porcao,43,false
6401101-7,quilo,1000,false
6401101-12,fatia,12,false
6401101-12,grama,1,true
6401101-12,porcao,43,false
6401101-12,quilo,1000,false
6401101-15,concha,130,false
6401101-15,grama,1,true
6401101-15,quilo,1000,false
6401101-99,grama,1,true
6401101-99,pedaco,12,false
6401101-99,porcao,42,false
6401101-99,quilo,1000,false
6401101-99,rodela,12,false
6401201-1,banda,60,false
6401201-1,colher de arroz/servir,40,false
6401201-1,colher de sobremesa,6,false
6401201-1,colher de sopa,12,false
6401201-1,concha,48,false
6401201-1,copo americano,48,false
6401201-1,copo grande,96,false
6401201-1,copo medio,96,false
6401201-1,escumadeira,48,false
6401201-1,fatia,5,false
6401201-1,grama,1,true
6401201-1,pedaco,5,false
6401201-1,pegador,12,false
6401201-1,porcao,38,false
6401201-1,prato raso,48,false
6401201-1,quilo,1000,false
6401201-1,rodela,5,false
6401201-1,unidade,120,false
6401201-1,unidade pequena,55,false
6401201-2,colher de arroz/servir,40,false
6401201-2,colher de sopa,25,false
6401201-2,concha,48,false
6401201-2,escumadeira,48,false
6401201-2,fatia,5,false
6401201-2,grama,1,true
6401201-2,metade,50,false
6401201-2,pedaco,5,false
6401201-2,pegador,25,false
6401201-2,pires,48,false
6401201-2,porcao,35,false
6401201-2,quilo,1000,false
6401201-2,rodela,5,false
6401201-2,tigela,48,false
6401201-2,unidade,100,false
6401201-2,unidade pequena,46,false
6401201-2,xicara de cha,48,false
6401201-5,colher de arroz/servir,40,false
6401201-5,grama,1,true
6401201-5,porcao,35,false
6401201-5,quilo,1000,false
6401201-7,colher de arroz/servir,40,false
6401201-7,colher de sobremesa,12.5,false
6401201-7,colher de sopa,25,false
6401201-7,concha,48,false
6401201-7,escumadeira,48,false
6401201-7,grama,1,true
6401201-7,porcao,35,false
6401201-7,quilo,1000,false
6401201-7,rodela,5,false
6401201-8,colher de arroz/servir,40,false
6401201-8,concha,48,false
6401201-8,grama,1,true
6401201-8,quilo,1000,false
6401201-10,grama,1,true
6401201-10,quilo,1000,false
6401201-10,unidade pequena,46,false
6401201-11,colher de arroz/servir,40,false
6401201-11,grama,1,true
6401201-11,quilo,1000,false
6401201-11,unidade,100,false
6401201-12,colher de arroz/servir,40,false
6401201-12,garfada,25,false
6401201-12,grama,1,true
6401201-12,porcao,35,false
6401201-12,quilo,1000,false
6401201-13,colher de arroz/servir,40,false
6401201-13,colher de sopa,25,false
6401201-13,grama,1,true
6401201-13,pedaco,5,false
6401201-13,porcao,35,false
6401201-13,quilo,1000,false
6401201-15,colher de arroz/servir,40,false
6401201-15,grama,1,true
6401201-15,quilo,1000,false
6401201-15,unidade,100,false
6401201-99,colher de sopa,12,false
6401201-99,copo americano,48,false
6401201-99,copo grande,96,false
6401201-99,copo medio,96,false
6401201-99,grama,1,true
6401201-99,quilo,1000,false
6401201-99,unidade,120,false
6401301-2,grama,1,true
6401301-2,porcao,30,false
6401301-2,quilo,1000,false
6401301-7,grama,1,true
6401301-7,porcao,30,false
6401301-7,quilo,1000,false
6401601-1,grama,1,true
6401601-1,quilo,1000,false
6401801-5,grama,1,true
6401801-5,porcao,110,false
6401801-5,quilo,1000,false
6500101-99,concha,110,false
6500101-99,grama,1,true
6500101-99,prato fundo,375,false
6500101-99,prato raso,195,false
6500101-99,quilo,1000,false
6500101-99,xicara de cha,115,false
6500104-99,copo medio,230,false
6500104-99,grama,1,true
6500104-99,quilo,1000,false
6500105-99,colher de arroz/servir,55,false
6500105-99,colher de cha,13.5,false
6500105-99,colher de sobremesa,27,false
6500105-99,colher de sopa,37,false
6500105-99,copo americano,115,false
6500105-99,copo de requeijao,230,false
6500105-99,copo grande,230,false
6500105-99,copo medio,230,false
6500105-99,grama,1,true
6500105-99,porcao,195,false
6500105-99,prato fundo,375,false
6500105-99,prato raso,195,false
6500105-99,quilo,1000,false
6500105-99,xicara de cha,115,false
6500108-99,caneca,230,false
6500108-99,caneco,230,false
6500108-99,colher de arroz/servir,55,false
6500108-99,colher de sopa,37,false
6500108-99,concha,110,false
6500108-99,copo americano,115,false
6500108-99,copo grande,230,false
6500108-99,copo medio,230,false
6500108-99,cumbuca,195,false
6500108-99,grama,1,true
6500108-99,porcao,195,false
6500108-99,prato de sobremesa,105,false
6500108-99,prato fundo,375,false
6500108-99,prato raso,195,false
6500108-99,quilo,1000,false
6500108-99,tigela,195,false
6500108-99,xicara de cafe,57.5,false
6500108-99,xicara de cha,115,false
6500202-99,grama,1,true
6500202-99,quilo,1000,false
6500202-99,unidade,25,false
6500301-99,colher de arroz/servir,36,false
6500301-99,colher de cafe,2,false
6500301-99,colher de cha,4,false
6500301-99,colher de sobremesa,8,false
6500301-99,colher de sopa,18,false
6500301-99,grama,1,true
6500301-99,porcao,37.5,false
6500301-99,quilo,1000,false
6500401-99,colher de arroz/servir,30,false
6500401-99,colher de cafe,1,true
6500401-99,colher de cha,2,false
6500401-99,colher de sobremesa,7,false
6500401-99,colher de sopa,15,false
6500401-99,grama,1,false
6500401-99,porcao,37.5,false
6500401-99,quilo,1000,false
6500601-99,colher de arroz/servir,60,false
6500601-99,colher de sopa,35,false
6500601-99,concha,150,false
6500601-99,fatia,150,false
6500601-99,grama,1,true
6500601-99,pedaco,150,false
6500601-99,porcao,105,false
6500601-99,prato fundo,500,false
6500601-99,prato raso,300,false
6500601-99,quilo,1000,false
6500603-99,colher de arroz/servir,24,false
6500603-99,colher de cha,3,false
6500603-99,colher de sobremesa,6,false
6500603-99,colher de sopa,12,false
6500603-99,concha,48,false
6500603-99,grama,1,true
6500603-99,porcao,42,false
6500603-99,quilo,1000,false
6500608-99,fatia,60,false
6500608-99,grama,1,true
6500608-99,quilo,1000,false
6500609-99,colher de sopa,60,false
6500609-99,fatia,60,false
6500609-99,grama,1,true
6500609-99,quilo,1000,false
6500613-2,colher de arroz/servir,60,false
6500613-2,grama,1,true
6500613-2,quilo,1000,false
6500614-99,caneca,230,false
6500614-99,caneco,230,false
6500614-99,colher de arroz/servir,55,false
6500614-99,colher de sopa,37,false
6500614-99,concha,110,false
6500614-99,copo americano,115,false
6500614-99,copo grande,230,false
6500614-99,copo medio,230,false
6500614-99,cumbuca,195,false
6500614-99,grama,1,true
6500614-99,porcao,195,false
6500614-99,pote,195,false
6500614-99,prato de sobremesa,105,false
6500614-99,prato fundo,375,false
6500614-99,prato raso,195,false
6500614-99,quilo,1000,false
6500614-99,tigela,195,false
6500614-99,xicara de cafe,57.5,false
6500614-99,xicara de cha,115,false
6500702-99,grama,1,true
6500702-99,quilo,1000,false
6500702-99,unidade,375,false
6500705-99,colher de arroz/servir,55,false
6500705-99,colher de sopa,37,false
6500705-99,concha,110,false
6500705-99,grama,1,true
6500705-99,porcao,195,false
6500705-99,prato fundo,375,false
6500705-99,prato raso,195,false
6500705-99,quilo,1000,false
6500801-99,colher de arroz/servir,55,false
6500801-99,colher de sopa,37,false
6500801-99,grama,1,true
6500801-99,prato de sobremesa,105,false
6500801-99,prato fundo,375,false
6500801-99,prato raso,195,false
6500801-99,quilo,1000,false
6500801-99,tigela,195,false
6500802-99,grama,1,true
6500802-99,pedaco,135,false
6500802-99,quilo,1000,false
6500804-99,colher de arroz/servir,67,false
6500804-99,colher de cha,13.5,false
6500804-99,colher de sobremesa,27,false
6500804-99,colher de sopa,33,false
6500804-99,concha,110,false
6500804-99,copo medio,112,false
6500804-99,grama,1,true
6500804-99,porcao,195,false
6500804-99,prato fundo,375,false
6500804-99,quilo,1000,false
6500902-99,caneca,29.5,false
6500902-99,colher de arroz/servir,8,false
6500902-99,colher de sopa,4,false
6500902-99,concha,15,false
6500902-99,copo americano,25,false
6500902-99,copo grande,29.5,false
6500902-99,copo medio,29.5,false
6500902-99,cumbuca,30,false
6500902-99,grama,1,true
6500902-99,pacote,20,false
6500902-99,porcao,30,false
6500902-99,punhado,9,false
6500902-99,prato de sobremesa,30,false
6500902-99,prato fundo,60,false
6500902-99,prato raso,30,false
6500902-99,quilo,1000,false
6500902-99,taca,30,false
6500902-99,tigela,30,false
6500902-99,xicara de cafe,7.5,false
6500902-99,xicara de cha,30,false
6500903-99,barra,25,false
6500903-99,caneca,29.5,false
6500903-99,colher de arroz/servir,8,false
6500903-99,colher de sopa,4,false
6500903-99,copo americano,25,false
6500903-99,copo medio,29.5,false
6500903-99,cumbuca,30,false
6500903-99,grama,1,true
6500903-99,pacote,20,false
6500903-99,pires,30,false
6500903-99,porcao,30,false
6500903-99,punhado,9,false
6500903-99,prato fundo,60,false
6500903-99,prato raso,30,false
6500903-99,quilo,1000,false
6500903-99,taca,30,false
6500903-99,tigela,30,false
6500903-99,xicara de cafe,7.5,false
6500903-99,xicara de cha,30,false
6501301-99,colher de arroz/servir,20,false
6501301-99,colher de cha,2,false
6501301-99,colher de sobremesa,7,false
6501301-99,colher de sopa,10,false
6501301-99,grama,1,true
6501301-99,quilo,1000,false
6501303-99,colher de sobremesa,7,false
6501303-99,colher de sopa,9,false
6501303-99,grama,1,true
6501303-99,quilo,1000,false
6501304-99,barra,25,false
6501304-99,colher de sopa,9,false
6501304-99,grama,1,true
6501304-99,quilo,1000,false
6501401-99,caneca,171,false
6501401-99,caneco,171,false
6501401-99,colher de arroz/servir,33,false
6501401-99,colher de cafe,3,false
6501401-99,colher de cha,5,false
6501401-99,colher de sobremesa,10,false
6501401-99,colher de sopa,16,false
6501401-99,concha,110,false
6501401-99,copo americano,127,false
6501401-99,copo de cafezinho,42.3,false
6501401-99,copo de requeijao,172,false
6501401-99,copo grande,172,false
6501401-99,copo medio,172,false
6501401-99,copo tulipa,172,false
6501401-99,grama,1,true
6501401-99,porcao,40,false
6501401-99,punhado,23,false
6501401-99,pote,148,false
6501401-99,prato de sobremesa,150,false
6501401-99,prato fundo,271,false
6501401-99,prato raso,101,false
6501401-99,quilo,1000,false
6501401-99,tigela,148,false
6501401-99,xicara de cafe,42.3,false
6501401-99,xicara de cha,148,false
6501410-99,colher de arroz/servir,33,false
6501410-99,colher de sopa,16,false
6501410-99,concha,110,false
6501410-99,grama,1,true
6501410-99,porcao,40,false
6501410-99,punhado,23,false
6501410-99,quilo,1000,false
6501415-99,colher de arroz/servir,33,false
6501415-99,colher de cha,5,false
6501415-99,colher de sobremesa,10,false
6501415-99,colher de sopa,16,false
6501415-99,concha,110,false
6501415-99,copo americano,127,false
6501415-99,copo medio,172,false
6501415-99,grama,1,true
6501415-99,porcao,40,false
6501415-99,punhado,23,false
6501415-99,quilo,1000,false
6501415-99,xicara de cafe,42.3,false
6501415-99,xicara de cha,148,false
6501416-99,grama,1,true
6501416-99,quilo,1000,false
6501416-99,unidade,16,false
6501502-99,grama,1,true
6501502-99,quilo,1000,false
6501502-99,unidade,50,false
6501505-99,colher de arroz/servir,55,false
6501505-99,colher de sopa,30,false
6501505-99,copo de requeijao,230,false
6501505-99,copo medio,230,false
6501505-99,grama,1,true
6501505-99,pires,97.5,false
6501505-99,porcao,195,false
6501505-99,prato de sobremesa,105,false
6501505-99,prato raso,195,false
6501505-99,quilo,1000,false
6501505-99,taca,105,false
6501505-99,tigela,195,false
6501505-99,xicara de cha,115,false
6501510-99,colher de arroz/servir,33,false
6501510-99,colher de cha,110,false
6501510-99,colher de sopa,16,false
6501510-99,concha,110,false
6501510-99,copo americano,127,false
6501510-99,copo medio,172,false
6501510-99,grama,1,true
6501510-99,porcao,40,false
6501510-99,punhado,23,false
6501510-99,quilo,1000,false
6501510-99,tigela,148,false
6501510-99,xicara de cafe,42.3,false
6501510-99,xicara de cha,148,false
6501511-99,colher de sopa,12,false
6501511-99,concha,24,false
6501511-99,grama,1,true
6501511-99,quilo,1000,false
6501515-99,colher de sopa,30,false
6501515-99,copo americano,115,false
6501515-99,copo grande,230,false
6501515-99,copo medio,230,false
6501515-99,grama,1,true
6501515-99,porcao,195,false
6501515-99,quilo,1000,false
6501516-99,banda,25,false
6501516-99,fatia,12.5,false
6501516-99,grama,1,true
6501516-99,metade,25,false
6501516-99,pedaco,12.5,false
6501516-99,quilo,1000,false
6501516-99,unidade,50,false
6502001-99,caneca,62.5,false
6502001-99,colher de arroz/servir,40,false
6502001-99,colher de sobremesa,10,false
6502001-99,colher de sopa,20,false
6502001-99,concha,80,false
6502001-99,copo americano,31.3,false
6502001-99,copo grande,62.5,false
6502001-99,copo medio,50,false
6502001-99,grama,1,true
6502001-99,porcao,30,false
6502001-99,prato fundo,375,false
6502001-99,prato raso,195,false
6502001-99,quilo,1000,false
6502001-99,tigela,62.5,false
6502001-99,xicara de cha,41.7,false
6502101-99,colher de cha,2.5,false
6502101-99,colher de sobremesa,5,false
6502101-99,colher de sopa,8,false
6502101-99,copo americano,18,false
6502101-99,copo grande,36,false
6502101-99,copo medio,28.8,false
6502101-99,grama,1,true
6502101-99,porcao,24,false
6502101-99,prato fundo,375,false
6502101-99,prato raso,195,false
6502101-99,quilo,1000,false
6502102-99,colher de arroz/servir,8,false
6502102-99,colher de sobremesa,2,false
6502102-99,colher de sopa,4,false
6502102-99,copo americano,25,false
6502102-99,copo medio,29.5,false
6502102-99,grama,1,true
6502102-99,pacote,20,false
6502102-99,porcao,30,false
6502102-99,quilo,1000,false
6502102-99,tigela,30,false
6502102-99,xicara de cha,30,false
6502105-99,grama,1,true
6502105-99,prato raso,195,false
6502105-99,quilo,1000,false
6502403-1,grama,1,true
6502403-1,quilo,1000,false
6502403-1,unidade,105,false
6502403-2,grama,1,true
6502403-2,quilo,1000,false
6502403-2,unidade,105,false
6502403-4,fatia,52.5,false
6502403-4,grama,1,true
6502403-4,metade,52.5,false
6502403-4,pedaco,52.5,false
6502403-4,quilo,1000,false
6502403-4,unidade,105,false
6502403-5,grama,1,true
6502403-5,quilo,1000,false
6502403-5,unidade,105,false
6502403-99,banda,52.5,false
6502403-99,grama,1,true
6502403-99,quilo,1000,false
6502403-99,unidade,105,false
6502501-99,colher de sopa,10,false
6502501-99,grama,1,true
6502501-99,quilo,1000,false
6502603-99,grama,1,true
6502603-99,quilo,1000,false
6502603-99,unidade,32,false
6502603-99,unidade pequena,8,false
6503401-1,colher de arroz/servir,50,false
6503401-1,colher de sopa,25,false
6503401-1,concha,110,false
6503401-1,escumadeira,110,false
6503401-1,garfada,30,false
6503401-1,grama,1,true
6503401-1,pegador,110,false
6503401-1,porcao,105,false
6503401-1,prato fundo,400,false
6503401-1,prato raso,320,false
6503401-1,quilo,1000,false
6503401-2,colher de arroz/servir,50,false
6503401-2,colher de cha,6.3,false
6503401-2,colher de sobremesa,12.5,false
6503401-2,colher de sopa,25,false
6503401-2,concha,110,false
6503401-2,escumadeira,110,false
6503401-2,garfada,30,false
6503401-2,grama,1,true
6503401-2,pegador,110,false
6503401-2,porcao,105,false
6503401-2,prato de sobremesa,200,false
6503401-2,prato fundo,400,false
6503401-2,prato raso,320,false
6503401-2,quilo,1000,false
6503401-2,tigela,320,false
6503401-3,grama,1,true
6503401-3,pegador,110,false
6503401-3,quilo,1000,false
6503401-4,colher de arroz/servir,50,false
6503401-4,grama,1,true
6503401-4,pegador,110,false
6503401-4,porcao,105,false
6503401-4,quilo,1000,false
6503401-5,colher de arroz/servir,50,false
6503401-5,colher de sopa,25,false
6503401-5,concha,110,false
6503401-5,escumadeira,110,false
6503401-5,garfada,30,false
6503401-5,grama,1,true
6503401-5,pegador,110,false
6503401-5,porcao,105,false
6503401-5,quilo,1000,false
6503401-5,tigela,320,false
6503401-6,grama,1,true
6503401-6,porcao,105,false
6503401-6,prato raso,320,false
6503401-6,quilo,1000,false
6503401-7,colher de arroz/servir,50,false
6503401-7,colher de cha,6.3,false
6503401-7,colher de sopa,25,false
6503401-7,concha,110,false
6503401-7,escumadeira,110,false
6503401-7,garfada,30,false
6503401-7,grama,1,true
6503401-7,pegador,110,false
6503401-7,porcao,105,false
6503401-7,prato de sobremesa,200,false
6503401-7,prato fundo,400,false
6503401-7,prato raso,320,false
6503401-7,quilo,1000,false
6503401-8,colher de arroz/servir,50,false
6503401-8,colher de cha,6.3,false
6503401-8,colher de sobremesa,12.5,false
6503401-8,colher de sopa,25,false
6503401-8,concha,110,false
6503401-8,escumadeira,110,false
6503401-8,garfada,30,false
6503401-8,grama,1,true
6503401-8,pegador,110,false
6503401-8,porcao,105,false
6503401-8,prato de sobremesa,200,false
6503401-8,prato fundo,400,false
6503401-8,prato raso,320,false
6503401-8,quilo,1000,false
6503401-9,colher de arroz/servir,50,false
6503401-9,colher de sobremesa,12.5,false
6503401-9,colher de sopa,25,false
6503401-9,concha,110,false
6503401-9,escumadeira,110,false
6503401-9,garfada,30,false
6503401-9,grama,1,true
6503401-9,pegador,110,false
6503401-9,porcao,105,false
6503401-9,prato de sobremesa,200,false
6503401-9,prato fundo,400,false
6503401-9,prato raso,320,false
6503401-9,quilo,1000,false
6503401-10,colher de arroz/servir,50,false
6503401-10,colher de sobremesa,12.5,false
6503401-10,colher de sopa,25,false
6503401-10,concha,110,false
6503401-10,escumadeira,110,false
6503401-10,garfada,30,false
6503401-10,grama,1,true
6503401-10,pegador,110,false
6503401-10,porcao,105,false
6503401-10,prato fundo,400,false
6503401-10,prato raso,320,false
6503401-10,quilo,1000,false
6503401-11,colher de arroz/servir,50,false
6503401-11,colher de sopa,25,false
6503401-11,concha,110,false
6503401-11,escumadeira,110,false
6503401-11,garfada,30,false
6503401-11,grama,1,true
6503401-11,pegador,110,false
6503401-11,porcao,105,false
6503401-11,prato de sobremesa,200,false
6503401-11,prato fundo,400,false
6503401-11,prato raso,320,false
6503401-11,quilo,1000,false
6503401-12,colher de arroz/servir,50,false
6503401-12,grama,1,true
6503401-12,pegador,110,false
6503401-12,quilo,1000,false
6503401-13,colher de arroz/servir,50,false
6503401-13,colher de sopa,25,false
6503401-13,concha,110,false
6503401-13,escumadeira,110,false
6503401-13,grama,1,true
6503401-13,pegador,110,false
6503401-13,porcao,105,false
6503401-13,prato fundo,400,false
6503401-13,prato raso,320,false
6503401-13,quilo,1000,false
6503401-15,colher de arroz/servir,40,false
6503401-15,colher de sopa,20,false
6503401-15,concha,160,false
6503401-15,cumbuca,300,false
6503401-15,grama,1,true
6503401-15,prato fundo,520,false
6503401-15,prato raso,325,false
6503401-15,quilo,1000,false
6503401-99,colher de arroz/servir,50,false
6503401-99,colher de sopa,25,false
6503401-99,concha,110,false
6503401-99,escumadeira,110,false
6503401-99,garfada,30,false
6503401-99,grama,1,true
6503401-99,pegador,110,false
6503401-99,porcao,105,false
6503401-99,prato fundo,400,false
6503401-99,prato raso,320,false
6503401-99,quilo,1000,false
6503501-99,colher de arroz/servir,80,false
6503501-99,colher de cafe,5.6,false
6503501-99,colher de cha,11.3,false
6503501-99,colher de sobremesa,22.5,false
6503501-99,colher de sopa,45,false
6503501-99,concha,140,false
6503501-99,escumadeira,80,false
6503501-99,grama,1,true
6503501-99,pires,70,false
6503501-99,porcao,130,false
6503501-99,prato fundo,280,false
6503501-99,prato raso,140,false
6503501-99,quilo,1000,false
6503501-99,tigela,140,false
6503501-99,xicara de cha,140,false
6503601-99,bife,80,false
6503601-99,fatia,80,false
6503601-99,grama,1,true
6503601-99,pedaco,40,false
6503601-99,quilo,1000,false
6503601-99,unidade,80,false
6503603-5,grama,1,true
6503603-5,quilo,1000,false
6503603-5,unidade,80,false
6503604-99,grama,1,true
6503604-99,ponta de faca,5,false
6503604-99,quilo,1000,false
6503605-99,bife,80,false
6503605-99,colher de arroz/servir,48,false
6503605-99,colher de cha,6,false
6503605-99,colher de sopa,24,false
6503605-99,concha,48,false
6503605-99,grama,1,true
6503605-99,pedaco,40,false
6503605-99,pegador,24,false
6503605-99,quilo,1000,false
6503605-99,unidade,80,false
6503702-99,grama,1,true
6503702-99,pacote,50,false
6503702-99,porcao,9,false
6503702-99,quilo,1000,false
6504101-99,colher de arroz/servir,20,false
6504101-99,colher de cha,2.5,false
6504101-99,colher de sobremesa,5,false
6504101-99,colher de sopa,10,false
6504101-99,copo americano,80,false
6504101-99,copo medio,160,false
6504101-99,cumbuca,80,false
6504101-99,grama,1,true
6504101-99,pires,40,false
6504101-99,porcao,40,false
6504101-99,prato fundo,160,false
6504101-99,prato raso,80,false
6504101-99,quilo,1000,false
6504101-99,tigela,80,false
6504101-99,xicara de cafe,20,false
6504101-99,xicara de cha,80,false
6504601-99,colher de sopa,10,false
6504601-99,grama,1,true
6504601-99,quilo,1000,false
6504701-99,colher de arroz/servir,20,false
6504701-99,colher de cha,2.5,false
6504701-99,colher de sopa,10,false
6504701-99,grama,1,true
6504701-99,porcao,40,false
6504701-99,quilo,1000,false
6504801-99,colher de arroz/servir,50,false
6504801-99,colher de sopa,25,false
6504801-99,concha,110,false
6504801-99,garfada,30,false
6504801-99,grama,1,true
6504801-99,metade,160,false
6504801-99,pacote,320,false
6504801-99,pegador,110,false
6504801-99,porcao,105,false
6504801-99,prato fundo,400,false
6504801-99,prato raso,320,false
6504801-99,quilo,1000,false
6504801-99,tigela,320,false
6504801-99,unidade,320,false
6504802-99,colher de arroz/servir,50,false
6504802-99,colher de sopa,25,false
6504802-99,concha,110,false
6504802-99,escumadeira,110,false
6504802-99,garfada,30,false
6504802-99,grama,1,true
6504802-99,pacote,320,false
6504802-99,pegador,110,false
6504802-99,porcao,105,false
6504802-99,pote,320,false
6504802-99,prato fundo,400,false
6504802-99,prato raso,320,false
6504802-99,quilo,1000,false
6504802-99,tigela,320,false
6504802-99,unidade,320,false
6505101-99,colher de arroz/servir,30,false
6505101-99,colher de cha,4,false
6505101-99,colher de sobremesa,11,false
6505101-99,colher de sopa,15,false
6505101-99,copo grande,67.5,false
6505101-99,copo medio,54,false
6505101-99,grama,1,true
6505101-99,prato fundo,67.5,false
6505101-99,prato raso,67.5,false
6505101-99,quilo,1000,false
6505601-99,colher de arroz/servir,48,false
6505601-99,colher de sobremesa,12,false
6505601-99,colher de sopa,24,false
6505601-99,concha,48,false
6505601-99,grama,1,true
6505601-99,quilo,1000,false
6505603-99,colher de sopa,24,false
6505603-99,grama,1,true
6505603-99,quilo,1000,false
6505701-99,colher de cha,4,false
6505701-99,colher de sopa,15,false
6505701-99,copo grande,67.5,false
6505701-99,copo medio,54,false
6505701-99,grama,1,true
6505701-99,quilo,1000,false
6505902-99,colher de sopa,4,false
6505902-99,grama,1,true
6505902-99,quilo,1000,false
6506003-4,grama,1,true
6506003-4,pedaco,52.5,false
6506003-4,quilo,1000,false
6506302-15,concha,160,false
6506302-15,grama,1,true
6506302-15,quilo,1000,false
6506302-99,grama,1,true
6506302-99,prato fundo,400,false
6506302-99,quilo,1000,false
6506401-99,colher de sopa,24,false
6506401-99,grama,1,true
6506401-99,quilo,1000,false
6573225-99,colher de arroz/servir,50,false
6573225-99,colher de sopa,25,false
6573225-99,concha,110,false
6573225-99,escumadeira,110,false
6573225-99,garfada,30,false
6573225-99,grama,1,true
6573225-99,pegador,110,false
6573225-99,prato fundo,400,false
6573225-99,prato raso,320,false
6573225-99,quilo,1000,false
6573226-99,colher de arroz/servir,50,false
6573226-99,concha,110,false
6573226-99,grama,1,true
6573226-99,pegador,110,false
6573226-99,prato fundo,400,false
6573226-99,prato raso,320,false
6573226-99,quilo,1000,false
6600101-99,banda,20,false
6600101-99,grama,1,true
6600101-99,pedaco,40,false
6600101-99,quilo,1000,false
6600101-99,unidade,40,false
6600301-99,grama,1,true
6600301-99,quilo,1000,false
6600301-99,unidade,4,false
6600401-99,grama,1,true
6600401-99,quilo,1000,false
6600401-99,unidade,4,false
6600501-99,grama,1,true
6600501-99,quilo,1000,false
6600501-99,unidade,1,false
6600601-99,colher de sobremesa,25,false
6600601-99,grama,1,true
6600601-99,quilo,1000,false
6600701-99,grama,1,true
6600701-99,porcao,8,false
6600701-99,punhado,40,false
6600701-99,quilo,1000,false
6600701-99,unidade,4,false
6600801-99,concha,40,false
6600801-99,copo americano,40,false
6600801-99,grama,1,true
6600801-99,pacote,40,false
6600801-99,porcao,10,false
6600801-99,punhado,40,false
6600801-99,quilo,1000,false
6600801-99,saco,40,false
6600801-99,unidade,2.5,false
6600912-99,grama,1,true
6600912-99,quilo,1000,false
6600912-99,unidade,40,false
6601108-99,grama,1,true
6601108-99,quilo,1000,false
6601108-99,unidade,11.7,false
6601208-99,grama,1,true
6601208-99,quilo,1000,false
6601208-99,unidade,40,false
6601501-99,grama,1,true
6601501-99,porcao,25,false
6601501-99,punhado,40,false
6601501-99,quilo,1000,false
6601501-99,unidade,5,false
6601706-99,caneca,326,false
6601706-99,caneco,326,false
6601706-99,concha,101,false
6601706-99,copo americano,187,false
6601706-99,copo grande,326,false
6601706-99,copo medio,273,false
6601706-99,copo tulipa,202,false
6601706-99,cumbuca,202,false
6601706-99,grama,1,true
6601706-99,litro,1000,false
6601706-99,mililitro,1,false
6601706-99,pires,101,false
6601706-99,porcao,202,false
6601706-99,pote,202,false
6601706-99,prato de sobremesa,101,false
6601706-99,prato fundo,326,false
6601706-99,prato raso,273,false
6601706-99,quilo,1000,false
6601706-99,taca,202,false
6601706-99,tigela,202,false
6601706-99,xicara de cha,187,false
6601707-99,copo grande,125,false
6601707-99,grama,1,true
6601707-99,quilo,1000,false
6601709-99,copo medio,100,false
6601709-99,grama,1,true
6601709-99,quilo,1000,false
6601712-99,caneca,125,false
6601712-99,copo medio,273,false
6601712-99,grama,1,true
6601712-99,quilo,1000,false
6601712-99,tigela,202,false
6601712-99,xicara de cha,187,false
6601805-99,grama,1,true
6601805-99,porcao,45,false
6601805-99,quilo,1000,false
6601805-99,unidade,22.5,false
6601805-99,unidade pequena,16.9,false
6601902-99,copo de requeijao,100,false
6601902-99,copo grande,125,false
6601902-99,copo medio,100,false
6601902-99,grama,1,true
6601902-99,quilo,1000,false
6601904-99,copo medio,100,false
6601904-99,grama,1,true
6601904-99,porcao,75,false
6601904-99,quilo,1000,false
6602001-99,grama,1,true
6602001-99,quilo,1000,false
6602001-99,unidade,4,false
6602201-99,grama,1,true
6602201-99,quilo,1000,false
6602301-99,caneco,125,false
6602301-99,copo americano,62.5,false
6602301-99,copo grande,125,false
6602301-99,copo medio,100,false
6602301-99,grama,1,true
6602301-99,porcao,90,false
6602301-99,quilo,1000,false
6602301-99,unidade,3.3,false
6602401-99,grama,1,true
6602401-99,pacote,100,false
6602401-99,pedaco,40,false
6602401-99,quilo,1000,false
6602401-99,unidade,40,false
6602601-99,copo medio,100,false
6602601-99,grama,1,true
6602601-99,quilo,1000,false
6700101-99,colher de arroz/servir,16,false
6700101-99,colher de cha,2,false
6700101-99,colher de sobremesa,4,false
6700101-99,colher de sopa,8,false
6700101-99,concha,32,false
6700101-99,escumadeira,16,false
6700101-99,folha,10,false
6700101-99,garfada,8,false
6700101-99,grama,1,true
6700101-99,maco,200,false
6700101-99,metade,100,false
6700101-99,pegador,8,false
6700101-99,pires,20,false
6700101-99,porcao,27,false
6700101-99,prato de sobremesa,30,false
6700101-99,prato fundo,60,false
6700101-99,prato raso,50,false
6700101-99,quilo,1000,false
6700101-99,tigela,20,false
6700101-99,unidade,200,false
6700101-99,unidade pequena,130,false
6700201-7,grama,1,true
6700201-7,porcao,42,false
6700201-7,quilo,1000,false
6700301-1,colher de sopa,45,false
6700301-1,concha,136,false
6700301-1,escumadeira,136,false
6700301-1,folha,12,false
6700301-1,grama,1,true
6700301-1,pegador,45,false
6700301-1,porcao,42,false
6700301-1,prato raso,24,false
6700301-1,quilo,1000,false
6700301-2,colher de arroz/servir,94,false
6700301-2,colher de sopa,45,false
6700301-2,grama,1,true
6700301-2,porcao,42,false
6700301-2,quilo,1000,false
6700301-7,colher de arroz/servir,94,false
6700301-7,folha,12,false
6700301-7,grama,1,true
6700301-7,pegador,45,false
6700301-7,pires,20,false
6700301-7,porcao,42,false
6700301-7,quilo,1000,false
6700301-12,grama,1,true
6700301-12,porcao,42,false
6700301-12,quilo,1000,false
6700304-99,colher de sopa,45,false
6700304-99,folha,12,false
6700304-99,garfada,13,false
6700304-99,grama,1,true
6700304-99,pegador,13,false
6700304-99,porcao,27,false
6700304-99,quilo,1000,false
6700501-1,colher de arroz/servir,42,false
6700501-1,colher de cha,5,false
6700501-1,colher de sopa,20,false
6700501-1,concha,84,false
6700501-1,escumadeira,42,false
6700501-1,folha,20,false
6700501-1,garfada,20,false
6700501-1,grama,1,true
6700501-1,pegador,20,false
6700501-1,porcao,42,false
6700501-1,prato de sobremesa,120,false
6700501-1,prato raso,120,false
6700501-1,quilo,1000,false
6700501-1,tigela,84,false
6700501-2,colher de arroz/servir,42,false
6700501-2,colher de sobremesa,10,false
6700501-2,colher de sopa,20,false
6700501-2,concha,84,false
6700501-2,escumadeira,42,false
6700501-2,folha,25,false
6700501-2,garfada,20,false
6700501-2,grama,1,true
6700501-2,pegador,20,false
6700501-2,porcao,42,false
6700501-2,prato de sobremesa,120,false
6700501-2,quilo,1000,false
6700501-5,colher de arroz/servir,42,false
6700501-5,colher de sopa,20,false
6700501-5,grama,1,true
6700501-5,porcao,42,false
6700501-5,quilo,1000,false
6700501-7,colher de arroz/servir,42,false
6700501-7,colher de cha,5,false
6700501-7,colher de sobremesa,10,false
6700501-7,colher de sopa,20,false
6700501-7,concha,84,false
6700501-7,escumadeira,42,false
6700501-7,folha,25,false
6700501-7,garfada,20,false
6700501-7,grama,1,true
6700501-7,pegador,20,false
6700501-7,porcao,42,false
6700501-7,prato fundo,120,false
6700501-7,quilo,1000,false
6700501-7,xicara de cha,84,false
6700501-8,grama,1,true
6700501-8,porcao,42,false
6700501-8,quilo,1000,false
6700501-10,colher de sopa,20,false
6700501-10,grama,1,true
6700501-10,pegador,20,false
6700501-10,porcao,42,false
6700501-10,quilo,1000,false
6700501-11,colher de arroz/servir,42,false
6700501-11,grama,1,true
6700501-11,pegador,20,false
6700501-11,porcao,42,false
6700501-11,quilo,1000,false
6700501-12,folha,25,false
6700501-12,grama,1,true
6700501-12,porcao,42,false
6700501-12,quilo,1000,false
6700501-13,colher de arroz/servir,42,false
6700501-13,colher de sopa,20,false
6700501-13,grama,1,true
6700501-13,quilo,1000,false
6700501-14,concha,84,false
6700501-14,grama,1,true
6700501-14,quilo,1000,false
6700501-99,folha,25,false
6700501-99,grama,1,true
6700501-99,porcao,42,false
6700501-99,quilo,1000,false
6700601-1,colher de arroz/servir,50,false
6700601-1,colher de sopa,25,false
6700601-1,escumadeira,50,false
6700601-1,grama,1,true
6700601-1,pedaco,60,false
6700601-1,pegador,25,false
6700601-1,porcao,69,false
6700601-1,quilo,1000,false
6700601-1,ramo,60,false
6700601-1,unidade,60,false
6700601-2,colher de arroz/servir,50,false
6700601-2,colher de sobremesa,12.5,false
6700601-2,colher de sopa,25,false
6700601-2,concha,100,false
6700601-2,escumadeira,50,false
6700601-2,grama,1,true
6700601-2,pedaco,60,false
6700601-2,pegador,25,false
6700601-2,pires,50,false
6700601-2,porcao,69,false
6700601-2,prato de sobremesa,100,false
6700601-2,quilo,1000,false
6700601-2,ramo,60,false
6700601-2,unidade,60,false
6700601-2,unidade pequena,30,false
6700601-5,grama,1,true
6700601-5,porcao,69,false
6700601-5,quilo,1000,false
6700601-6,colher de arroz/servir,50,false
6700601-6,grama,1,true
6700601-6,pedaco,90,false
6700601-6,porcao,69,false
6700601-6,quilo,1000,false
6700601-7,colher de sopa,25,false
6700601-7,escumadeira,50,false
6700601-7,grama,1,true
6700601-7,pedaco,60,false
6700601-7,porcao,69,false
6700601-7,quilo,1000,false
6700601-7,ramo,60,false
6700601-12,grama,1,true
6700601-12,quilo,1000,false
6700601-12,ramo,60,false
6700601-99,colher de sopa,25,false
6700601-99,grama,1,true
6700601-99,porcao,69,false
6700601-99,quilo,1000,false
6700701-1,colher de sopa,25,false
6700701-1,grama,1,true
6700701-1,pegador,25,false
6700701-1,porcao,67,false
6700701-1,quilo,1000,false
6700701-2,colher de arroz/servir,50,false
6700701-2,colher de sopa,25,false
6700701-2,grama,1,true
6700701-2,porcao,67,false
6700701-2,quilo,1000,false
6700701-7,colher de sobremesa,12.5,false
6700701-7,colher de sopa,25,false
6700701-7,escumadeira,50,false
6700701-7,grama,1,true
6700701-7,porcao,67,false
6700701-7,quilo,1000,false
6700701-12,grama,1,true
6700701-12,porcao,67,false
6700701-12,quilo,1000,false
6700701-99,grama,1,true
6700701-99,porcao,67,false
6700701-99,quilo,1000,false
6700801-1,colher de sopa,45,false
6700801-1,folha,10,false
6700801-1,grama,1,true
6700801-1,quilo,1000,false
6700801-2,colher de arroz/servir,75,false
6700801-2,colher de sopa,45,false
6700801-2,grama,1,true
6700801-2,quilo,1000,false
6700801-7,colher de arroz/servir,75,false
6700801-7,colher de cha,11.3,false
6700801-7,colher de sopa,45,false
6700801-7,folha,10,false
6700801-7,grama,1,true
6700801-7,porcao,42,false
6700801-7,quilo,1000,false
6700801-99,colher de sobremesa,12.5,false
6700801-99,grama,1,true
6700801-99,porcao,42,false
6700801-99,quilo,1000,false
6700901-1,colher de arroz/servir,25,false
6700901-1,colher de cha,2.5,false
6700901-1,colher de sobremesa,5,false
6700901-1,colher de sopa,10,false
6700901-1,concha,50,false
6700901-1,cumbuca,100,false
6700901-1,escumadeira,25,false
6700901-1,folha,26,false
6700901-1,garfada,10,false
6700901-1,grama,1,true
6700901-1,pegador,10,false
6700901-1,pires,100,false
6700901-1,porcao,60,false
6700901-1,prato fundo,200,false
6700901-1,prato raso,150,false
6700901-1,quilo,1000,false
6700901-1,taca,100,false
6700901-1,tigela,100,false
6700901-2,colher de arroz/servir,45,false
6700901-2,colher de sobremesa,5,false
6700901-2,colher de sopa,20,false
6700901-2,concha,50,false
6700901-2,escumadeira,45,false
6700901-2,folha,26,false
6700901-2,garfada,10,false
6700901-2,grama,1,true
6700901-2,pegador,20,false
6700901-2,porcao,75,false
6700901-2,quilo,1000,false
6700901-5,colher de arroz/servir,45,false
6700901-5,colher de sopa,20,false
6700901-5,grama,1,true
6700901-5,quilo,1000,false
6700901-7,colher de arroz/servir,45,false
6700901-7,colher de cha,2.5,false
6700901-7,colher de sobremesa,5,false
6700901-7,colher de sopa,20,false
6700901-7,concha,50,false
6700901-7,escumadeira,45,false
6700901-7,grama,1,true
6700901-7,pegador,18,false
6700901-7,porcao,75,false
6700901-7,prato de sobremesa,150,false
6700901-7,prato raso,150,false
6700901-7,quilo,1000,false
6700901-9,colher de sopa,20,false
6700901-9,grama,1,true
6700901-9,quilo,1000,false
6700901-10,colher de arroz/servir,45,false
6700901-10,grama,1,true
6700901-10,quilo,1000,false
6700901-12,colher de arroz/servir,45,false
6700901-12,colher de sopa,20,false
6700901-12,escumadeira,45,false
6700901-12,garfada,10,false
6700901-12,grama,1,true
6700901-12,pegador,18,false
6700901-12,porcao,75,false
6700901-12,quilo,1000,false
6700901-13,colher de arroz/servir,45,false
6700901-13,colher de sopa,20,false
6700901-13,grama,1,true
6700901-13,porcao,75,false
6700901-13,quilo,1000,false
6700901-15,colher de sopa,20,false
6700901-15,concha,130,false
6700901-15,grama,1,true
6700901-15,quilo,1000,false
6700901-99,colher de arroz/servir,45,false
6700901-99,colher de sopa,20,false
6700901-99,grama,1,true
6700901-99,prato raso,150,false
6700901-99,quilo,1000,false
6701101-99,colher de sopa,2.3,false
6701101-99,grama,1,true
6701101-99,quilo,1000,false
6701101-99,ramo,6.2,false
6701301-1,colher de arroz/servir,50,false
6701301-1,colher de sopa,7,false
6701301-1,folha,5,false
6701301-1,garfada,30,false
6701301-1,grama,1,true
6701301-1,maco,5,false
6701301-1,pegador,7,false
6701301-1,pires,10,false
6701301-1,porcao,37.5,false
6701301-1,prato fundo,80,false
6701301-1,prato raso,80,false
6701301-1,quilo,1000,false
6701301-1,ramo,5,false
6701301-2,colher de arroz/servir,50,false
6701301-2,grama,1,true
6701301-2,porcao,37.5,false
6701301-2,quilo,1000,false
6701301-2,ramo,5,false
6701301-12,grama,1,true
6701301-12,porcao,37.5,false
6701301-12,quilo,1000,false
6701301-13,colher de arroz/servir,50,false
6701301-13,escumadeira,75,false
6701301-13,grama,1,true
6701301-13,quilo,1000,false
6701301-99,folha,5,false
6701301-99,grama,1,true
6701301-99,quilo,1000,false
6701401-1,colher de arroz/servir,46.6,false
6701401-1,grama,1,true
6701401-1,porcao,42,false
6701401-1,quilo,1000,false
6701401-2,colher de sopa,20,false
6701401-2,grama,1,true
6701401-2,pegador,23.3,false
6701401-2,porcao,42,false
6701401-2,quilo,1000,false
6701401-7,colher de arroz/servir,46.6,false
6701401-7,colher de sopa,20,false
6701401-7,escumadeira,46.6,false
6701401-7,garfada,23.3,false
6701401-7,grama,1,true
6701401-7,porcao,42,false
6701401-7,quilo,1000,false
6701501-1,colher de arroz/servir,10,false
6701501-1,colher de sopa,6,false
6701501-1,folha,10,false
6701501-1,garfada,6,false
6701501-1,grama,1,true
6701501-1,pegador,6,false
6701501-1,pires,60,false
6701501-1,porcao,60,false
6701501-1,prato fundo,60,false
6701501-1,quilo,1000,false
6701501-2,colher de arroz/servir,10,false
6701501-2,colher de sopa,6,false
6701501-2,grama,1,true
6701501-2,pegador,6,false
6701501-2,quilo,1000,false
6701501-7,colher de sopa,6,false
6701501-7,grama,1,true
6701501-7,porcao,85,false
6701501-7,quilo,1000,false
6701501-99,colher de arroz/servir,10,false
6701501-99,grama,1,true
6701501-99,quilo,1000,false
6701505-2,colher de sopa,6,false
6701505-2,grama,1,true
6701505-2,quilo,1000,false
6701601-1,colher de arroz/servir,50,false
6701601-1,colher de sopa,25,false
6701601-1,folha,12,false
6701601-1,garfada,25,false
6701601-1,grama,1,true
6701601-1,pegador,25,false
6701601-1,pires,24,false
6701601-1,porcao,27,false
6701601-1,prato fundo,48,false
6701601-1,prato raso,24,false
6701601-1,quilo,1000,false
6701601-2,colher de arroz/servir,50,false
6701601-2,colher de sobremesa,12.5,false
6701601-2,colher de sopa,25,false
6701601-2,grama,1,true
6701601-2,pegador,25,false
6701601-2,porcao,27,false
6701601-2,prato de sobremesa,24,false
6701601-2,quilo,1000,false
6701601-7,colher de arroz/servir,50,false
6701601-7,colher de sopa,25,false
6701601-7,grama,1,true
6701601-7,pires,24,false
6701601-7,porcao,27,false
6701601-7,quilo,1000,false
6701601-12,colher de sopa,25,false
6701601-12,grama,1,true
6701601-12,pegador,25,false
6701601-12,porcao,27,false
6701601-12,quilo,1000,false
6701602-1,folha,12,false
6701602-1,grama,1,true
6701602-1,porcao,42,false
6701602-1,prato raso,24,false
6701602-1,quilo,1000,false
6701602-7,colher de arroz/servir,94,false
6701602-7,colher de sopa,45,false
6701602-7,grama,1,true
6701602-7,quilo,1000,false
6701602-12,grama,1,true
6701602-12,porcao,42,false
6701602-12,quilo,1000,false
6701704-1,colher de arroz/servir,20,false
6701704-1,colher de sobremesa,5,false
6701704-1,grama,1,true
6701704-1,pegador,10,false
6701704-1,porcao,60,false
6701704-1,quilo,1000,false
6701704-2,colher de arroz/servir,20,false
6701704-2,colher de sobremesa,5,false
6701704-2,colher de sopa,10,false
6701704-2,concha,40,false
6701704-2,escumadeira,20,false
6701704-2,garfada,10,false
6701704-2,grama,1,true
6701704-2,pegador,10,false
6701704-2,pires,75,false
6701704-2,porcao,60,false
6701704-2,quilo,1000,false
6701704-2,ramo,60,false
6701704-2,unidade,60,false
6701704-6,colher de sopa,10,false
6701704-6,grama,1,true
6701704-6,quilo,1000,false
6701704-6,unidade,90,false
6701704-7,colher de arroz/servir,20,false
6701704-7,colher de sopa,10,false
6701704-7,escumadeira,20,false
6701704-7,grama,1,true
6701704-7,pegador,10,false
6701704-7,porcao,60,false
6701704-7,quilo,1000,false
6701704-7,ramo,60,false
6701704-7,unidade,60,false
6701704-10,colher de arroz/servir,20,false
6701704-10,colher de sopa,10,false
6701704-10,grama,1,true
6701704-10,quilo,1000,false
6701704-12,grama,1,true
6701704-12,quilo,1000,false
6701704-12,ramo,60,false
6701704-99,colher de arroz/servir,20,false
6701704-99,grama,1,true
6701704-99,quilo,1000,false
6701801-1,colher de sopa,25,false
6701801-1,grama,1,true
6701801-1,porcao,67,false
6701801-1,quilo,1000,false
6701801-2,colher de sopa,25,false
6701801-2,grama,1,true
6701801-2,quilo,1000,false
6701801-7,colher de sopa,25,false
6701801-7,grama,1,true
6701801-7,porcao,67,false
6701801-7,quilo,1000,false
6701901-2,colher de arroz/servir,42,false
6701901-2,colher de sopa,20,false
6701901-2,concha,84,false
6701901-2,grama,1,true
6701901-2,quilo,1000,false
6701906-99,colher de arroz/servir,42,false
6701906-99,colher de cha,5,false
6701906-99,colher de sopa,20,false
6701906-99,grama,1,true
6701906-99,porcao,42,false
6701906-99,quilo,1000,false
6701907-99,colher de arroz/servir,42,false
6701907-99,colher de cha,5,false
6701907-99,colher de sobremesa,10,false
6701907-99,colher de sopa,20,false
6701907-99,concha,84,false
6701907-99,grama,1,true
6701907-99,porcao,42,false
6701907-99,quilo,1000,false
6701913-99,colher de arroz/servir,42,false
6701913-99,colher de sopa,20,false
6701913-99,grama,1,true
6701913-99,quilo,1000,false
6702001-99,colher de arroz/servir,16,false
6702001-99,colher de sopa,8,false
6702001-99,escumadeira,16,false
6702001-99,folha,6,false
6702001-99,garfada,8,false
6702001-99,grama,1,true
6702001-99,pegador,8,false
6702001-99,pires,20,false
6702001-99,porcao,27,false
6702001-99,prato de sobremesa,30,false
6702001-99,prato fundo,60,false
6702001-99,prato raso,80,false
6702001-99,quilo,1000,false
6702001-99,ramo,6,false
6702001-99,tigela,30,false
6702105-99,garfada,20,false
6702105-99,grama,1,true
6702105-99,pegador,20,false
6702105-99,quilo,1000,false
6702201-1,colher de sopa,20,false
6702201-1,grama,1,true
6702201-1,quilo,1000,false
6702301-99,grama,1,true
6702301-99,quilo,1000,false
6702301-99,unidade,140,false
6702501-99,grama,1,true
6702501-99,porcao,42,false
6702501-99,quilo,1000,false
6702604-7,colher de sopa,14.3,false
6702604-7,grama,1,true
6702604-7,quilo,1000,false
6702801-99,grama,1,true
6702801-99,quilo,1000,false
6702801-99,ramo,28.6,false
6703003-1,grama,1,true
6703003-1,porcao,40,false
6703003-1,quilo,1000,false
6703004-2,colher de arroz/servir,42,false
6703004-2,grama,1,true
6703004-2,quilo,1000,false
6703101-1,grama,1,true
6703101-1,pegador,27,false
6703101-1,quilo,1000,false
6703101-2,colher de arroz/servir,54,false
6703101-2,concha,128,false
6703101-2,grama,1,true
6703101-2,quilo,1000,false
6703306-2,colher de arroz/servir,72,false
6703306-2,colher de sopa,36,false
6703306-2,concha,100,false
6703306-2,grama,1,true
6703306-2,pedaco,50,false
6703306-2,porcao,70,false
6703306-2,quilo,1000,false
6703306-7,colher de arroz/servir,60,false
6703306-7,colher de sopa,30,false
6703306-7,fatia,50,false
6703306-7,grama,1,true
6703306-7,pires,105,false
6703306-7,porcao,70,false
6703306-7,quilo,1000,false
6703306-13,colher de arroz/servir,72,false
6703306-13,colher de sopa,36,false
6703306-13,grama,1,true
6703306-13,porcao,70,false
6703306-13,quilo,1000,false
6703306-99,grama,1,true
6703306-99,pedaco,50,false
6703306-99,quilo,1000,false
6703701-1,colher de arroz/servir,70,false
6703701-1,colher de cha,7.5,false
6703701-1,colher de sopa,30,false
6703701-1,escumadeira,90,false
6703701-1,grama,1,true
6703701-1,porcao,57,false
6703701-1,quilo,1000,false
6703701-2,colher de arroz/servir,70,false
6703701-2,colher de sobremesa,15,false
6703701-2,colher de sopa,30,false
6703701-2,concha,90,false
6703701-2,escumadeira,90,false
6703701-2,fatia,61,false
6703701-2,grama,1,true
6703701-2,pedaco,17,false
6703701-2,pegador,30,false
6703701-2,porcao,57,false
6703701-2,quilo,1000,false
6703701-2,rodela,18,false
6703701-2,unidade,335,false
6703701-3,grama,1,true
6703701-3,porcao,57,false
6703701-3,quilo,1000,false
6703701-3,rodela,18,false
6703701-3,unidade,335,false
6703701-4,grama,1,true
6703701-4,porcao,57,false
6703701-4,quilo,1000,false
6703701-5,colher de arroz/servir,70,false
6703701-5,colher de sopa,30,false
6703701-5,grama,1,true
6703701-5,porcao,57,false
6703701-5,quilo,1000,false
6703701-5,rodela,18,false
6703701-6,concha,90,false
6703701-6,fatia,61,false
6703701-6,grama,1,true
6703701-6,porcao,57,false
6703701-6,quilo,1000,false
6703701-7,colher de arroz/servir,70,false
6703701-7,colher de cha,7.5,false
6703701-7,colher de sobremesa,15,false
6703701-7,colher de sopa,30,false
6703701-7,concha,90,false
6703701-7,escumadeira,90,false
6703701-7,grama,1,true
6703701-7,pedaco,17,false
6703701-7,pegador,30,false
6703701-7,porcao,57,false
6703701-7,quilo,1000,false
6703701-7,rodela,18,false
6703701-7,unidade,335,false
6703701-13,colher de arroz/servir,70,false
6703701-13,colher de sopa,30,false
6703701-13,grama,1,true
6703701-13,porcao,57,false
6703701-13,quilo,1000,false
6703805-1,grama,1,true
6703805-1,pedaco,50,false
6703805-1,quilo,1000,false
6703805-2,colher de arroz/servir,72,false
6703805-2,fatia,50,false
6703805-2,grama,1,true
6703805-2,pedaco,50,false
6703805-2,porcao,70,false
6703805-2,quilo,1000,false
6703901-1,colher de arroz/servir,72,false
6703901-1,colher de sopa,36,false
6703901-1,concha,100,false
6703901-1,grama,1,true
6703901-1,pedaco,50,false
6703901-1,porcao,70,false
6703901-1,quilo,1000,false
6703901-2,colher de arroz/servir,72,false
6703901-2,colher de cha,9,false
6703901-2,colher de sobremesa,18,false
6703901-2,colher de sopa,36,false
6703901-2,concha,100,false
6703901-2,escumadeira,100,false
6703901-2,fatia,50,false
6703901-2,grama,1,true
6703901-2,pedaco,50,false
6703901-2,pegador,36,false
6703901-2,porcao,70,false
6703901-2,prato fundo,280,false
6703901-2,prato raso,140,false
6703901-2,quilo,1000,false
6703901-2,rodela,30,false
6703901-2,tigela,100,false
6703901-4,grama,1,true
6703901-4,pedaco,50,false
6703901-4,quilo,1000,false
6703901-5,colher de sopa,36,false
6703901-5,grama,1,true
6703901-5,pedaco,50,false
6703901-5,porcao,70,false
6703901-5,quilo,1000,false
6703901-7,colher de arroz/servir,60,false
6703901-7,colher de sopa,30,false
6703901-7,concha,105,false
6703901-7,escumadeira,105,false
6703901-7,fatia,50,false
6703901-7,grama,1,true
6703901-7,pedaco,50,false
6703901-7,porcao,70,false
6703901-7,prato fundo,280,false
6703901-7,quilo,1000,false
6703901-7,rodela,30,false
6703901-8,colher de arroz/servir,72,false
6703901-8,colher de sopa,36,false
6703901-8,grama,1,true
6703901-8,porcao,70,false
6703901-8,quilo,1000,false
6703901-13,colher de arroz/servir,72,false
6703901-13,colher de sopa,36,false
6703901-13,concha,100,false
6703901-13,escumadeira,100,false
6703901-13,grama,1,true
6703901-13,porcao,70,false
6703901-13,quilo,1000,false
6703901-15,colher de arroz/servir,40,false
6703901-15,grama,1,true
6703901-15,quilo,1000,false
6703901-99,colher de sopa,36,false
6703901-99,grama,1,true
6703901-99,quilo,1000,false
6704001-99,colher de arroz/servir,36,false
6704001-99,colher de cha,4.5,false
6704001-99,colher de sobremesa,9,false
6704001-99,colher de sopa,18,false
6704001-99,escumadeira,36,false
6704001-99,fatia,3,false
6704001-99,grama,1,true
6704001-99,metade,50,false
6704001-99,pedaco,3,false
6704001-99,pegador,18,false
6704001-99,porcao,36,false
6704001-99,prato raso,36,false
6704001-99,quilo,1000,false
6704001-99,rodela,3,false
6704001-99,taca,36,false
6704001-99,unidade,100,false
6704001-99,unidade pequena,75,false
6704101-1,colher de arroz/servir,45,false
6704101-1,colher de sopa,20,false
6704101-1,escumadeira,110,false
6704101-1,fatia,30,false
6704101-1,grama,1,true
6704101-1,pedaco,30,false
6704101-1,pegador,20,false
6704101-1,porcao,57,false
6704101-1,quilo,1000,false
6704101-1,unidade,230,false
6704101-2,colher de arroz/servir,45,false
6704101-2,colher de sobremesa,10,false
6704101-2,colher de sopa,20,false
6704101-2,concha,110,false
6704101-2,escumadeira,110,false
6704101-2,fatia,30,false
6704101-2,grama,1,true
6704101-2,metade,115,false
6704101-2,pedaco,30,false
6704101-2,pegador,20,false
6704101-2,porcao,57,false
6704101-2,prato raso,45,false
6704101-2,quilo,1000,false
6704101-2,rodela,15,false
6704101-2,tigela,110,false
6704101-2,unidade,230,false
6704101-2,unidade pequena,145,false
6704101-4,colher de sopa,20,false
6704101-4,grama,1,true
6704101-4,quilo,1000,false
6704101-7,colher de arroz/servir,45,false
6704101-7,colher de sobremesa,12.5,false
6704101-7,colher de sopa,20,false
6704101-7,concha,110,false
6704101-7,escumadeira,110,false
6704101-7,grama,1,true
6704101-7,pires,110,false
6704101-7,porcao,57,false
6704101-7,prato de sobremesa,45,false
6704101-7,quilo,1000,false
6704101-7,unidade,230,false
6704101-8,colher de sobremesa,10,false
6704101-8,colher de sopa,20,false
6704101-8,grama,1,true
6704101-8,quilo,1000,false
6704101-10,fatia,30,false
6704101-10,grama,1,true
6704101-10,quilo,1000,false
6704101-12,colher de arroz/servir,45,false
6704101-12,colher de sopa,20,false
6704101-12,grama,1,true
6704101-12,pegador,20,false
6704101-12,porcao,57,false
6704101-12,quilo,1000,false
6704101-13,colher de arroz/servir,45,false
6704101-13,colher de sopa,20,false
6704101-13,concha,110,false
6704101-13,cumbuca,110,false
6704101-13,grama,1,true
6704101-13,pedaco,30,false
6704101-13,porcao,57,false
6704101-13,quilo,1000,false
6704101-13,unidade,230,false
6704101-15,colher de sopa,20,false
6704101-15,grama,1,true
6704101-15,quilo,1000,false
6704201-1,colher de arroz/servir,95,false
6704201-1,colher de sopa,60,false
6704201-1,grama,1,true
6704201-1,pegador,60,false
6704201-1,porcao,40,false
6704201-1,quilo,1000,false
6704201-1,unidade,26,false
6704201-2,banda,13,false
6704201-2,colher de arroz/servir,95,false
6704201-2,colher de sopa,60,false
6704201-2,concha,110,false
6704201-2,escumadeira,110,false
6704201-2,fatia,13,false
6704201-2,grama,1,true
6704201-2,pedaco,13,false
6704201-2,porcao,40,false
6704201-2,quilo,1000,false
6704201-2,rodela,13,false
6704201-2,unidade,26,false
6704201-4,grama,1,true
6704201-4,porcao,40,false
6704201-4,quilo,1000,false
6704201-5,colher de arroz/servir,95,false
6704201-5,colher de cha,15,false
6704201-5,colher de sopa,60,false
6704201-5,grama,1,true
6704201-5,porcao,40,false
6704201-5,quilo,1000,false
6704201-5,rodela,13,false
6704201-5,unidade,30,false
6704201-7,colher de arroz/servir,95,false
6704201-7,colher de sobremesa,30,false
6704201-7,colher de sopa,60,false
6704201-7,concha,110,false
6704201-7,escumadeira,110,false
6704201-7,grama,1,true
6704201-7,porcao,40,false
6704201-7,quilo,1000,false
6704201-7,rodela,13,false
6704201-7,unidade,26,false
6704201-7,unidade pequena,18,false
6704201-11,grama,1,true
6704201-11,porcao,40,false
6704201-11,quilo,1000,false
6704201-13,colher de arroz/servir,95,false
6704201-13,grama,1,true
6704201-13,porcao,40,false
6704201-13,quilo,1000,false
6704201-99,grama,1,true
6704201-99,porcao,40,false
6704201-99,quilo,1000,false
6704301-1,colher de sopa,40,false
6704301-1,grama,1,true
6704301-1,quilo,1000,false
6704301-2,colher de arroz/servir,75,false
6704301-2,colher de sopa,40,false
6704301-2,concha,130,false
6704301-2,escumadeira,130,false
6704301-2,grama,1,true
6704301-2,pedaco,12.5,false
6704301-2,pegador,40,false
6704301-2,porcao,40,false
6704301-2,quilo,1000,false
6704301-2,unidade,25,false
6704301-7,colher de arroz/servir,75,false
6704301-7,colher de sopa,40,false
6704301-7,escumadeira,130,false
6704301-7,grama,1,true
6704301-7,quilo,1000,false
6704301-13,colher de arroz/servir,75,false
6704301-13,concha,130,false
6704301-13,escumadeira,130,false
6704301-13,grama,1,true
6704301-13,porcao,40,false
6704301-13,quilo,1000,false
6704306-2,grama,1,true
6704306-2,porcao,40,false
6704306-2,quilo,1000,false
6704306-12,grama,1,true
6704306-12,porcao,40,false
6704306-12,quilo,1000,false
6704306-12,unidade,25,false
6704306-12,unidade pequena,18.8,false
6704401-1,colher de sopa,15,false
6704401-1,grama,1,true
6704401-1,quilo,1000,false
6704401-2,colher de sopa,15,false
6704401-2,grama,1,true
6704401-2,pegador,15,false
6704401-2,porcao,30,false
6704401-2,quilo,1000,false
6704401-7,colher de sopa,15,false
6704401-7,concha,60,false
6704401-7,grama,1,true
6704401-7,quilo,1000,false
6704401-13,colher de arroz/servir,30,false
6704401-13,grama,1,true
6704401-13,quilo,1000,false
6704409-2,colher de arroz/servir,30,false
6704409-2,colher de sopa,15,false
6704409-2,concha,60,false
6704409-2,grama,1,true
6704409-2,porcao,30,false
6704409-2,quilo,1000,false
6704409-7,colher de sopa,15,false
6704409-7,grama,1,true
6704409-7,quilo,1000,false
6704409-8,colher de arroz/servir,30,false
6704409-8,grama,1,true
6704409-8,quilo,1000,false
6704410-2,colher de sopa,15,false
6704410-2,concha,60,false
6704410-2,grama,1,true
6704410-2,quilo,1000,false
6704410-7,colher de arroz/servir,30,false
6704410-7,colher de sopa,15,false
6704410-7,concha,60,false
6704410-7,grama,1,true
6704410-7,quilo,1000,false
6704501-99,colher de arroz/servir,26,false
6704501-99,colher de sopa,13,false
6704501-99,concha,52,false
6704501-99,fatia,6,false
6704501-99,garfada,13,false
6704501-99,grama,1,true
6704501-99,metade,27.5,false
6704501-99,pedaco,6,false
6704501-99,pegador,13,false
6704501-99,porcao,56,false
6704501-99,quilo,1000,false
6704501-99,rodela,6,false
6704501-99,unidade,55,false
6704501-99,unidade pequena,38,false
6705001-1,colher de sopa,40,false
6705001-1,grama,1,true
6705001-1,quilo,1000,false
6705001-1,unidade,18,false
6705001-2,colher de arroz/servir,80,false
6705001-2,colher de sopa,40,false
6705001-2,concha,160,false
6705001-2,grama,1,true
6705001-2,pedaco,5,false
6705001-2,porcao,52,false
6705001-2,quilo,1000,false
6705001-2,unidade,18,false
6705001-5,colher de arroz/servir,80,false
6705001-5,colher de sopa,40,false
6705001-5,concha,160,false
6705001-5,grama,1,true
6705001-5,porcao,52,false
6705001-5,quilo,1000,false
6705001-5,unidade,18,false
6705001-6,colher de sopa,40,false
6705001-6,grama,1,true
6705001-6,quilo,1000,false
6705001-7,colher de arroz/servir,80,false
6705001-7,colher de cha,10,false
6705001-7,colher de sobremesa,20,false
6705001-7,colher de sopa,40,false
6705001-7,concha,160,false
6705001-7,escumadeira,88,false
6705001-7,grama,1,true
6705001-7,porcao,52,false
6705001-7,quilo,1000,false
6705001-13,colher de arroz/servir,80,false
6705001-13,colher de sopa,40,false
6705001-13,concha,160,false
6705001-13,grama,1,true
6705001-13,porcao,52,false
6705001-13,quilo,1000,false
6705001-99,colher de sopa,40,false
6705001-99,grama,1,true
6705001-99,quilo,1000,false
6705101-99,banda,50,false
6705101-99,colher de arroz/servir,60,false
6705101-99,colher de cha,7.5,false
6705101-99,colher de sobremesa,15,false
6705101-99,colher de sopa,30,false
6705101-99,concha,120,false
6705101-99,escumadeira,60,false
6705101-99,fatia,15,false
6705101-99,garfada,30,false
6705101-99,grama,1,true
6705101-99,metade,50,false
6705101-99,pedaco,15,false
6705101-99,pegador,30,false
6705101-99,pires,60,false
6705101-99,porcao,80,false
6705101-99,prato de sobremesa,60,false
6705101-99,prato raso,60,false
6705101-99,quilo,1000,false
6705101-99,rodela,15,false
6705101-99,unidade,100,false
6705101-99,unidade pequena,50,false
6705201-1,colher de sopa,20,false
6705201-1,grama,1,true
6705201-1,porcao,44,false
6705201-1,quilo,1000,false
6705201-2,colher de arroz/servir,73,false
6705201-2,colher de sobremesa,10,false
6705201-2,colher de sopa,20,false
6705201-2,concha,73,false
6705201-2,escumadeira,73,false
6705201-2,grama,1,true
6705201-2,pegador,20,false
6705201-2,porcao,44,false
6705201-2,quilo,1000,false
6705201-7,colher de arroz/servir,73,false
6705201-7,colher de sopa,35,false
6705201-7,escumadeira,73,false
6705201-7,grama,1,true
6705201-7,porcao,44,false
6705201-7,quilo,1000,false
6705201-7,xicara de cha,80,false
6705201-11,colher de arroz/servir,73,false
6705201-11,grama,1,true
6705201-11,quilo,1000,false
6705201-13,colher de arroz/servir,73,false
6705201-13,colher de sopa,20,false
6705201-13,grama,1,true
6705201-13,porcao,44,false
6705201-13,quilo,1000,false
6705201-99,grama,1,true
6705201-99,porcao,44,false
6705201-99,quilo,1000,false
6705301-99,grama,1,true
6705301-99,porcao,15,false
6705301-99,quilo,1000,false
6705401-1,concha,125,false
6705401-1,grama,1,true
6705401-1,porcao,60,false
6705401-1,quilo,1000,false
6705401-2,colher de arroz/servir,75,false
6705401-2,colher de sobremesa,12.5,false
6705401-2,colher de sopa,25,false
6705401-2,escumadeira,125,false
6705401-2,fatia,20,false
6705401-2,grama,1,true
6705401-2,pedaco,20,false
6705401-2,porcao,60,false
6705401-2,prato raso,110,false
6705401-2,quilo,1000,false
6705401-2,unidade pequena,112.5,false
6705401-4,colher de sopa,25,false
6705401-4,grama,1,true
6705401-4,pedaco,20,false
6705401-4,porcao,60,false
6705401-4,quilo,1000,false
6705401-5,colher de arroz/servir,75,false
6705401-5,fatia,20,false
6705401-5,grama,1,true
6705401-5,pedaco,20,false
6705401-5,porcao,60,false
6705401-5,quilo,1000,false
6705401-5,rodela,13,false
6705401-5,unidade,200,false
6705401-6,colher de arroz/servir,75,false
6705401-6,fatia,20,false
6705401-6,grama,1,true
6705401-6,pedaco,20,false
6705401-6,quilo,1000,false
6705401-6,rodela,13,false
6705401-6,unidade,200,false
6705401-7,colher de arroz/servir,75,false
6705401-7,colher de sopa,25,false
6705401-7,concha,125,false
6705401-7,grama,1,true
6705401-7,quilo,1000,false
6705401-7,unidade pequena,112.5,false
6705401-12,colher de arroz/servir,75,false
6705401-12,grama,1,true
6705401-12,porcao,60,false
6705401-12,quilo,1000,false
6705401-13,colher de arroz/servir,75,false
6705401-13,colher de sopa,25,false
6705401-13,concha,125,false
6705401-13,grama,1,true
6705401-13,quilo,1000,false
6705401-99,grama,1,true
6705401-99,quilo,1000,false
6705401-99,unidade,200,false
6705501-2,colher de sopa,30,false
6705501-2,grama,1,true
6705501-2,quilo,1000,false
6705501-7,colher de sopa,30,false
6705501-7,grama,1,true
6705501-7,porcao,44,false
6705501-7,quilo,1000,false
6705701-1,banda,35,false
6705701-1,colher de arroz/servir,20,false
6705701-1,colher de cha,2.5,false
6705701-1,colher de sobremesa,5,false
6705701-1,colher de sopa,10,false
6705701-1,fatia,6,false
6705701-1,garfada,10,false
6705701-1,grama,1,true
6705701-1,metade,35,false
6705701-1,pedaco,17.5,false
6705701-1,pegador,10,false
6705701-1,pires,30,false
6705701-1,porcao,20,false
6705701-1,quilo,1000,false
6705701-1,rodela,6,false
6705701-1,unidade,70,false
6705701-1,unidade pequena,30,false
6705701-2,colher de arroz/servir,20,false
6705701-2,colher de sopa,10,false
6705701-2,escumadeira,20,false
6705701-2,fatia,6,false
6705701-2,grama,1,true
6705701-2,quilo,1000,false
6705701-2,unidade,70,false
6705701-3,grama,1,true
6705701-3,porcao,20,false
6705701-3,quilo,1000,false
6705701-4,fatia,6,false
6705701-4,grama,1,true
6705701-4,porcao,20,false
6705701-4,quilo,1000,false
6705701-4,unidade,70,false
6705701-5,colher de arroz/servir,20,false
6705701-5,colher de cha,2.5,false
6705701-5,colher de sobremesa,5,false
6705701-5,colher de sopa,10,false
6705701-5,escumadeira,20,false
6705701-5,fatia,6,false
6705701-5,garfada,10,false
6705701-5,grama,1,true
6705701-5,metade,35,false
6705701-5,porcao,20,false
6705701-5,quilo,1000,false
6705701-5,rodela,6,false
6705701-5,unidade,70,false
6705701-7,colher de sopa,10,false
6705701-7,grama,1,true
6705701-7,porcao,20,false
6705701-7,quilo,1000,false
6705701-7,rodela,6,false
6705701-7,unidade,70,false
6705701-8,grama,1,true
6705701-8,porcao,20,false
6705701-8,quilo,1000,false
6705701-11,colher de sopa,10,false
6705701-11,grama,1,true
6705701-11,quilo,1000,false
6705701-12,colher de sopa,10,false
6705701-12,fatia,6,false
6705701-12,grama,1,true
6705701-12,porcao,20,false
6705701-12,prato de sobremesa,20,false
6705701-12,quilo,1000,false
6705701-12,rodela,6,false
6705701-12,unidade,70,false
6705701-12,unidade pequena,30,false
6705701-99,grama,1,true
6705701-99,porcao,20,false
6705701-99,quilo,1000,false
6705801-7,grama,1,true
6705801-7,porcao,42,false
6705801-7,quilo,1000,false
6706101-99,colher de sopa,25,false
6706101-99,escumadeira,48,false
6706101-99,grama,1,true
6706101-99,porcao,34,false
6706101-99,prato fundo,96,false
6706101-99,quilo,1000,false
6706102-99,grama,1,true
6706102-99,porcao,34,false
6706102-99,quilo,1000,false
6706201-99,grama,1,true
6706201-99,quilo,1000,false
6706201-99,unidade,4.4,false
6706301-99,grama,1,true
6706301-99,porcao,15,false
6706301-99,quilo,1000,false
6707301-99,colher de arroz/servir,14,false
6707301-99,colher de sopa,7,false
6707301-99,grama,1,true
6707301-99,porcao,14,false
6707301-99,quilo,1000,false
6707801-99,colher de sopa,8,false
6707801-99,escumadeira,16,false
6707801-99,folha,10,false
6707801-99,grama,1,true
6707801-99,pegador,8,false
6707801-99,porcao,27,false
6707801-99,quilo,1000,false
6707801-99,unidade,200,false
6707901-99,colher de sopa,30,false
6707901-99,grama,1,true
6707901-99,porcao,80,false
6707901-99,quilo,1000,false
6707901-99,rodela,15,false
6707901-99,unidade,100,false
6708001-99,grama,1,true
6708001-99,quilo,1000,false
6708001-99,unidade,55,false
6708001-99,unidade pequena,38,false
6709701-99,colher de cha,0.04,true
6709701-99,grama,1,false
6709701-99,punhado,3,false
6709701-99,quilo,1000,false
6709701-99,sache,3,false
6801017-99,grama,1,true
6801017-99,quilo,1000,false
6801017-99,unidade,100,false
6801101-1,banda,37.5,false
6801101-1,fatia,26,false
6801101-1,grama,1,true
6801101-1,metade,37.5,false
6801101-1,pedaco,16,false
6801101-1,porcao,86,false
6801101-1,prato de sobremesa,170,false
6801101-1,prato fundo,326,false
6801101-1,prato raso,235,false
6801101-1,quilo,1000,false
6801101-1,unidade,75,false
6801101-1,unidade pequena,56.3,false
6801101-2,colher de arroz/servir,64,false
6801101-2,colher de sobremesa,20,false
6801101-2,colher de sopa,24,false
6801101-2,concha,128,false
6801101-2,fatia,26,false
6801101-2,grama,1,true
6801101-2,metade,37.5,false
6801101-2,pedaco,16,false
6801101-2,porcao,86,false
6801101-2,quilo,1000,false
6801101-2,rodela,4,false
6801101-2,unidade,75,false
6801101-2,unidade pequena,56.3,false
6801101-4,grama,1,true
6801101-4,porcao,86,false
6801101-4,quilo,1000,false
6801101-4,unidade,75,false
6801101-5,colher de arroz/servir,73,false
6801101-5,colher de sopa,33,false
6801101-5,concha,141,false
6801101-5,fatia,26,false
6801101-5,grama,1,true
6801101-5,pedaco,16,false
6801101-5,pegador,54,false
6801101-5,porcao,86,false
6801101-5,prato de sobremesa,22,false
6801101-5,prato raso,251,false
6801101-5,quilo,1000,false
6801101-5,rodela,7,false
6801101-5,unidade,75,false
6801101-5,unidade pequena,56.3,false
6801101-6,fatia,26,false
6801101-6,grama,1,true
6801101-6,pedaco,16,false
6801101-6,porcao,86,false
6801101-6,quilo,1000,false
6801101-6,unidade,100,false
6801101-11,grama,1,true
6801101-11,quilo,1000,false
6801101-11,unidade,75,false
6801101-13,colher de arroz/servir,64,false
6801101-13,colher de sopa,24,false
6801101-13,grama,1,true
6801101-13,quilo,1000,false
6801101-13,unidade,75,false
6801101-14,copo medio,230,false
6801101-14,grama,1,true
6801101-14,prato fundo,375,false
6801101-14,quilo,1000,false
6801101-14,unidade,75,false
6801101-15,colher de arroz/servir,40,false
6801101-15,colher de sopa,20,false
6801101-15,concha,130,false
6801101-15,grama,1,true
6801101-15,prato raso,325,false
6801101-15,quilo,1000,false
6801101-15,unidade,75,false
6801101-99,grama,1,true
6801101-99,pedaco,16,false
6801101-99,porcao,86,false
6801101-99,prato raso,235,false
6801101-99,quilo,1000,false
6801101-99,taca,128,false
6801101-99,unidade,75,false
6801101-99,unidade pequena,56.3,false
6801801-99,bago,18,false
6801801-99,banda,90,false
6801801-99,copo americano,150,false
6801801-99,copo de requeijao,240,false
6801801-99,copo grande,300,false
6801801-99,copo medio,240,false
6801801-99,fatia,18,false
6801801-99,gomo,18,false
6801801-99,grama,1,true
6801801-99,metade,90,false
6801801-99,pedaco,18,false
6801801-99,porcao,144,false
6801801-99,quilo,1000,false
6801801-99,rodela,18,false
6801801-99,unidade,180,false
6801801-99,unidade pequena,90,false
6801901-99,grama,1,true
6801901-99,quilo,1000,false
6801901-99,unidade,180,false
6802001-99,banda,42,false
6802001-99,copo de requeijao,84,false
6802001-99,copo grande,105,false
6802001-99,copo medio,84,false
6802001-99,fatia,16.8,false
6802001-99,grama,1,true
6802001-99,metade,42,false
6802001-99,pedaco,16.8,false
6802001-99,porcao,252,false
6802001-99,quilo,1000,false
6802001-99,rodela,16.8,false
6802001-99,unidade,84,false
6802201-99,bago,16.9,false
6802201-99,copo americano,62.5,false
6802201-99,copo grande,125,false
6802201-99,copo medio,100,false
6802201-99,gomo,16.9,false
6802201-99,grama,1,true
6802201-99,metade,67.5,false
6802201-99,quilo,1000,false
6802201-99,unidade,135,false
6802201-99,unidade pequena,100,false
6802202-99,gomo,16.9,false
6802202-99,grama,1,true
6802202-99,quilo,1000,false
6802202-99,unidade,135,false
6802202-99,unidade pequena,100,false
6802217-99,grama,1,true
6802217-99,quilo,1000,false
6802217-99,unidade,135,false
6802217-99,unidade pequena,100,false
6802218-99,grama,1,true
6802218-99,quilo,1000,false
6802218-99,unidade,135,false
6802218-99,unidade pequena,100,false
6802223-99,grama,1,true
6802223-99,quilo,1000,false
6802223-99,unidade,135,false
6802227-99,grama,1,true
6802227-99,quilo,1000,false
6802227-99,unidade,135,false
6802407-99,grama,1,true
6802407-99,quilo,1000,false
6802407-99,unidade,18,false
6802501-99,gomo,19,false
6802501-99,grama,1,true
6802501-99,pedaco,19,false
6802501-99,quilo,1000,false
6802601-99,banda,375,false
6802601-99,copo medio,100,false
6802601-99,fatia,75,false
6802601-99,grama,1,true
6802601-99,pedaco,11,false
6802601-99,porcao,130,false
6802601-99,quilo,1000,false
6802601-99,rodela,75,false
6802601-99,unidade,750,false
6802601-99,unidade pequena,480,false
6802602-99,grama,1,true
6802602-99,quilo,1000,false
6802602-99,rodela,75,false
6802701-99,banda,215,false
6802701-99,colher de sopa,45,false
6802701-99,copo grande,200,false
6802701-99,copo medio,200,false
6802701-99,fatia,90,false
6802701-99,grama,1,true
6802701-99,metade,215,false
6802701-99,pedaco,22.5,false
6802701-99,porcao,45,false
6802701-99,pote,175,false
6802701-99,prato de sobremesa,175,false
6802701-99,quilo,1000,false
6802701-99,taca,175,false
6802701-99,unidade,430,false
6802701-99,unidade pequena,370,false
6802801-99,fatia,27.5,false
6802801-99,grama,1,true
6802801-99,metade,55,false
6802801-99,pedaco,27.5,false
6802801-99,quilo,1000,false
6802801-99,unidade,110,false
6802801-99,unidade pequena,85,false
6802901-99,grama,1,true
6802901-99,porcao,60,false
6802901-99,quilo,1000,false
6802901-99,unidade,55,false
6803001-99,banda,75,false
6803001-99,fatia,37.5,false
6803001-99,grama,1,true
6803001-99,metade,75,false
6803001-99,pedaco,37.5,false
6803001-99,porcao,130,false
6803001-99,quilo,1000,false
6803001-99,unidade,150,false
6803001-99,unidade pequena,90,false
6803101-99,banda,155,false
6803101-99,colher de arroz/servir,70,false
6803101-99,colher de sopa,40,false
6803101-99,concha,140,false
6803101-99,fatia,170,false
6803101-99,grama,1,true
6803101-99,metade,155,false
6803101-99,pedaco,120,false
6803101-99,porcao,160,false
6803101-99,prato de sobremesa,165,false
6803101-99,quilo,1000,false
6803101-99,rodela,170,false
6803101-99,taca,165,false
6803101-99,unidade,310,false
6803101-99,unidade pequena,270,false
6803108-99,fatia,120,false
6803108-99,grama,1,true
6803108-99,metade,155,false
6803108-99,pedaco,120,false
6803108-99,quilo,1000,false
6803108-99,unidade,310,false
6803108-99,unidade pequena,270,false
6803201-99,banda,70,false
6803201-99,colher de arroz/servir,44,false
6803201-99,colher de sopa,22,false
6803201-99,fatia,22,false
6803201-99,grama,1,true
6803201-99,metade,70,false
6803201-99,pedaco,22,false
6803201-99,porcao,110,false
6803201-99,quilo,1000,false
6803201-99,unidade,140,false
6803201-99,unidade pequena,60,false
6803215-99,grama,1,true
6803215-99,quilo,1000,false
6803215-99,unidade,70,false
6803301-99,copo americano,62.5,false
6803301-99,copo grande,125,false
6803301-99,copo medio,100,false
6803301-99,grama,1,true
6803301-99,quilo,1000,false
6803301-99,unidade,45,false
6803401-99,copo americano,62.5,false
6803401-99,copo grande,125,false
6803401-99,copo medio,100,false
6803401-99,fatia,200,false
6803401-99,grama,1,true
6803401-99,pedaco,150,false
6803401-99,porcao,296,false
6803401-99,quilo,1000,false
6803501-99,banda,330,false
6803501-99,fatia,90,false
6803501-99,grama,1,true
6803501-99,pedaco,22.5,false
6803501-99,porcao,230,false
6803501-99,quilo,1000,false
6803501-99,unidade,660,false
6803601-99,banda,65,false
6803601-99,fatia,32.5,false
6803601-99,grama,1,true
6803601-99,metade,65,false
6803601-99,pedaco,32.5,false
6803601-99,quilo,1000,false
6803601-99,unidade,130,false
6803601-99,unidade pequena,97.5,false
6803701-99,grama,1,true
6803701-99,pedaco,15,false
6803701-99,porcao,226,false
6803701-99,quilo,1000,false
6803701-99,taca,80,false
6803701-99,tigela,80,false
6803701-99,unidade,60,false
6803701-99,unidade pequena,32,false
6803801-99,grama,1,true
6803801-99,quilo,1000,false
6803801-99,unidade,60,false
6803802-99,grama,1,true
6803802-99,quilo,1000,false
6803802-99,unidade,60,false
6803802-99,unidade pequena,45,false
6803803-99,banda,30,false
6803803-99,grama,1,true
6803803-99,pedaco,15,false
6803803-99,quilo,1000,false
6803803-99,unidade,60,false
6803901-99,bago,8,false
6803901-99,cacho,170,false
6803901-99,copo americano,70,false
6803901-99,copo de requeijao,140,false
6803901-99,copo grande,140,false
6803901-99,copo medio,140,false
6803901-99,copo tulipa,140,false
6803901-99,gomo,8,false
6803901-99,grama,1,true
6803901-99,porcao,99.2,false
6803901-99,punhado,170,false
6803901-99,quilo,1000,false
6803901-99,unidade,8,false
6803901-99,unidade pequena,4,false
6803912-99,colher de sobremesa,9,false
6803912-99,colher de sopa,18,false
6803912-99,grama,1,false
6803912-99,porcao,36,false
6803912-99,quilo,1000,false
6803912-99,unidade,0.3,true
6804001-99,copo americano,62.5,false
6804001-99,copo de requeijao,100,false
6804001-99,copo grande,125,false
6804001-99,copo medio,100,false
6804001-99,grama,1,true
6804001-99,quilo,1000,false
6804001-99,unidade,60,false
6804101-99,bago,12,false
6804101-99,copo medio,100,false
6804101-99,grama,1,true
6804101-99,porcao,132,false
6804101-99,quilo,1000,false
6804101-99,taca,150,false
6804101-99,tigela,150,false
6804201-99,banda,85,false
6804201-99,copo grande,125,false
6804201-99,grama,1,true
6804201-99,pedaco,42.5,false
6804201-99,quilo,1000,false
6804201-99,unidade,170,false
6804201-99,unidade pequena,50,false
6804203-99,grama,1,true
6804203-99,quilo,1000,false
6804203-99,unidade,170,false
6804301-99,colher de sopa,25,false
6804301-99,copo grande,125,false
6804301-99,copo medio,100,false
6804301-99,grama,1,true
6804301-99,porcao,30,false
6804301-99,quilo,1000,false
6804301-99,taca,100,false
6804301-99,unidade,42,false
6804301-99,unidade pequena,34,false
6804401-99,copo americano,62.5,false
6804401-99,copo grande,125,false
6804401-99,copo medio,100,false
6804401-99,copo tulipa,120.8,false
6804401-99,grama,1,true
6804401-99,quilo,1000,false
6804401-99,unidade,90,false
6804401-99,unidade pequena,80,false
6804501-99,grama,1,true
6804501-99,lata (350 ml),350,false
6804501-99,porcao,96,false
6804501-99,quilo,1000,false
6804501-99,unidade,6.8,false
6804601-99,copo americano,62.5,false
6804601-99,copo de requeijao,100,false
6804601-99,copo grande,125,false
6804601-99,copo medio,100,false
6804601-99,grama,1,true
6804601-99,quilo,1000,false
6804601-99,unidade,55,false
6804601-99,unidade pequena,40,false
6804602-99,copo americano,62.5,false
6804602-99,copo medio,100,false
6804602-99,grama,1,true
6804602-99,quilo,1000,false
6804602-99,unidade,55,false
6804701-99,copo americano,62.5,false
6804701-99,copo grande,100,false
6804701-99,copo medio,100,false
6804701-99,grama,1,true
6804701-99,porcao,57,false
6804701-99,quilo,1000,false
6804701-99,unidade,5.7,false
6804702-99,copo medio,100,false
6804702-99,grama,1,true
6804702-99,quilo,1000,false
6804702-99,unidade,5.7,false
6804801-99,copo americano,62.5,false
6804801-99,copo grande,125,false
6804801-99,copo medio,100,false
6804801-99,grama,1,true
6804801-99,pedaco,6,false
6804801-99,porcao,130,false
6804801-99,quilo,1000,false
6804801-99,unidade,75,false
6804901-99,bago,5,false
6804901-99,copo americano,62.5,false
6804901-99,copo grande,125,false
6804901-99,copo medio,100,false
6804901-99,cumbuca,160,false
6804901-99,grama,1,true
6804901-99,porcao,140,false
6804901-99,punhado,60,false
6804901-99,pote,160,false
6804901-99,prato fundo,160,false
6804901-99,quilo,1000,false
6804901-99,saco,160,false
6804901-99,unidade,5,false
6805001-99,copo americano,62.5,false
6805001-99,copo de requeijao,100,false
6805001-99,copo grande,125,false
6805001-99,copo medio,100,false
6805001-99,copo tulipa,120.8,false
6805001-99,grama,1,true
6805001-99,pedaco,56.75,false
6805001-99,porcao,70,false
6805001-99,quilo,1000,false
6805001-99,unidade,227,false
6805201-99,copo americano,62.5,false
6805201-99,grama,1,true
6805201-99,porcao,120,false
6805201-99,prato de sobremesa,120,false
6805201-99,quilo,1000,false
6805201-99,taca,120,false
6805201-99,unidade,12,false
6805201-99,unidade pequena,7,false
6805201-99,xicara de cha,120,false
6805301-99,grama,1,true
6805301-99,quilo,1000,false
6805301-99,unidade,40,false
6805401-99,grama,1,true
6805401-99,quilo,1000,false
6805401-99,unidade,227,false
6805601-99,copo americano,62.5,false
6805601-99,copo de requeijao,100,false
6805601-99,copo grande,125,false
6805601-99,copo medio,100,false
6805601-99,grama,1,true
6805601-99,quilo,1000,false
6805601-99,unidade,25.74,false
6805701-99,grama,1,true
6805701-99,quilo,1000,false
6805701-99,unidade,9.28,false
6805801-99,grama,1,true
6805801-99,quilo,1000,false
6805801-99,unidade,27,false
6805901-99,concha,70,false
6805901-99,fatia,70,false
6805901-99,grama,1,true
6805901-99,pedaco,70,false
6805901-99,porcao,35,false
6805901-99,quilo,1000,false
6806001-99,grama,1,true
6806001-99,quilo,1000,false
6806001-99,unidade,50,false
6806101-99,grama,1,true
6806101-99,quilo,1000,false
6806101-99,unidade,5.6,false
6806201-99,copo americano,62.5,false
6806201-99,copo de requeijao,100,false
6806201-99,copo grande,125,false
6806201-99,copo medio,100,false
6806201-99,grama,1,true
6806201-99,porcao,25,false
6806201-99,quilo,1000,false
6806201-99,unidade,8.06,false
6806301-99,copo grande,125,false
6806301-99,copo medio,100,false
6806301-99,grama,1,true
6806301-99,quilo,1000,false
6806301-99,unidade,91.2,false
6806401-99,cacho,60,false
6806401-99,grama,1,true
6806401-99,quilo,1000,false
6806401-99,unidade,6,false
6806501-99,copo americano,62.5,false
6806501-99,copo grande,125,false
6806501-99,copo medio,100,false
6806501-99,grama,1,true
6806501-99,porcao,40,false
6806501-99,quilo,1000,false
6806501-99,unidade,40,false
6806601-99,grama,1,true
6806601-99,quilo,1000,false
6806601-99,unidade,70,false
6806701-99,grama,1,true
6806701-99,quilo,1000,false
6806701-99,unidade,3.75,false
6806801-99,copo americano,62.5,false
6806801-99,copo medio,100,false
6806801-99,grama,1,true
6806801-99,quilo,1000,false
6806801-99,unidade,10,false
6806901-99,copo grande,125,false
6806901-99,copo medio,100,false
6806901-99,grama,1,true
6806901-99,porcao,50,false
6806901-99,quilo,1000,false
6806901-99,unidade,10,false
6806901-99,unidade pequena,5.6,false
6807001-99,copo americano,62.5,false
6807001-99,copo grande,125,false
6807001-99,copo medio,100,false
6807001-99,grama,1,true
6807001-99,quilo,1000,false
6807001-99,unidade,1.21,false
6807101-99,copo americano,62.5,false
6807101-99,copo grande,125,false
6807101-99,copo medio,100,false
6807101-99,grama,1,true
6807101-99,quilo,1000,false
6807101-99,unidade,33.33,false
6807103-99,copo medio,100,false
6807103-99,grama,1,true
6807103-99,quilo,1000,false
6807103-99,unidade,33.33,false
6807202-99,grama,1,true
6807202-99,metade,113.5,false
6807202-99,quilo,1000,false
6807202-99,unidade,227,false
6807301-99,colher de sopa,20,false
6807301-99,copo grande,125,false
6807301-99,copo medio,100,false
6807301-99,copo tulipa,120.8,false
6807301-99,grama,1,true
6807301-99,porcao,60,false
6807301-99,pote,60,false
6807301-99,quilo,1000,false
6807301-99,taca,60,false
6807301-99,tigela,60,false
6807401-99,grama,1,true
6807401-99,quilo,1000,false
6807401-99,unidade,60,false
6807501-99,grama,1,true
6807501-99,quilo,1000,false
6807501-99,unidade,14.7,false
6807601-99,grama,1,true
6807601-99,quilo,1000,false
6807601-99,unidade,70,false
6807701-99,copo americano,62.5,false
6807701-99,copo grande,125,false
6807701-99,copo medio,100,false
6807701-99,grama,1,true
6807701-99,porcao,224,false
6807701-99,quilo,1000,false
6807701-99,unidade,12,false
6807801-99,copo americano,62.5,false
6807801-99,copo grande,125,false
6807801-99,grama,1,true
6807801-99,pedaco,23.5,false
6807801-99,quilo,1000,false
6807801-99,rodela,11,false
6807801-99,unidade,94,false
6807801-99,unidade pequena,57,false
6808001-99,grama,1,true
6808001-99,quilo,1000,false
6808001-99,unidade,50,false
6808201-99,grama,1,true
6808201-99,quilo,1000,false
6808201-99,unidade,10,false
6808401-99,fatia,26,false
6808401-99,grama,1,true
6808401-99,porcao,86,false
6808401-99,quilo,1000,false
6808401-99,unidade,75,false
6808601-99,grama,1,true
6808601-99,quilo,1000,false
6808601-99,unidade,150,false
6808601-99,unidade pequena,90,false
6808901-99,grama,1,true
6808901-99,quilo,1000,false
6808901-99,unidade,12,false
6809901-99,grama,1,true
6809901-99,porcao,80,false
6809901-99,quilo,1000,false
6809901-99,unidade,4,false
6810201-99,grama,1,true
6810201-99,quilo,1000,false
6810201-99,unidade,5,false
6900302-99,colher de sopa,19,false
6900302-99,grama,1,true
6900302-99,quilo,1000,false
6900304-99,colher de sopa,19,false
6900304-99,grama,1,true
6900304-99,quilo,1000,false
6900401-99,grama,1,true
6900401-99,pedaco,55,false
6900401-99,porcao,27,false
6900401-99,quilo,1000,false
6900402-99,grama,1,true
6900402-99,pedaco,55,false
6900402-99,quilo,1000,false
6900403-99,grama,1,true
6900403-99,pedaco,55,false
6900403-99,quilo,1000,false
6900501-99,bola,80,false
6900501-99,caneca,100,false
6900501-99,caneco,100,false
6900501-99,casquinha,80,false
6900501-99,colher de arroz/servir,100,false
6900501-99,colher de cha,12.5,false
6900501-99,colher de sobremesa,25,false
6900501-99,colher de sopa,50,false
6900501-99,concha,80,false
6900501-99,copo americano,150,false
6900501-99,copo de cafezinho,50,false
6900501-99,copo de requeijao,240,false
6900501-99,copo grande,300,false
6900501-99,copo medio,240,false
6900501-99,copo tulipa,290,false
6900501-99,cumbuca,100,false
6900501-99,garrafa (250 ml),250,false
6900501-99,grama,1,true
6900501-99,pegador,80,false
6900501-99,pires,50,false
6900501-99,pote,84,false
6900501-99,prato de sobremesa,100,false
6900501-99,quilo,1000,false
6900501-99,saco,84,false
6900501-99,taca,100,false
6900501-99,tigela,100,false
6900501-99,unidade,84,false
6900501-99,unidade pequena,84,false
6900501-99,xicara de cha,100,false
6900502-99,grama,1,true
6900502-99,quilo,1000,false
6900502-99,unidade,65,false
6900601-99,grama,1,true
6900601-99,quilo,1000,false
6900601-99,unidade,1.5,false
6900603-99,grama,1,true
6900603-99,pacote,170,false
6900603-99,punhado,42.5,false
6900603-99,quilo,1000,false
6900603-99,unidade,5,false
6900604-99,grama,1,true
6900604-99,pacote,160,false
6900604-99,quilo,1000,false
6900604-99,unidade,5.9,false
6900605-99,grama,1,true
6900605-99,quilo,1000,false
6900605-99,unidade,5,false
6900606-99,grama,1,true
6900606-99,pacote,17,false
6900606-99,quilo,1000,false
6900606-99,tablete,17,false
6900606-99,unidade,1.7,false
6900607-99,grama,1,true
6900607-99,quilo,1000,false
6900607-99,unidade,10,false
6900609-99,grama,1,true
6900609-99,quilo,1000,false
6900609-99,unidade,1.5,false
6900610-99,grama,1,true
6900610-99,pacote,200,false
6900610-99,quilo,1000,false
6900610-99,saco,200,false
6900610-99,unidade,5,false
6900701-99,barra,170,false
6900701-99,grama,1,true
6900701-99,pedaco,6.3,false
6900701-99,quilo,1000,false
6900701-99,tablete,6.3,false
6900701-99,unidade,6.3,false
6900701-99,unidade pequena,6.3,false
6900702-99,barra,170,false
6900702-99,fatia,6.3,false
6900702-99,gomo,6.3,false
6900702-99,grama,1,true
6900702-99,metade,85,false
6900702-99,pedaco,6.3,false
6900702-99,porcao,25,false
6900702-99,quilo,1000,false
6900702-99,tablete,6.3,false
6900702-99,unidade,170,false
6900706-99,grama,1,true
6900706-99,pacote,104,false
6900706-99,quilo,1000,false
6900801-99,colher de arroz/servir,30,false
6900801-99,colher de cha,4,false
6900801-99,colher de sobremesa,10,false
6900801-99,colher de sopa,15,false
6900801-99,copo americano,20,false
6900801-99,copo medio,32,false
6900801-99,grama,1,true
6900801-99,porcao,20,false
6900801-99,quilo,1000,false
6900801-99,xicara de cafe,6.7,false
6900801-99,xicara de cha,26.7,false
6900818-99,colher de sobremesa,9,false
6900818-99,colher de sopa,14,false
6900818-99,copo grande,60,false
6900818-99,grama,1,true
6900818-99,quilo,1000,false
6900818-99,xicara de cha,40,false
6900821-99,caneca,40,false
6900821-99,caneco,40,false
6900821-99,colher de arroz/servir,30,false
6900821-99,colher de cafe,2,false
6900821-99,colher de cha,4,false
6900821-99,colher de sobremesa,11,false
6900821-99,colher de sopa,16,false
6900821-99,copo americano,20,false
6900821-99,copo de cafezinho,6.7,false
6900821-99,copo de requeijao,32,false
6900821-99,copo grande,40,false
6900821-99,copo medio,32,false
6900821-99,garrafa (200 ml),26.7,false
6900821-99,grama,1,true
6900821-99,porcao,20,false
6900821-99,quilo,1000,false
6900821-99,xicara de cafe,6.7,false
6900821-99,xicara de cha,26.7,false
6900822-99,caneca,300,false
6900822-99,copo americano,150,false
6900822-99,copo de requeijao,240,false
6900822-99,copo grande,300,false
6900822-99,copo medio,240,false
6900822-99,garrafa (200 ml),200,false
6900822-99,garrafa (250 ml),250,false
6900822-99,grama,1,true
6900822-99,mililitro,1,false
6900822-99,pote,200,false
6900822-99,quilo,1000,false
6900822-99,unidade,200,false
6900822-99,unidade pequena,200,false
6900822-99,xicara de cafe,50,false
6900901-99,barra,20,false
6900901-99,grama,1,true
6900901-99,metade,10,false
6900901-99,pedaco,10,false
6900901-99,quilo,1000,false
6900901-99,unidade,20,false
6900904-99,grama,1,true
6900904-99,quilo,1000,false
6900904-99,unidade pequena,30,false
6901001-99,colher de cafe,4.8,false
6901001-99,colher de cha,9.5,false
6901001-99,colher de sobremesa,26,false
6901001-99,colher de sopa,34,false
6901001-99,copo americano,150,false
6901001-99,grama,1,true
6901001-99,ponta de faca,12.5,false
6901001-99,porcao,34,false
6901001-99,pote,20,false
6901001-99,quilo,1000,false
6901001-99,xicara de cha,200,false
6901002-99,colher de sobremesa,25,false
6901002-99,colher de sopa,50,false
6901002-99,copo americano,140,false
6901002-99,copo de cafezinho,50,false
6901002-99,grama,1,true
6901002-99,pedaco,50,false
6901002-99,pires,75,false
6901002-99,porcao,100,false
6901002-99,pote,75,false
6901002-99,prato de sobremesa,140,false
6901002-99,quilo,1000,false
6901002-99,taca,140,false
6901002-99,tigela,140,false
6901002-99,unidade,75,false
6901101-99,copo americano,200,false
6901101-99,grama,1,true
6901101-99,pedaco,34,false
6901101-99,porcao,20,false
6901101-99,quilo,1000,false
6901101-99,unidade,200,false
6901201-99,barra,60,false
6901201-99,colher de arroz/servir,70,false
6901201-99,colher de cafe,4,false
6901201-99,colher de cha,12,false
6901201-99,colher de sobremesa,35,false
6901201-99,colher de sopa,50,false
6901201-99,concha,100,false
6901201-99,copo americano,197,false
6901201-99,copo de cafezinho,40,false
6901201-99,copo medio,300,false
6901201-99,fatia,60,false
6901201-99,grama,1,true
6901201-99,pedaco,60,false
6901201-99,pires,151,false
6901201-99,ponta de faca,12.5,false
6901201-99,porcao,45,false
6901201-99,pote,235,false
6901201-99,prato de sobremesa,313,false
6901201-99,quilo,1000,false
6901201-99,taca,235,false
6901201-99,tigela,235,false
6901201-99,xicara de cafe,40,false
6901201-99,xicara de cha,197,false
6901203-99,grama,1,true
6901203-99,ponta de faca,12.5,false
6901203-99,quilo,1000,false
6901204-99,colher de sobremesa,35,false
6901204-99,grama,1,true
6901204-99,metade,30,false
6901204-99,pedaco,30,false
6901204-99,porcao,80,false
6901204-99,quilo,1000,false
6901206-99,fatia,60,false
6901206-99,grama,1,true
6901206-99,pedaco,60,false
6901206-99,ponta de faca,12.5,false
6901206-99,porcao,45,false
6901206-99,quilo,1000,false
6901209-99,colher de sopa,50,false
6901209-99,fatia,25,false
6901209-99,grama,1,true
6901209-99,ponta de faca,12.5,false
6901209-99,quilo,1000,false
6901211-99,barra,60,false
6901211-99,colher de arroz/servir,70,false
6901211-99,colher de sobremesa,35,false
6901211-99,colher de sopa,50,false
6901211-99,copo americano,197,false
6901211-99,copo medio,300,false
6901211-99,fatia,60,false
6901211-99,grama,1,true
6901211-99,pedaco,60,false
6901211-99,pires,151,false
6901211-99,ponta de faca,12.5,false
6901211-99,porcao,45,false
6901211-99,prato de sobremesa,313,false
6901211-99,quilo,1000,false
6901211-99,taca,235,false
6901211-99,xicara de cha,257,false
6901214-99,colher de sopa,40,false
6901214-99,grama,1,true
6901214-99,porcao,45,false
6901214-99,quilo,1000,false
6901224-99,grama,1,true
6901224-99,quilo,1000,false
6901224-99,unidade,32,false
6901301-99,caneca,292,false
6901301-99,colher de arroz/servir,124,false
6901301-99,colher de cha,26,false
6901301-99,colher de sobremesa,26,false
6901301-99,colher de sopa,48,false
6901301-99,concha,160,false
6901301-99,copo americano,160,false
6901301-99,copo de cafezinho,46,false
6901301-99,copo de requeijao,259,false
6901301-99,copo grande,360,false
6901301-99,copo medio,259,false
6901301-99,copo tulipa,274,false
6901301-99,fatia,35,false
6901301-99,grama,1,true
6901301-99,pedaco,57,false
6901301-99,pires,241,false
6901301-99,ponta de faca,12.5,false
6901301-99,porcao,45,false
6901301-99,prato de sobremesa,357,false
6901301-99,quilo,1000,false
6901301-99,taca,186,false
6901301-99,tigela,160,false
6901301-99,unidade,60,false
6901301-99,xicara de cafe,46,false
6901301-99,xicara de cha,160,false
6901401-99,barra,20,false
6901401-99,colher de arroz/servir,51,false
6901401-99,colher de cha,9,false
6901401-99,colher de sobremesa,17,false
6901401-99,colher de sopa,50,false
6901401-99,copo americano,130,false
6901401-99,copo de cafezinho,32,false
6901401-99,copo medio,170,false
6901401-99,fatia,60,false
6901401-99,grama,1,true
6901401-99,pedaco,60,false
6901401-99,pires,97,false
6901401-99,ponta de faca,12.5,false
6901401-99,porcao,45,false
6901401-99,prato de sobremesa,780,false
6901401-99,quilo,1000,false
6901401-99,taca,145,false
6901401-99,tigela,145,false
6901401-99,xicara de cha,145,false
6901501-99,colher de cafe,2,false
6901501-99,colher de cha,3,false
6901501-99,colher de sobremesa,9,false
6901501-99,colher de sopa,15,false
6901501-99,copo americano,150,false
6901501-99,grama,1,true
6901501-99,ponta de faca,12.5,false
6901501-99,quilo,1000,false
6901602-99,colher de arroz/servir,30,false
6901602-99,colher de cafe,2,false
6901602-99,colher de cha,3,false
6901602-99,colher de sobremesa,9,false
6901602-99,colher de sopa,15,false
6901602-99,copo medio,240,false
6901602-99,grama,1,true
6901602-99,ponta de faca,12.5,false
6901602-99,porcao,37.5,false
6901602-99,prato raso,150,false
6901602-99,quilo,1000,false
6901602-99,xicara de cafe,50,false
6901602-99,xicara de cha,200,false
6901701-99,colher de arroz/servir,50,false
6901701-99,colher de sobremesa,12.5,false
6901701-99,colher de sopa,25,false
6901701-99,copo americano,150,false
6901701-99,copo de cafezinho,50,false
6901701-99,copo de requeijao,240,false
6901701-99,copo grande,300,false
6901701-99,copo medio,240,false
6901701-99,cumbuca,200,false
6901701-99,grama,1,true
6901701-99,mililitro,1,false
6901701-99,pedaco,25,false
6901701-99,pires,110,false
6901701-99,ponta de faca,12.5,false
6901701-99,pote,110,false
6901701-99,prato de sobremesa,200,false
6901701-99,quilo,1000,false
6901701-99,taca,110,false
6901701-99,tigela,200,false
6901701-99,unidade,110,false
6901701-99,xicara de cafe,25,false
6901701-99,xicara de cha,110,false
6901801-99,grama,1,false
6901801-99,quilo,1000,false
6901801-99,unidade pequena,0.8,true
6902004-99,grama,1,true
6902004-99,quilo,1000,false
6902004-99,unidade,10,false
6902301-99,colher de sobremesa,9,false
6902301-99,colher de sopa,15,false
6902301-99,grama,1,true
6902301-99,ponta de faca,12.5,false
6902301-99,quilo,1000,false
6902401-99,grama,1,true
6902401-99,quilo,1000,false
6902401-99,unidade,5,false
6902402-99,colher de sopa,18,false
6902402-99,grama,1,true
6902402-99,porcao,36,false
6902402-99,quilo,1000,false
6902601-99,colher de sobremesa,40,false
6902601-99,colher de sopa,50,false
6902601-99,copo americano,90,false
6902601-99,copo de cafezinho,90,false
6902601-99,copo de requeijao,130,false
6902601-99,copo medio,130,false
6902601-99,fatia,130,false
6902601-99,grama,1,true
6902601-99,pedaco,130,false
6902601-99,porcao,50,false
6902601-99,pote,100,false
6902601-99,quilo,1000,false
6902601-99,taca,130,false
6902601-99,tigela,130,false
6902601-99,unidade,130,false
6902601-99,unidade pequena,90,false
6902601-99,xicara de cafe,90,false
6902601-99,xicara de cha,130,false
6902607-99,grama,1,true
6902607-99,pedaco,130,false
6902607-99,ponta de faca,12.5,false
6902607-99,pote,220,false
6902607-99,quilo,1000,false
6902607-99,taca,220,false
6902607-99,unidade,220,false
6902701-99,colher de sobremesa,40,false
6902701-99,colher de sopa,50,false
6902701-99,copo americano,90,false
6902701-99,copo medio,130,false
6902701-99,fatia,130,false
6902701-99,grama,1,true
6902701-99,pedaco,130,false
6902701-99,pires,90,false
6902701-99,porcao,50,false
6902701-99,prato de sobremesa,130,false
6902701-99,quilo,1000,false
6902701-99,unidade,130,false
6902901-99,banda,67.5,false
6902901-99,colher de arroz/servir,24,false
6902901-99,colher de cafe,1.5,false
6902901-99,colher de cha,3,false
6902901-99,colher de sobremesa,6,false
6902901-99,colher de sopa,12,false
6902901-99,concha,48,false
6902901-99,escumadeira,24,false
6902901-99,fatia,135,false
6902901-99,grama,1,true
6902901-99,metade,67.5,false
6902901-99,pedaco,135,false
6902901-99,porcao,42,false
6902901-99,prato de sobremesa,180,false
6902901-99,prato fundo,180,false
6902901-99,prato raso,180,false
6902901-99,quilo,1000,false
6902902-99,fatia,120,false
6902902-99,grama,1,true
6902902-99,pedaco,120,false
6902902-99,quilo,1000,false
6903001-99,grama,1,true
6903001-99,pedaco,90,false
6903001-99,pires,90,false
6903001-99,quilo,1000,false
6903001-99,taca,130,false
6903101-99,colher de sobremesa,30,false
6903101-99,colher de sopa,50,false
6903101-99,grama,1,true
6903101-99,ponta de faca,12.5,false
6903101-99,quilo,1000,false
6903101-99,unidade,70,false
6903102-99,grama,1,true
6903102-99,quilo,1000,false
6903102-99,unidade,70,false
6903201-99,barra,10,false
6903201-99,colher de cafe,7.5,false
6903201-99,colher de sobremesa,30,false
6903201-99,colher de sopa,50,false
6903201-99,grama,1,true
6903201-99,pedaco,10,false
6903201-99,ponta de faca,12.5,false
6903201-99,porcao,30,false
6903201-99,quilo,1000,false
6903201-99,unidade,30,false
6903202-99,grama,1,true
6903202-99,porcao,40,false
6903202-99,quilo,1000,false
6903202-99,unidade,17,false
6903203-99,colher de arroz/servir,100,false
6903203-99,colher de sopa,50,false
6903203-99,grama,1,true
6903203-99,porcao,32,false
6903203-99,quilo,1000,false
6903203-99,unidade,30,false
6903204-99,grama,1,true
6903204-99,quilo,1000,false
6903204-99,unidade,10,false
6903205-99,grama,1,true
6903205-99,quilo,1000,false
6903205-99,unidade,30,false
6903207-99,barra,10,false
6903207-99,grama,1,true
6903207-99,pacote,20,false
6903207-99,ponta de faca,12.5,false
6903207-99,porcao,30,false
6903207-99,quilo,1000,false
6903208-99,grama,1,true
6903208-99,pacote,20,false
6903208-99,ponta de faca,12.5,false
6903208-99,porcao,9,false
6903208-99,quilo,1000,false
6903209-99,colher de sopa,50,false
6903209-99,grama,1,true
6903209-99,pacote,20,false
6903209-99,porcao,30,false
6903209-99,quilo,1000,false
6903303-99,grama,1,true
6903303-99,pacote,20,false
6903303-99,quilo,1000,false
6903304-99,colher de sopa,16,false
6903304-99,concha,64,false
6903304-99,grama,1,true
6903304-99,metade,26.5,false
6903304-99,pacote,53,false
6903304-99,porcao,32,false
6903304-99,punhado,17,false
6903304-99,quilo,1000,false
6903304-99,saco,53,false
6903304-99,unidade,2,false
6903601-99,colher de cafe,7.5,false
6903601-99,colher de cha,15,false
6903601-99,colher de sobremesa,30,false
6903601-99,colher de sopa,50,false
6903601-99,copo medio,192.5,false
6903601-99,grama,1,true
6903601-99,lata (354 ml),354,false
6903601-99,lata (n. e.),385,false
6903601-99,porcao,30,false
6903601-99,pote,385,false
6903601-99,prato de sobremesa,192.5,false
6903601-99,prato fundo,385,false
6903601-99,prato raso,385,false
6903601-99,quilo,1000,false
6903601-99,unidade,15,false
6903601-99,unidade pequena,10,false
6903701-99,grama,1,true
6903701-99,quilo,1000,false
6903701-99,unidade,50,false
6903801-99,grama,1,true
6903801-99,quilo,1000,false
6903801-99,unidade,140,false
6903901-99,grama,1,true
6903901-99,quilo,1000,false
6903901-99,unidade,35,false
6904101-99,colher de sopa,30,false
6904101-99,grama,1,true
6904101-99,pedaco,35,false
6904101-99,quilo,1000,false
6904101-99,unidade,35,false
6904104-99,fatia,130,false
6904104-99,grama,1,true
6904104-99,pedaco,130,false
6904104-99,porcao,50,false
6904104-99,quilo,1000,false
6904105-99,grama,1,true
6904105-99,quilo,1000,false
6904105-99,unidade,35,false
6904105-99,unidade pequena,20,false
6904108-99,grama,1,true
6904108-99,quilo,1000,false
6904108-99,unidade,10,false
6904201-99,barra,130,false
6904201-99,bisnaga,130,false
6904201-99,colher de arroz/servir,80,false
6904201-99,colher de cafe,8,false
6904201-99,colher de cha,12,false
6904201-99,colher de sobremesa,25,false
6904201-99,colher de sopa,40,false
6904201-99,copo americano,220,false
6904201-99,copo de cafezinho,73.3,false
6904201-99,copo de requeijao,270,false
6904201-99,copo grande,270,false
6904201-99,copo medio,270,false
6904201-99,copo tulipa,270,false
6904201-99,fatia,130,false
6904201-99,grama,1,true
6904201-99,pedaco,130,false
6904201-99,pires,80,false
6904201-99,ponta de faca,12.5,false
6904201-99,porcao,50,false
6904201-99,pote,110,false
6904201-99,prato de sobremesa,220,false
6904201-99,quilo,1000,false
6904201-99,taca,110,false
6904201-99,tigela,110,false
6904201-99,xicara de cafe,73.3,false
6904201-99,xicara de cha,220,false
6904202-99,colher de sobremesa,20,false
6904202-99,colher de sopa,35,false
6904202-99,copo americano,60,false
6904202-99,copo medio,170,false
6904202-99,cumbuca,85,false
6904202-99,fatia,85,false
6904202-99,grama,1,true
6904202-99,pedaco,85,false
6904202-99,pires,85,false
6904202-99,porcao,85,false
6904202-99,pote,85,false
6904202-99,prato de sobremesa,85,false
6904202-99,quilo,1000,false
6904202-99,taca,85,false
6904202-99,unidade pequena,60,false
6904203-99,colher de sopa,40,false
6904203-99,grama,1,true
6904203-99,quilo,1000,false
6904204-99,copo de requeijao,240,false
6904204-99,copo grande,300,false
6904204-99,copo medio,240,false
6904204-99,grama,1,true
6904204-99,ponta de faca,12.5,false
6904204-99,quilo,1000,false
6904205-99,grama,1,true
6904205-99,quilo,1000,false
6904205-99,unidade,220,false
6904302-99,colher de cha,12,false
6904302-99,colher de sobremesa,25,false
6904302-99,colher de sopa,40,false
6904302-99,grama,1,true
6904302-99,ponta de faca,12.5,false
6904302-99,quilo,1000,false
6904401-99,grama,1,true
6904401-99,quilo,1000,false
6904401-99,unidade,7.5,false
6904501-99,grama,1,true
6904501-99,quilo,1000,false
6904501-99,unidade,50,false
6904502-99,banda,62.5,false
6904502-99,fatia,62.5,false
6904502-99,grama,1,true
6904502-99,metade,62.5,false
6904502-99,pedaco,31.3,false
6904502-99,quilo,1000,false
6904502-99,tablete,31.3,false
6904502-99,unidade,125,false
6904601-99,colher de sobremesa,9,false
6904601-99,colher de sopa,15,false
6904601-99,grama,1,true
6904601-99,ponta de faca,12.5,false
6904601-99,porcao,37.5,false
6904601-99,quilo,1000,false
6904701-99,grama,1,true
6904701-99,quilo,1000,false
6904701-99,unidade,10,false
6904801-99,grama,1,true
6904801-99,quilo,1000,false
6904801-99,unidade,65,false
6904807-99,grama,1,true
6904807-99,metade,55,false
6904807-99,quilo,1000,false
6904807-99,unidade,110,false
6905001-99,grama,1,true
6905001-99,quilo,1000,false
6905001-99,unidade,59,false
6905001-99,unidade pequena,44.3,false
6905101-99,banda,80,false
6905101-99,fatia,40,false
6905101-99,grama,1,true
6905101-99,pedaco,40,false
6905101-99,quilo,1000,false
6905101-99,rodela,40,false
6905101-99,unidade,160,false
6905401-99,grama,1,true
6905401-99,quilo,1000,false
6905401-99,unidade,170,false
6905603-99,colher de cha,5,false
6905603-99,colher de sobremesa,10,false
6905603-99,colher de sopa,20,false
6905603-99,copo medio,72,false
6905603-99,grama,1,true
6905603-99,pires,72,false
6905603-99,ponta de faca,12.5,false
6905603-99,porcao,72,false
6905603-99,pote,72,false
6905603-99,quilo,1000,false
6905603-99,taca,72,false
6905603-99,unidade,72,false
6905603-99,unidade pequena,72,false
6905801-99,banda,120,false
6905801-99,grama,1,true
6905801-99,pedaco,6.3,false
6905801-99,quilo,1000,false
6905801-99,unidade,240,false
6905804-99,grama,1,true
6905804-99,quilo,1000,false
6905804-99,unidade,20,false
6905901-99,barra,10,false
6905901-99,grama,1,true
6905901-99,quilo,1000,false
6905901-99,unidade,10,false
6906001-99,caneca,280,false
6906001-99,colher de arroz/servir,90,false
6906001-99,colher de cha,10,false
6906001-99,colher de sobremesa,20,false
6906001-99,colher de sopa,40,false
6906001-99,concha,140,false
6906001-99,copo americano,120,false
6906001-99,copo de requeijao,280,false
6906001-99,copo grande,400,false
6906001-99,copo medio,280,false
6906001-99,copo tulipa,400,false
6906001-99,escumadeira,90,false
6906001-99,grama,1,true
6906001-99,pires,120,false
6906001-99,porcao,80,false
6906001-99,pote,120,false
6906001-99,prato de sobremesa,280,false
6906001-99,prato fundo,400,false
6906001-99,prato raso,400,false
6906001-99,quilo,1000,false
6906001-99,taca,120,false
6906001-99,tigela,120,false
6906001-99,xicara de cafe,30,false
6906001-99,xicara de cha,120,false
6906404-99,banda,20,false
6906404-99,grama,1,true
6906404-99,metade,20,false
6906404-99,pedaco,40,false
6906404-99,quilo,1000,false
6906501-99,colher de sopa,11.6,false
6906501-99,copo grande,43.8,false
6906501-99,copo medio,35,false
6906501-99,grama,1,true
6906501-99,quilo,1000,false
6906502-99,colher de sopa,11.6,false
6906502-99,copo americano,21.9,false
6906502-99,copo grande,43.8,false
6906502-99,copo medio,35,false
6906502-99,grama,1,true
6906502-99,quilo,1000,false
6906602-99,colher de cafe,2,false
6906602-99,colher de cha,5,false
6906602-99,colher de sobremesa,16,false
6906602-99,colher de sopa,24,false
6906602-99,copo americano,160,false
6906602-99,copo medio,219,false
6906602-99,grama,1,true
6906602-99,porcao,28,false
6906602-99,quilo,1000,false
6907001-99,colher de cha,3.6,false
6907001-99,grama,1,true
6907001-99,quilo,1000,false
6907201-99,barra,25,false
6907201-99,grama,1,true
6907201-99,pedaco,12.5,false
6907201-99,quilo,1000,false
6907201-99,unidade,25,false
6907202-99,barra,25,false
6907202-99,grama,1,true
6907202-99,quilo,1000,false
6907202-99,unidade,25,false
6907203-99,barra,25,false
6907203-99,grama,1,true
6907203-99,quilo,1000,false
6907203-99,unidade,25,false
6907301-99,colher de arroz/servir,100,false
6907301-99,colher de cafe,10,false
6907301-99,colher de cha,20,false
6907301-99,colher de sobremesa,40,false
6907301-99,colher de sopa,50,false
6907301-99,copo americano,90,false
6907301-99,copo de cafezinho,90,false
6907301-99,copo de requeijao,130,false
6907301-99,copo medio,130,false
6907301-99,cumbuca,130,false
6907301-99,grama,1,true
6907301-99,pires,130,false
6907301-99,ponta de faca,12.5,false
6907301-99,porcao,50,false
6907301-99,pote,100,false
6907301-99,prato de sobremesa,130,false
6907301-99,prato fundo,130,false
6907301-99,prato raso,130,false
6907301-99,quilo,1000,false
6907301-99,taca,100,false
6907301-99,tigela,130,false
6907301-99,unidade,100,false
6907301-99,xicara de cafe,100,false
6907401-99,grama,1,true
6907401-99,pedaco,15,false
6907401-99,quilo,1000,false
6907401-99,rodela,15,false
6907401-99,unidade,60,false
6907501-99,copo americano,150,false
6907501-99,copo grande,300,false
6907501-99,copo medio,240,false
6907501-99,copo tulipa,290,false
6907501-99,garrafa (500 ml),500,false
6907501-99,grama,1,true
6907501-99,mililitro,1,false
6907501-99,quilo,1000,false
6907501-99,unidade,290,false
6907901-99,colher de cha,9.5,false
6907901-99,grama,1,true
6907901-99,ponta de faca,12.5,false
6907901-99,quilo,1000,false
6908001-99,colher de sobremesa,35,false
6908001-99,grama,1,true
6908001-99,ponta de faca,12.5,false
6908001-99,porcao,45,false
6908001-99,quilo,1000,false
6908401-99,grama,1,true
6908401-99,quilo,1000,false
6908401-99,unidade,50,false
6908501-99,grama,1,true
6908501-99,quilo,1000,false
6908501-99,unidade,10,false
6908501-99,unidade pequena,6,false
6909301-99,barra,60,false
6909301-99,grama,1,true
6909301-99,quilo,1000,false
6909601-99,bola,80,false
6909601-99,colher de sopa,50,false
6909601-99,copo americano,150,false
6909601-99,grama,1,true
6909601-99,quilo,1000,false
6909701-99,bola,80,false
6909701-99,copo medio,240,false
6909701-99,grama,1,true
6909701-99,quilo,1000,false
6909701-99,taca,100,false
6909803-99,grama,1,true
6909803-99,pacote,170,false
6909803-99,quilo,1000,false
6909803-99,unidade,5,false
6909901-99,grama,1,true
6909901-99,quilo,1000,false
6909901-99,unidade,1.5,false
6909903-99,grama,1,true
6909903-99,quilo,1000,false
6909903-99,unidade,5,false
6910002-99,grama,1,true
6910002-99,pedaco,6.3,false
6910002-99,quilo,1000,false
6910002-99,tablete,6.3,false
6910102-99,barra,170,false
6910102-99,grama,1,true
6910102-99,pedaco,6.3,false
6910102-99,quilo,1000,false
6910221-99,colher de sopa,16,false
6910221-99,grama,1,true
6910221-99,quilo,1000,false
6910321-99,colher de sobremesa,11,false
6910321-99,colher de sopa,16,false
6910321-99,grama,1,true
6910321-99,quilo,1000,false
6910322-99,grama,1,true
6910322-99,pote,200,false
6910322-99,quilo,1000,false
6910401-99,grama,1,true
6910401-99,quilo,1000,false
6910401-99,unidade,20,false
6910501-99,grama,1,true
6910501-99,quilo,1000,false
6910501-99,unidade,20,false
6910502-99,grama,1,true
6910502-99,quilo,1000,false
6910502-99,unidade,20,false
6910601-99,colher de sopa,34,false
6910601-99,grama,1,true
6910601-99,ponta de faca,12.5,false
6910601-99,porcao,34,false
6910601-99,quilo,1000,false
6910604-99,grama,1,true
6910604-99,ponta de faca,12.5,false
6910604-99,quilo,1000,false
6910605-99,grama,1,true
6910605-99,ponta de faca,12.5,false
6910605-99,quilo,1000,false
6910701-99,colher de sopa,50,false
6910701-99,grama,1,true
6910701-99,pedaco,60,false
6910701-99,quilo,1000,false
6910702-99,colher de sopa,50,false
6910702-99,grama,1,true
6910702-99,ponta de faca,12.5,false
6910702-99,quilo,1000,false
6910801-99,fatia,130,false
6910801-99,grama,1,true
6910801-99,pote,100,false
6910801-99,quilo,1000,false
6910808-99,grama,1,true
6910808-99,pote,220,false
6910808-99,quilo,1000,false
6910901-99,fatia,130,false
6910901-99,grama,1,true
6910901-99,porcao,50,false
6910901-99,quilo,1000,false
6911201-99,colher de cha,12,false
6911201-99,colher de sobremesa,25,false
6911201-99,colher de sopa,40,false
6911201-99,copo de requeijao,270,false
6911201-99,copo medio,270,false
6911201-99,grama,1,true
6911201-99,pedaco,130,false
6911201-99,pires,80,false
6911201-99,ponta de faca,12.5,false
6911201-99,porcao,50,false
6911201-99,pote,110,false
6911201-99,quilo,1000,false
6911201-99,taca,110,false
6911201-99,xicara de cafe,73.3,false
6911301-99,colher de arroz/servir,80,false
6911301-99,colher de cafe,6,false
6911301-99,colher de cha,12,false
6911301-99,colher de sobremesa,25,false
6911301-99,colher de sopa,40,false
6911301-99,copo americano,220,false
6911301-99,copo de cafezinho,73.3,false
6911301-99,copo grande,270,false
6911301-99,copo medio,270,false
6911301-99,grama,1,true
6911301-99,pedaco,130,false
6911301-99,ponta de faca,12.5,false
6911301-99,porcao,50,false
6911301-99,pote,110,false
6911301-99,prato de sobremesa,220,false
6911301-99,quilo,1000,false
6911301-99,taca,110,false
6911301-99,tigela,110,false
6911301-99,xicara de cafe,73.3,false
6912501-99,barra,25,false
6912501-99,grama,1,true
6912501-99,quilo,1000,false
6912501-99,unidade,25,false
6912502-99,barra,25,false
6912502-99,grama,1,true
6912502-99,quilo,1000,false
6912502-99,unidade,25,false
6912801-99,copo grande,300,false
6912801-99,grama,1,true
6912801-99,quilo,1000,false
6913001-99,grama,1,true
6913001-99,quilo,1000,false
6913001-99,unidade,70,false
6913101-99,grama,1,true
6913101-99,pedaco,10,false
6913101-99,quilo,1000,false
6913103-99,grama,1,true
6913103-99,quilo,1000,false
6913103-99,unidade pequena,30,false
6913108-99,grama,1,true
6913108-99,ponta de faca,12.5,false
6913108-99,porcao,9,false
6913108-99,quilo,1000,false
6913801-99,fatia,130,false
6913801-99,grama,1,true
6913801-99,quilo,1000,false
6913901-99,colher de arroz/servir,50,false
6913901-99,colher de sopa,25,false
6913901-99,copo medio,240,false
6913901-99,grama,1,true
6913901-99,pote,110,false
6913901-99,quilo,1000,false
6913901-99,taca,110,false
6913901-99,tigela,200,false
6913901-99,unidade,110,false
6913901-99,xicara de cha,110,false
6914001-99,colher de cha,0.8,true
6914001-99,grama,1,false
6914001-99,quilo,1000,false
6914002-99,colher de sopa,0.8,true
6914002-99,grama,1,false
6914002-99,quilo,1000,false
6914003-99,grama,1,false
6914003-99,quilo,1000,false
6914003-99,unidade pequena,0.3,true
7001501-99,grama,1,true
7001501-99,porcao,10,false
7001501-99,quilo,1000,false
7002304-99,grama,1,true
7002304-99,quilo,1000,false
7002304-99,xicara de cha,200,false
7002401-99,colher de cha,6.5,false
7002401-99,colher de sobremesa,13,false
7002401-99,grama,1,true
7002401-99,quilo,1000,false
7002601-99,colher de sopa,8,false
7002601-99,grama,1,true
7002601-99,quilo,1000,false
7003601-99,colher de sopa,6,false
7003601-99,grama,1,true
7003601-99,quilo,1000,false
7003604-99,colher de arroz/servir,12,false
7003604-99,colher de sopa,6,false
7003604-99,grama,1,true
7003604-99,quilo,1000,false
7003801-99,colher de cha,5,false
7003801-99,colher de sopa,20,false
7003801-99,concha,80,false
7003801-99,copo americano,150,false
7003801-99,copo grande,300,false
7003801-99,grama,1,true
7003801-99,quilo,1000,false
7003801-99,xicara de cafe,50,false
7004301-99,bisnaga,8,false
7004301-99,colher de arroz/servir,50,false
7004301-99,colher de cafe,3,false
7004301-99,colher de cha,6,false
7004301-99,colher de sobremesa,17,false
7004301-99,colher de sopa,27,false
7004301-99,grama,1,true
7004301-99,ponta de faca,4,false
7004301-99,porcao,4,false
7004301-99,quilo,1000,false
7004301-99,sache,8,false
7004701-99,colher de arroz/servir,45,false
7004701-99,colher de sopa,20,false
7004701-99,grama,1,true
7004701-99,quilo,1000,false
7004801-99,colher de arroz/servir,45,false
7004801-99,colher de cha,8.5,false
7004801-99,colher de sobremesa,17,false
7004801-99,colher de sopa,20,false
7004801-99,concha,80,false
7004801-99,escumadeira,45,false
7004801-99,grama,1,true
7004801-99,porcao,20,false
7004801-99,prato raso,40,false
7004801-99,quilo,1000,false
7004802-99,bisnaga,8,false
7004802-99,colher de arroz/servir,40,false
7004802-99,colher de sopa,20,false
7004802-99,grama,1,true
7004802-99,ponta de faca,4,false
7004802-99,porcao,15,false
7004802-99,quilo,1000,false
7004802-99,sache,8,false
7004803-99,colher de cha,5,false
7004803-99,colher de sobremesa,10,false
7004803-99,colher de sopa,20,false
7004803-99,dose,15,false
7004803-99,grama,1,true
7004803-99,ponta de faca,4,false
7004803-99,porcao,15,false
7004803-99,quilo,1000,false
7004803-99,sache,8,false
7006101-99,colher de cafe,1.2,false
7006101-99,colher de cha,1.5,false
7006101-99,colher de sobremesa,6.5,false
7006101-99,colher de sopa,13,false
7006101-99,grama,1,false
7006101-99,porcao,0.5,true
7006101-99,quilo,1000,false
7007101-99,concha,130,false
7007101-99,copo de cafezinho,50,false
7007101-99,copo medio,240,false
7007101-99,grama,1,true
7007101-99,quilo,1000,false
7007502-99,colher de arroz/servir,60,false
7007502-99,fatia,20,false
7007502-99,grama,1,true
7007502-99,quilo,1000,false
7007701-99,colher de arroz/servir,40,false
7007701-99,colher de sopa,20,false
7007701-99,concha,130,false
7007701-99,copo americano,150,false
7007701-99,copo grande,300,false
7007701-99,grama,1,true
7007701-99,prato fundo,520,false
7007701-99,prato raso,325,false
7007701-99,quilo,1000,false
7007701-99,tigela,300,false
7007701-99,xicara de cafe,50,false
7007901-99,concha,130,false
7007901-99,grama,1,true
7007901-99,porcao,20,false
7007901-99,prato fundo,520,false
7007901-99,quilo,1000,false
7010301-99,colher de sopa,17.6,false
7010301-99,grama,1,true
7010301-99,porcao,35.2,false
7010301-99,punhado,35.2,false
7010301-99,quilo,1000,false
7010401-99,colher de sobremesa,17,false
7010401-99,colher de sopa,27,false
7010401-99,grama,1,true
7010401-99,ponta de faca,4,false
7010401-99,quilo,1000,false
7010501-99,colher de sopa,6,false
7010501-99,grama,1,true
7010501-99,quilo,1000,false
7010601-99,copo grande,300,false
7010601-99,grama,1,true
7010601-99,quilo,1000,false
7079202-99,colher de arroz/servir,65,false
7079202-99,colher de cha,9,false
7079202-99,colher de sopa,30,false
7079202-99,concha,80,false
7079202-99,grama,1,true
7079202-99,pegador,30,false
7079202-99,porcao,22,false
7079202-99,quilo,1000,false
7100101-2,bife,100,false
7100101-2,grama,1,true
7100101-2,pedaco,35,false
7100101-2,quilo,1000,false
7100101-2,unidade,100,false
7100101-3,bife,100,false
7100101-3,fatia,35,false
7100101-3,file,100,false
7100101-3,grama,1,true
7100101-3,pedaco,35,false
7100101-3,quilo,1000,false
7100101-3,unidade,100,false
7100101-4,bife,100,false
7100101-4,file,100,false
7100101-4,grama,1,true
7100101-4,pedaco,35,false
7100101-4,porcao,75,false
7100101-4,quilo,1000,false
7100101-4,unidade,100,false
7100101-5,bife,100,false
7100101-5,fatia,35,false
7100101-5,grama,1,true
7100101-5,pedaco,35,false
7100101-5,porcao,75,false
7100101-5,quilo,1000,false
7100101-5,unidade,100,false
7100101-6,bife,80,false
7100101-6,grama,1,true
7100101-6,quilo,1000,false
7100101-7,bife,100,false
7100101-7,colher de arroz/servir,70,false
7100101-7,grama,1,true
7100101-7,quilo,1000,false
7100101-8,bife,100,false
7100101-8,grama,1,true
7100101-8,pedaco,35,false
7100101-8,quilo,1000,false
7100101-9,grama,1,true
7100101-9,pedaco,35,false
7100101-9,quilo,1000,false
7100101-11,grama,1,true
7100101-11,quilo,1000,false
7100101-11,unidade,100,false
7100101-99,grama,1,true
7100101-99,pedaco,35,false
7100101-99,quilo,1000,false
7100201-2,bife,100,false
7100201-2,grama,1,true
7100201-2,pedaco,35,false
7100201-2,porcao,75,false
7100201-2,quilo,1000,false
7100201-3,bife,100,false
7100201-3,grama,1,true
7100201-3,pedaco,35,false
7100201-3,quilo,1000,false
7100201-4,bife,100,false
7100201-4,espetinho,46,false
7100201-4,fatia,35,false
7100201-4,file,100,false
7100201-4,grama,1,true
7100201-4,pedaco,35,false
7100201-4,pegador,30,false
7100201-4,quilo,1000,false
7100201-5,bife,100,false
7100201-5,fatia,35,false
7100201-5,file,100,false
7100201-5,grama,1,true
7100201-5,pedaco,35,false
7100201-5,quilo,1000,false
7100201-6,bife,80,false
7100201-6,grama,1,true
7100201-6,quilo,1000,false
7100201-7,bife,100,false
7100201-7,grama,1,true
7100201-7,quilo,1000,false
7100201-8,bife,100,false
7100201-8,grama,1,true
7100201-8,pedaco,35,false
7100201-8,quilo,1000,false
7100205-1,grama,1,true
7100205-1,pedaco,70,false
7100205-1,quilo,1000,false
7100205-2,grama,1,true
7100205-2,pedaco,70,false
7100205-2,quilo,1000,false
7100205-3,bife,150,false
7100205-3,colher de arroz/servir,70,false
7100205-3,grama,1,true
7100205-3,pedaco,70,false
7100205-3,quilo,1000,false
7100205-3,unidade,150,false
7100205-4,bife,150,false
7100205-4,fatia,70,false
7100205-4,grama,1,true
7100205-4,pedaco,70,false
7100205-4,quilo,1000,false
7100205-4,unidade,150,false
7100205-5,bife,150,false
7100205-5,colher de sopa,30,false
7100205-5,grama,1,true
7100205-5,pedaco,70,false
7100205-5,quilo,1000,false
7100205-5,unidade,150,false
7100205-6,grama,1,true
7100205-6,quilo,1000,false
7100205-6,unidade,110,false
7100205-7,fatia,70,false
7100205-7,grama,1,true
7100205-7,quilo,1000,false
7100205-7,unidade,150,false
7100205-8,grama,1,true
7100205-8,quilo,1000,false
7100205-8,unidade,150,false
7100301-1,bife,100,false
7100301-1,grama,1,true
7100301-1,quilo,1000,false
7100301-2,bife,100,false
7100301-2,grama,1,true
7100301-2,pedaco,35,false
7100301-2,porcao,75,false
7100301-2,quilo,1000,false
7100301-3,bife,100,false
7100301-3,espeto,46,false
7100301-3,fatia,35,false
7100301-3,grama,1,true
7100301-3,pedaco,35,false
7100301-3,porcao,75,false
7100301-3,quilo,1000,false
7100301-4,bife,100,false
7100301-4,fatia,35,false
7100301-4,grama,1,true
7100301-4,pedaco,35,false
7100301-4,porcao,75,false
7100301-4,quilo,1000,false
7100301-5,bife,100,false
7100301-5,colher de arroz/servir,70,false
7100301-5,fatia,35,false
7100301-5,grama,1,true
7100301-5,pedaco,35,false
7100301-5,porcao,75,false
7100301-5,quilo,1000,false
7100301-6,bife,80,false
7100301-6,file,80,false
7100301-6,grama,1,true
7100301-6,quilo,1000,false
7100301-7,bife,100,false
7100301-7,grama,1,true
7100301-7,pedaco,35,false
7100301-7,porcao,75,false
7100301-7,quilo,1000,false
7100301-8,bife,100,false
7100301-8,grama,1,true
7100301-8,quilo,1000,false
7100301-12,bife,100,false
7100301-12,grama,1,true
7100301-12,quilo,1000,false
7100301-13,bife,100,false
7100301-13,grama,1,true
7100301-13,quilo,1000,false
7100303-3,bife,100,false
7100303-3,fatia,35,false
7100303-3,file,100,false
7100303-3,grama,1,true
7100303-3,pedaco,35,false
7100303-3,porcao,75,false
7100303-3,quilo,1000,false
7100303-4,bife,100,false
7100303-4,fatia,35,false
7100303-4,grama,1,true
7100303-4,pedaco,35,false
7100303-4,quilo,1000,false
7100303-5,bife,100,false
7100303-5,grama,1,true
7100303-5,quilo,1000,false
7100303-8,fatia,35,false
7100303-8,grama,1,true
7100303-8,quilo,1000,false
7100304-2,grama,1,true
7100304-2,pedaco,35,false
7100304-2,porcao,75,false
7100304-2,quilo,1000,false
7100304-3,bife,100,false
7100304-3,espetinho,46,false
7100304-3,fatia,90,false
7100304-3,file,100,false
7100304-3,grama,1,true
7100304-3,pedaco,35,false
7100304-3,porcao,75,false
7100304-3,quilo,1000,false
7100304-4,bife,100,false
7100304-4,colher de arroz/servir,70,false
7100304-4,espetinho,46,false
7100304-4,fatia,90,false
7100304-4,grama,1,true
7100304-4,pedaco,35,false
7100304-4,porcao,75,false
7100304-4,quilo,1000,false
7100304-5,bife,100,false
7100304-5,grama,1,true
7100304-5,pedaco,35,false
7100304-5,quilo,1000,false
7100304-13,bife,100,false
7100304-13,fatia,90,false
7100304-13,grama,1,true
7100304-13,quilo,1000,false
7100501-2,bife,100,false
7100501-2,grama,1,true
7100501-2,pedaco,35,false
7100501-2,porcao,75,false
7100501-2,quilo,1000,false
7100501-3,bife,100,false
7100501-3,fatia,35,false
7100501-3,grama,1,true
7100501-3,pedaco,35,false
7100501-3,quilo,1000,false
7100501-4,bife,100,false
7100501-4,grama,1,true
7100501-4,quilo,1000,false
7100501-5,bife,100,false
7100501-5,grama,1,true
7100501-5,pedaco,35,false
7100501-5,quilo,1000,false
7100501-6,bife,80,false
7100501-6,grama,1,true
7100501-6,quilo,1000,false
7100501-8,bife,100,false
7100501-8,grama,1,true
7100501-8,pedaco,35,false
7100501-8,quilo,1000,false
7100501-13,colher de arroz/servir,70,false
7100501-13,grama,1,true
7100501-13,pedaco,35,false
7100501-13,porcao,75,false
7100501-13,quilo,1000,false
7100502-2,fatia,35,false
7100502-2,grama,1,true
7100502-2,pedaco,35,false
7100502-2,quilo,1000,false
7100502-3,bife,100,false
7100502-3,grama,1,true
7100502-3,pedaco,35,false
7100502-3,quilo,1000,false
7100502-4,bife,100,false
7100502-4,grama,1,true
7100502-4,pedaco,35,false
7100502-4,quilo,1000,false
7100502-5,bife,100,false
7100502-5,grama,1,true
7100502-5,quilo,1000,false
7100502-6,grama,1,true
7100502-6,pedaco,35,false
7100502-6,quilo,1000,false
7100502-7,grama,1,true
7100502-7,pedaco,35,false
7100502-7,quilo,1000,false
7100604-2,colher de arroz/servir,70,false
7100604-2,fatia,35,false
7100604-2,grama,1,true
7100604-2,quilo,1000,false
7100604-5,bife,100,false
7100604-5,grama,1,true
7100604-5,quilo,1000,false
7100604-8,fatia,35,false
7100604-8,grama,1,true
7100604-8,quilo,1000,false
7100606-2,colher de arroz/servir,70,false
7100606-2,concha,140,false
7100606-2,grama,1,true
7100606-2,pedaco,35,false
7100606-2,quilo,1000,false
7100606-4,grama,1,true
7100606-4,pedaco,35,false
7100606-4,quilo,1000,false
7100606-7,grama,1,true
7100606-7,pedaco,35,false
7100606-7,porcao,75,false
7100606-7,quilo,1000,false
7100606-99,colher de arroz/servir,70,false
7100606-99,grama,1,true
7100606-99,pedaco,35,false
7100606-99,quilo,1000,false
7100607-2,grama,1,true
7100607-2,pedaco,35,false
7100607-2,quilo,1000,false
7100607-4,grama,1,true
7100607-4,pedaco,35,false
7100607-4,quilo,1000,false
7100608-2,bife,100,false
7100608-2,fatia,90,false
7100608-2,grama,1,true
7100608-2,pedaco,35,false
7100608-2,porcao,75,false
7100608-2,quilo,1000,false
7100608-4,fatia,90,false
7100608-4,grama,1,true
7100608-4,pedaco,35,false
7100608-4,quilo,1000,false
7100608-5,bife,100,false
7100608-5,fatia,90,false
7100608-5,grama,1,true
7100608-5,quilo,1000,false
7100608-13,fatia,90,false
7100608-13,grama,1,true
7100608-13,pedaco,35,false
7100608-13,porcao,75,false
7100608-13,quilo,1000,false
7100702-2,bife,100,false
7100702-2,fatia,35,false
7100702-2,grama,1,true
7100702-2,porcao,75,false
7100702-2,quilo,1000,false
7100801-2,bife,100,false
7100801-2,colher de arroz/servir,70,false
7100801-2,grama,1,true
7100801-2,pedaco,35,false
7100801-2,porcao,75,false
7100801-2,quilo,1000,false
7100801-4,fatia,90,false
7100801-4,grama,1,true
7100801-4,pedaco,35,false
7100801-4,quilo,1000,false
7100801-5,bife,100,false
7100801-5,grama,1,true
7100801-5,pedaco,35,false
7100801-5,porcao,75,false
7100801-5,quilo,1000,false
7100801-6,bife,80,false
7100801-6,grama,1,true
7100801-6,quilo,1000,false
7100801-7,grama,1,true
7100801-7,pedaco,35,false
7100801-7,porcao,75,false
7100801-7,quilo,1000,false
7100801-13,grama,1,true
7100801-13,pedaco,35,false
7100801-13,quilo,1000,false
7100803-2,grama,1,true
7100803-2,pedaco,35,false
7100803-2,quilo,1000,false
7100803-4,grama,1,true
7100803-4,pedaco,35,false
7100803-4,quilo,1000,false
7100803-5,grama,1,true
7100803-5,pedaco,35,false
7100803-5,quilo,1000,false
7100905-2,colher de arroz/servir,70,false
7100905-2,grama,1,true
7100905-2,pedaco,35,false
7100905-2,porcao,75,false
7100905-2,quilo,1000,false
7100905-5,bife,100,false
7100905-5,grama,1,true
7100905-5,quilo,1000,false
7100905-8,grama,1,true
7100905-8,pedaco,35,false
7100905-8,quilo,1000,false
7100905-13,bife,100,false
7100905-13,grama,1,true
7100905-13,porcao,75,false
7100905-13,quilo,1000,false
7100908-2,colher de arroz/servir,70,false
7100908-2,grama,1,true
7100908-2,pedaco,35,false
7100908-2,quilo,1000,false
7100908-3,grama,1,true
7100908-3,pedaco,35,false
7100908-3,quilo,1000,false
7100908-4,grama,1,true
7100908-4,pedaco,35,false
7100908-4,quilo,1000,false
7101001-2,bife,100,false
7101001-2,colher de sopa,30,false
7101001-2,concha,140,false
7101001-2,escumadeira,70,false
7101001-2,grama,1,true
7101001-2,pedaco,35,false
7101001-2,porcao,75,false
7101001-2,quilo,1000,false
7101001-4,grama,1,true
7101001-4,pedaco,35,false
7101001-4,quilo,1000,false
7101001-8,bife,100,false
7101001-8,grama,1,true
7101001-8,quilo,1000,false
7101001-13,colher de arroz/servir,70,false
7101001-13,colher de sopa,30,false
7101001-13,grama,1,true
7101001-13,pedaco,35,false
7101001-13,quilo,1000,false
7101001-15,grama,1,true
7101001-15,pedaco,35,false
7101001-15,quilo,1000,false
7101006-2,colher de arroz/servir,70,false
7101006-2,concha,140,false
7101006-2,grama,1,true
7101006-2,pedaco,35,false
7101006-2,quilo,1000,false
7101006-4,colher de arroz/servir,70,false
7101006-4,grama,1,true
7101006-4,quilo,1000,false
7101006-7,grama,1,true
7101006-7,pedaco,35,false
7101006-7,quilo,1000,false
7101009-2,colher de arroz/servir,70,false
7101009-2,grama,1,true
7101009-2,porcao,75,false
7101009-2,quilo,1000,false
7101009-5,colher de arroz/servir,70,false
7101009-5,grama,1,true
7101009-5,quilo,1000,false
7101009-7,colher de arroz/servir,70,false
7101009-7,colher de sopa,30,false
7101009-7,grama,1,true
7101009-7,quilo,1000,false
7101011-2,grama,1,true
7101011-2,pedaco,35,false
7101011-2,porcao,75,false
7101011-2,quilo,1000,false
7101011-3,grama,1,true
7101011-3,pedaco,35,false
7101011-3,quilo,1000,false
7101011-5,bife,100,false
7101011-5,colher de arroz/servir,70,false
7101011-5,grama,1,true
7101011-5,pedaco,35,false
7101011-5,quilo,1000,false
7101101-2,colher de arroz/servir,70,false
7101101-2,concha,140,false
7101101-2,grama,1,true
7101101-2,pedaco,35,false
7101101-2,quilo,1000,false
7101101-5,file,100,false
7101101-5,grama,1,true
7101101-5,pedaco,35,false
7101101-5,quilo,1000,false
7101202-2,colher de arroz/servir,70,false
7101202-2,grama,1,true
7101202-2,pedaco,35,false
7101202-2,quilo,1000,false
7101202-3,colher de sopa,30,false
7101202-3,grama,1,true
7101202-3,pedaco,35,false
7101202-3,quilo,1000,false
7101202-4,bife,100,false
7101202-4,grama,1,true
7101202-4,pedaco,35,false
7101202-4,quilo,1000,false
7101202-5,bife,100,false
7101202-5,grama,1,true
7101202-5,quilo,1000,false
7101203-1,grama,1,true
7101203-1,pedaco,35,false
7101203-1,quilo,1000,false
7101203-3,grama,1,true
7101203-3,pedaco,35,false
7101203-3,quilo,1000,false
7101203-5,bife,100,false
7101203-5,grama,1,true
7101203-5,pedaco,35,false
7101203-5,quilo,1000,false
7101301-2,colher de arroz/servir,70,false
7101301-2,concha,140,false
7101301-2,grama,1,true
7101301-2,pedaco,40,false
7101301-2,porcao,40,false
7101301-2,quilo,1000,false
7101301-4,grama,1,true
7101301-4,pedaco,40,false
7101301-4,quilo,1000,false
7101301-7,grama,1,true
7101301-7,pedaco,40,false
7101301-7,quilo,1000,false
7101301-13,colher de arroz/servir,70,false
7101301-13,grama,1,true
7101301-13,pedaco,40,false
7101301-13,quilo,1000,false
7101704-2,colher de sopa,30,false
7101704-2,grama,1,true
7101704-2,pedaco,40,false
7101704-2,quilo,1000,false
7101704-4,grama,1,true
7101704-4,pedaco,40,false
7101704-4,quilo,1000,false
7101704-5,bife,150,false
7101704-5,grama,1,true
7101704-5,pedaco,40,false
7101704-5,quilo,1000,false
7101706-3,grama,1,true
7101706-3,pedaco,35,false
7101706-3,quilo,1000,false
7101706-4,grama,1,true
7101706-4,pedaco,35,false
7101706-4,quilo,1000,false
7101706-4,unidade,100,false
7101706-5,bife,100,false
7101706-5,grama,1,true
7101706-5,pedaco,35,false
7101706-5,quilo,1000,false
7101706-5,unidade,100,false
7101706-6,bife,80,false
7101706-6,file,80,false
7101706-6,grama,1,true
7101706-6,quilo,1000,false
7101706-6,unidade,80,false
7101706-10,bife,100,false
7101706-10,grama,1,true
7101706-10,quilo,1000,false
7101801-2,grama,1,true
7101801-2,pedaco,35,false
7101801-2,quilo,1000,false
7101801-5,grama,1,true
7101801-5,pedaco,35,false
7101801-5,quilo,1000,false
7101806-2,colher de arroz/servir,76,false
7101806-2,colher de sopa,18,false
7101806-2,concha,164,false
7101806-2,grama,1,true
7101806-2,porcao,312,false
7101806-2,quilo,1000,false
7101806-13,concha,164,false
7101806-13,grama,1,true
7101806-13,quilo,1000,false
7101901-2,colher de sopa,30,false
7101901-2,grama,1,true
7101901-2,pedaco,35,false
7101901-2,quilo,1000,false
7101901-3,colher de sopa,30,false
7101901-3,grama,1,true
7101901-3,pedaco,35,false
7101901-3,quilo,1000,false
7101901-4,fatia,90,false
7101901-4,grama,1,true
7101901-4,pedaco,35,false
7101901-4,quilo,1000,false
7101901-5,bife,100,false
7101901-5,fatia,90,false
7101901-5,grama,1,true
7101901-5,pedaco,35,false
7101901-5,quilo,1000,false
7102001-2,grama,1,true
7102001-2,pedaco,35,false
7102001-2,quilo,1000,false
7102102-4,grama,1,true
7102102-4,pedaco,35,false
7102102-4,quilo,1000,false
7102102-5,bife,100,false
7102102-5,grama,1,true
7102102-5,pedaco,35,false
7102102-5,quilo,1000,false
7102102-7,bife,100,false
7102102-7,grama,1,true
7102102-7,quilo,1000,false
7102201-2,grama,1,true
7102201-2,pedaco,35,false
7102201-2,quilo,1000,false
7102401-2,colher de sopa,35,false
7102401-2,grama,1,true
7102401-2,quilo,1000,false
7102401-3,colher de sopa,35,false
7102401-3,grama,1,true
7102401-3,porcao,150,false
7102401-3,quilo,1000,false
7102401-4,colher de sopa,35,false
7102401-4,escumadeira,70,false
7102401-4,grama,1,true
7102401-4,porcao,150,false
7102401-4,quilo,1000,false
7102401-5,colher de sopa,35,false
7102401-5,escumadeira,70,false
7102401-5,grama,1,true
7102401-5,porcao,150,false
7102401-5,quilo,1000,false
7102402-2,colher de arroz/servir,70,false
7102402-2,colher de sopa,35,false
7102402-2,concha,150,false
7102402-2,escumadeira,70,false
7102402-2,grama,1,true
7102402-2,porcao,200,false
7102402-2,quilo,1000,false
7102402-4,concha,150,false
7102402-4,grama,1,true
7102402-4,quilo,1000,false
7102402-8,concha,150,false
7102402-8,grama,1,true
7102402-8,quilo,1000,false
7102402-13,colher de arroz/servir,70,false
7102402-13,colher de sopa,35,false
7102402-13,concha,150,false
7102402-13,grama,1,true
7102402-13,quilo,1000,false
7102402-99,colher de arroz/servir,70,false
7102402-99,grama,1,true
7102402-99,porcao,200,false
7102402-99,quilo,1000,false
7102403-2,colher de arroz/servir,70,false
7102403-2,colher de sopa,35,false
7102403-2,concha,150,false
7102403-2,grama,1,true
7102403-2,quilo,1000,false
7102403-5,concha,150,false
7102403-5,grama,1,true
7102403-5,quilo,1000,false
7102404-2,concha,150,false
7102404-2,grama,1,true
7102404-2,quilo,1000,false
7102501-1,bife,100,false
7102501-1,grama,1,true
7102501-1,quilo,1000,false
7102501-2,bife,100,false
7102501-2,colher de arroz/servir,70,false
7102501-2,colher de sopa,30,false
7102501-2,fatia,90,false
7102501-2,grama,1,true
7102501-2,porcao,100,false
7102501-2,quilo,1000,false
7102501-3,bife,100,false
7102501-3,grama,1,true
7102501-3,pedaco,35,false
7102501-3,quilo,1000,false
7102501-4,bife,100,false
7102501-4,fatia,90,false
7102501-4,grama,1,true
7102501-4,pedaco,35,false
7102501-4,quilo,1000,false
7102501-5,bife,100,false
7102501-5,colher de arroz/servir,70,false
7102501-5,colher de sopa,30,false
7102501-5,fatia,90,false
7102501-5,file,100,false
7102501-5,grama,1,true
7102501-5,pedaco,35,false
7102501-5,porcao,100,false
7102501-5,quilo,1000,false
7102501-6,bife,80,false
7102501-6,grama,1,true
7102501-6,quilo,1000,false
7102501-7,bife,100,false
7102501-7,colher de arroz/servir,70,false
7102501-7,concha,140,false
7102501-7,grama,1,true
7102501-7,pedaco,35,false
7102501-7,porcao,100,false
7102501-7,quilo,1000,false
7102501-8,bife,100,false
7102501-8,grama,1,true
7102501-8,pedaco,35,false
7102501-8,quilo,1000,false
7102501-10,bife,100,false
7102501-10,grama,1,true
7102501-10,porcao,100,false
7102501-10,quilo,1000,false
7102501-13,bife,100,false
7102501-13,colher de sopa,30,false
7102501-13,grama,1,true
7102501-13,pedaco,35,false
7102501-13,porcao,100,false
7102501-13,quilo,1000,false
7102601-3,file,100,false
7102601-3,grama,1,true
7102601-3,pedaco,35,false
7102601-3,quilo,1000,false
7102601-4,bife,100,false
7102601-4,fatia,90,false
7102601-4,grama,1,true
7102601-4,pedaco,35,false
7102601-4,porcao,75,false
7102601-4,quilo,1000,false
7102601-5,bife,100,false
7102601-5,grama,1,true
7102601-5,quilo,1000,false
7102701-2,bife,100,false
7102701-2,fatia,90,false
7102701-2,grama,1,true
7102701-2,pedaco,30,false
7102701-2,quilo,1000,false
7102701-3,colher de sopa,30,false
7102701-3,grama,1,true
7102701-3,pedaco,30,false
7102701-3,quilo,1000,false
7102701-4,grama,1,true
7102701-4,pedaco,30,false
7102701-4,quilo,1000,false
7102701-5,bife,100,false
7102701-5,file,100,false
7102701-5,grama,1,true
7102701-5,pedaco,30,false
7102701-5,porcao,90,false
7102701-5,quilo,1000,false
7102701-8,grama,1,true
7102701-8,pedaco,30,false
7102701-8,quilo,1000,false
7102701-13,grama,1,true
7102701-13,pedaco,30,false
7102701-13,porcao,90,false
7102701-13,quilo,1000,false
7102801-99,colher de arroz/servir,70,false
7102801-99,colher de sopa,30,false
7102801-99,concha,140,false
7102801-99,grama,1,true
7102801-99,pedaco,40,false
7102801-99,porcao,90,false
7102801-99,quilo,1000,false
7103101-2,colher de arroz/servir,70,false
7103101-2,colher de sopa,30,false
7103101-2,concha,140,false
7103101-2,grama,1,true
7103101-2,pedaco,40,false
7103101-2,porcao,40,false
7103101-2,quilo,1000,false
7103101-13,grama,1,true
7103101-13,pedaco,40,false
7103101-13,quilo,1000,false
7103101-15,grama,1,true
7103101-15,prato fundo,520,false
7103101-15,quilo,1000,false
7103101-99,grama,1,true
7103101-99,pedaco,40,false
7103101-99,porcao,40,false
7103101-99,quilo,1000,false
7103104-5,bife,100,false
7103104-5,grama,1,true
7103104-5,quilo,1000,false
7103105-2,colher de arroz/servir,70,false
7103105-2,concha,225,false
7103105-2,grama,1,true
7103105-2,pedaco,35,false
7103105-2,quilo,1000,false
7103301-2,bife,90,false
7103301-2,colher de arroz/servir,70,false
7103301-2,colher de sopa,30,false
7103301-2,grama,1,true
7103301-2,quilo,1000,false
7103301-2,unidade,90,false
7103301-3,bife,90,false
7103301-3,grama,1,true
7103301-3,pedaco,35,false
7103301-3,porcao,90,false
7103301-3,quilo,1000,false
7103301-4,bife,90,false
7103301-4,grama,1,true
7103301-4,quilo,1000,false
7103301-4,unidade,90,false
7103301-5,bife,90,false
7103301-5,fatia,90,false
7103301-5,grama,1,true
7103301-5,pedaco,35,false
7103301-5,quilo,1000,false
7103301-5,unidade,90,false
7103305-2,grama,1,true
7103305-2,pedaco,70,false
7103305-2,porcao,140,false
7103305-2,quilo,1000,false
7103305-3,bife,70,false
7103305-3,grama,1,true
7103305-3,pedaco,70,false
7103305-3,quilo,1000,false
7103305-4,bife,70,false
7103305-4,grama,1,true
7103305-4,pedaco,70,false
7103305-4,porcao,140,false
7103305-4,quilo,1000,false
7103305-5,bife,70,false
7103305-5,file,100,false
7103305-5,grama,1,true
7103305-5,pedaco,70,false
7103305-5,porcao,140,false
7103305-5,quilo,1000,false
7103305-6,grama,1,true
7103305-6,pedaco,70,false
7103305-6,quilo,1000,false
7103305-7,bife,70,false
7103305-7,grama,1,true
7103305-7,pedaco,70,false
7103305-7,quilo,1000,false
7103305-99,bife,70,false
7103305-99,grama,1,true
7103305-99,pedaco,70,false
7103305-99,quilo,1000,false
7103401-2,grama,1,true
7103401-2,pedaco,42,false
7103401-2,porcao,140,false
7103401-2,quilo,1000,false
7103401-4,bife,42,false
7103401-4,fatia,90,false
7103401-4,grama,1,true
7103401-4,pedaco,42,false
7103401-4,quilo,1000,false
7103401-5,bife,42,false
7103401-5,grama,1,true
7103401-5,pedaco,42,false
7103401-5,porcao,140,false
7103401-5,quilo,1000,false
7103401-7,grama,1,true
7103401-7,pedaco,42,false
7103401-7,quilo,1000,false
7103403-2,grama,1,true
7103403-2,pedaco,95,false
7103403-2,quilo,1000,false
7103501-1,grama,1,true
7103501-1,pedaco,25,false
7103501-1,quilo,1000,false
7103501-2,costela,25,false
7103501-2,grama,1,true
7103501-2,pedaco,25,false
7103501-2,porcao,40,false
7103501-2,quilo,1000,false
7103501-2,unidade,25,false
7103501-3,grama,1,true
7103501-3,pedaco,25,false
7103501-3,quilo,1000,false
7103501-3,unidade,25,false
7103501-4,costela,25,false
7103501-4,grama,1,true
7103501-4,pedaco,25,false
7103501-4,porcao,40,false
7103501-4,quilo,1000,false
7103501-4,unidade,25,false
7103501-5,bife,42,false
7103501-5,colher de arroz/servir,70,false
7103501-5,grama,1,true
7103501-5,pedaco,25,false
7103501-5,porcao,40,false
7103501-5,quilo,1000,false
7103501-5,unidade,25,false
7103501-7,grama,1,true
7103501-7,pedaco,25,false
7103501-7,quilo,1000,false
7103501-8,grama,1,true
7103501-8,pedaco,25,false
7103501-8,quilo,1000,false
7103501-13,grama,1,true
7103501-13,pedaco,25,false
7103501-13,quilo,1000,false
7103501-13,unidade,25,false
7103501-99,grama,1,true
7103501-99,pedaco,25,false
7103501-99,porcao,40,false
7103501-99,quilo,1000,false
7103701-2,grama,1,true
7103701-2,pedaco,95,false
7103701-2,quilo,1000,false
7103701-3,bife,190,false
7103701-3,fatia,190,false
7103701-3,grama,1,true
7103701-3,pedaco,95,false
7103701-3,quilo,1000,false
7103701-4,fatia,190,false
7103701-4,grama,1,true
7103701-4,pedaco,95,false
7103701-4,quilo,1000,false
7103701-5,bife,190,false
7103701-5,fatia,190,false
7103701-5,file,100,false
7103701-5,grama,1,true
7103701-5,pedaco,95,false
7103701-5,quilo,1000,false
7103801-99,grama,1,true
7103801-99,pedaco,10,false
7103801-99,porcao,7.5,false
7103801-99,quilo,1000,false
7103903-2,colher de arroz/servir,70,false
7103903-2,grama,1,true
7103903-2,pedaco,35,false
7103903-2,porcao,93.5,false
7103903-2,quilo,1000,false
7103906-99,colher de arroz/servir,117,false
7103906-99,colher de sopa,14,false
7103906-99,escumadeira,70,false
7103906-99,grama,1,true
7103906-99,quilo,1000,false
7103907-99,colher de arroz/servir,117,false
7103907-99,colher de sopa,14,false
7103907-99,concha,142,false
7103907-99,grama,1,true
7103907-99,porcao,150,false
7103907-99,prato fundo,117,false
7103907-99,quilo,1000,false
7104101-1,bife,190,false
7104101-1,grama,1,true
7104101-1,pedaco,95,false
7104101-1,quilo,1000,false
7104101-2,bife,190,false
7104101-2,colher de arroz/servir,70,false
7104101-2,colher de sopa,30,false
7104101-2,concha,140,false
7104101-2,escumadeira,70,false
7104101-2,fatia,190,false
7104101-2,grama,1,true
7104101-2,pedaco,95,false
7104101-2,porcao,95,false
7104101-2,quilo,1000,false
7104101-3,bife,190,false
7104101-3,costela,25,false
7104101-3,espetinho,46,false
7104101-3,file,100,false
7104101-3,grama,1,true
7104101-3,pedaco,95,false
7104101-3,porcao,95,false
7104101-3,quilo,1000,false
7104101-4,bife,190,false
7104101-4,costela,25,false
7104101-4,espetinho,46,false
7104101-4,fatia,190,false
7104101-4,grama,1,true
7104101-4,pedaco,95,false
7104101-4,porcao,95,false
7104101-4,quilo,1000,false
7104101-5,bife,190,false
7104101-5,colher de arroz/servir,70,false
7104101-5,colher de sopa,30,false
7104101-5,concha,140,false
7104101-5,costela,25,false
7104101-5,fatia,190,false
7104101-5,grama,1,true
7104101-5,pedaco,95,false
7104101-5,porcao,95,false
7104101-5,quilo,1000,false
7104101-6,espetinho,46,false
7104101-6,grama,1,true
7104101-6,pedaco,95,false
7104101-6,quilo,1000,false
7104101-7,bife,190,false
7104101-7,colher de arroz/servir,70,false
7104101-7,grama,1,true
7104101-7,pedaco,95,false
7104101-7,porcao,95,false
7104101-7,quilo,1000,false
7104101-8,grama,1,true
7104101-8,pedaco,95,false
7104101-8,quilo,1000,false
7104101-10,grama,1,true
7104101-10,pedaco,95,false
7104101-10,quilo,1000,false
7104101-13,grama,1,true
7104101-13,pedaco,95,false
7104101-13,quilo,1000,false
7104101-99,grama,1,true
7104101-99,porcao,95,false
7104101-99,quilo,1000,false
7104301-1,colher de arroz/servir,60,false
7104301-1,colher de sopa,25,false
7104301-1,concha,120,false
7104301-1,grama,1,true
7104301-1,porcao,63,false
7104301-1,quilo,1000,false
7104301-2,bola,50,false
7104301-2,colher de arroz/servir,60,false
7104301-2,colher de sobremesa,12.5,false
7104301-2,colher de sopa,25,false
7104301-2,concha,120,false
7104301-2,escumadeira,60,false
7104301-2,grama,1,true
7104301-2,porcao,63,false
7104301-2,prato raso,60,false
7104301-2,quilo,1000,false
7104301-4,colher de arroz/servir,60,false
7104301-4,colher de sopa,25,false
7104301-4,concha,120,false
7104301-4,fatia,90,false
7104301-4,grama,1,true
7104301-4,quilo,1000,false
7104301-5,bife,100,false
7104301-5,bola,50,false
7104301-5,colher de arroz/servir,60,false
7104301-5,colher de sobremesa,12.5,false
7104301-5,colher de sopa,25,false
7104301-5,concha,120,false
7104301-5,escumadeira,60,false
7104301-5,grama,1,true
7104301-5,porcao,63,false
7104301-5,quilo,1000,false
7104301-6,colher de arroz/servir,60,false
7104301-6,grama,1,true
7104301-6,porcao,63,false
7104301-6,quilo,1000,false
7104301-7,colher de arroz/servir,60,false
7104301-7,colher de sopa,25,false
7104301-7,concha,120,false
7104301-7,escumadeira,60,false
7104301-7,grama,1,true
7104301-7,pegador,30,false
7104301-7,porcao,63,false
7104301-7,quilo,1000,false
7104301-8,colher de arroz/servir,60,false
7104301-8,colher de sobremesa,12.5,false
7104301-8,colher de sopa,25,false
7104301-8,concha,120,false
7104301-8,escumadeira,60,false
7104301-8,grama,1,true
7104301-8,pegador,30,false
7104301-8,porcao,63,false
7104301-8,prato fundo,180,false
7104301-8,prato raso,60,false
7104301-8,quilo,1000,false
7104301-9,colher de arroz/servir,60,false
7104301-9,grama,1,true
7104301-9,quilo,1000,false
7104301-10,colher de sopa,25,false
7104301-10,grama,1,true
7104301-10,porcao,63,false
7104301-10,quilo,1000,false
7104301-13,colher de arroz/servir,60,false
7104301-13,colher de sobremesa,12.5,false
7104301-13,colher de sopa,25,false
7104301-13,concha,120,false
7104301-13,grama,1,true
7104301-13,porcao,63,false
7104301-13,prato fundo,180,false
7104301-13,quilo,1000,false
7104301-15,colher de arroz/servir,40,false
7104301-15,colher de sopa,20,false
7104301-15,concha,130,false
7104301-15,grama,1,true
7104301-15,prato fundo,180,false
7104301-15,quilo,1000,false
7104301-15,tigela,300,false
7104301-99,colher de arroz/servir,60,false
7104301-99,colher de sopa,25,false
7104301-99,grama,1,true
7104301-99,quilo,1000,false
7104302-99,colher de arroz/servir,70,false
7104302-99,colher de sopa,30,false
7104302-99,concha,120,false
7104302-99,grama,1,true
7104302-99,porcao,63,false
7104302-99,quilo,1000,false
7104501-3,colher de sopa,35,false
7104501-3,grama,1,true
7104501-3,quilo,1000,false
7104501-5,colher de sopa,35,false
7104501-5,grama,1,true
7104501-5,porcao,93.5,false
7104501-5,quilo,1000,false
7104601-2,bife,100,false
7104601-2,colher de arroz/servir,70,false
7104601-2,concha,140,false
7104601-2,grama,1,true
7104601-2,pedaco,35,false
7104601-2,porcao,100,false
7104601-2,quilo,1000,false
7104601-4,bife,100,false
7104601-4,grama,1,true
7104601-4,pedaco,35,false
7104601-4,quilo,1000,false
7104601-5,bife,100,false
7104601-5,colher de sopa,30,false
7104601-5,grama,1,true
7104601-5,pedaco,35,false
7104601-5,quilo,1000,false
7104701-2,grama,1,true
7104701-2,pedaco,30,false
7104701-2,quilo,1000,false
7104701-3,grama,1,true
7104701-3,pedaco,30,false
7104701-3,quilo,1000,false
7104701-4,grama,1,true
7104701-4,pedaco,30,false
7104701-4,quilo,1000,false
7104701-5,colher de arroz/servir,70,false
7104701-5,grama,1,true
7104701-5,pedaco,30,false
7104701-5,porcao,90,false
7104701-5,quilo,1000,false
7104701-5,rodela,35,false
7104701-7,grama,1,true
7104701-7,pedaco,30,false
7104701-7,porcao,90,false
7104701-7,quilo,1000,false
7105001-2,colher de sopa,30,false
7105001-2,grama,1,true
7105001-2,pedaco,212,false
7105001-2,quilo,1000,false
7105103-99,colher de arroz/servir,117,false
7105103-99,colher de sopa,14,false
7105103-99,concha,142,false
7105103-99,grama,1,true
7105103-99,porcao,150,false
7105103-99,quilo,1000,false
7105203-2,grama,1,true
7105203-2,pedaco,40,false
7105203-2,porcao,40,false
7105203-2,quilo,1000,false
7105401-2,grama,1,true
7105401-2,pedaco,70,false
7105401-2,quilo,1000,false
7105401-3,grama,1,true
7105401-3,pedaco,70,false
7105401-3,quilo,1000,false
7105401-4,grama,1,true
7105401-4,pedaco,70,false
7105401-4,quilo,1000,false
7105402-2,concha,140,false
7105402-2,fatia,90,false
7105402-2,garfada,30,false
7105402-2,grama,1,true
7105402-2,pedaco,70,false
7105402-2,porcao,70,false
7105402-2,quilo,1000,false
7105402-3,grama,1,true
7105402-3,pedaco,70,false
7105402-3,quilo,1000,false
7105402-4,grama,1,true
7105402-4,pedaco,70,false
7105402-4,quilo,1000,false
7105402-5,grama,1,true
7105402-5,pedaco,70,false
7105402-5,quilo,1000,false
7105403-2,colher de arroz/servir,70,false
7105403-2,grama,1,true
7105403-2,pedaco,70,false
7105403-2,porcao,70,false
7105403-2,quilo,1000,false
7105403-4,grama,1,true
7105403-4,pedaco,70,false
7105403-4,quilo,1000,false
7105403-5,colher de arroz/servir,70,false
7105403-5,grama,1,true
7105403-5,pedaco,70,false
7105403-5,porcao,70,false
7105403-5,quilo,1000,false
7105403-13,escumadeira,70,false
7105403-13,grama,1,true
7105403-13,pedaco,70,false
7105403-13,quilo,1000,false
7105405-1,grama,1,true
7105405-1,pedaco,70,false
7105405-1,quilo,1000,false
7105405-2,grama,1,true
7105405-2,pedaco,70,false
7105405-2,porcao,70,false
7105405-2,quilo,1000,false
7105405-5,grama,1,true
7105405-5,pedaco,70,false
7105405-5,porcao,70,false
7105405-5,quilo,1000,false
7105601-2,bife,100,false
7105601-2,colher de arroz/servir,70,false
7105601-2,colher de sopa,30,false
7105601-2,grama,1,true
7105601-2,pedaco,70,false
7105601-2,porcao,85,false
7105601-2,quilo,1000,false
7105601-3,fatia,28.3,false
7105601-3,grama,1,true
7105601-3,pedaco,70,false
7105601-3,quilo,1000,false
7105601-4,bife,100,false
7105601-4,fatia,28.3,false
7105601-4,grama,1,true
7105601-4,pedaco,70,false
7105601-4,porcao,85,false
7105601-4,quilo,1000,false
7105601-5,bife,100,false
7105601-5,grama,1,true
7105601-5,pedaco,70,false
7105601-5,quilo,1000,false
7105601-13,grama,1,true
7105601-13,pedaco,70,false
7105601-13,quilo,1000,false
7105602-2,bife,100,false
7105602-2,concha,140,false
7105602-2,grama,1,true
7105602-2,pedaco,70,false
7105602-2,quilo,1000,false
7105602-3,grama,1,true
7105602-3,pedaco,70,false
7105602-3,quilo,1000,false
7105602-4,grama,1,true
7105602-4,pedaco,70,false
7105602-4,quilo,1000,false
7105602-5,grama,1,true
7105602-5,pedaco,70,false
7105602-5,quilo,1000,false
7105801-2,concha,140,false
7105801-2,grama,1,true
7105801-2,quilo,1000,false
7106301-2,grama,1,true
7106301-2,pedaco,42,false
7106301-2,quilo,1000,false
7106301-3,grama,1,true
7106301-3,pedaco,42,false
7106301-3,quilo,1000,false
7106301-4,bife,100,false
7106301-4,fatia,42,false
7106301-4,grama,1,true
7106301-4,pedaco,42,false
7106301-4,quilo,1000,false
7106301-5,grama,1,true
7106301-5,pedaco,42,false
7106301-5,quilo,1000,false
7106401-2,grama,1,true
7106401-2,pedaco,35,false
7106401-2,quilo,1000,false
7106401-4,bife,100,false
7106401-4,grama,1,true
7106401-4,pedaco,35,false
7106401-4,quilo,1000,false
7106401-5,bife,100,false
7106401-5,grama,1,true
7106401-5,pedaco,35,false
7106401-5,quilo,1000,false
7106401-7,grama,1,true
7106401-7,pedaco,35,false
7106401-7,quilo,1000,false
7106401-8,grama,1,true
7106401-8,pedaco,35,false
7106401-8,quilo,1000,false
7106501-2,grama,1,true
7106501-2,pedaco,35,false
7106501-2,quilo,1000,false
7106501-4,bife,100,false
7106501-4,grama,1,true
7106501-4,quilo,1000,false
7106501-5,bife,100,false
7106501-5,grama,1,true
7106501-5,quilo,1000,false
7107102-99,bife,100,false
7107102-99,grama,1,true
7107102-99,quilo,1000,false
7107103-99,bife,100,false
7107103-99,fatia,35,false
7107103-99,grama,1,true
7107103-99,pedaco,35,false
7107103-99,quilo,1000,false
7107103-99,unidade,100,false
7107204-99,colher de arroz/servir,50,false
7107204-99,concha,100,false
7107204-99,grama,1,true
7107204-99,porcao,100,false
7107204-99,quilo,1000,false
7107501-2,grama,1,true
7107501-2,pedaco,25,false
7107501-2,quilo,1000,false
7107501-5,grama,1,true
7107501-5,pedaco,25,false
7107501-5,quilo,1000,false
7107601-1,grama,1,true
7107601-1,pedaco,35,false
7107601-1,quilo,1000,false
7107601-2,grama,1,true
7107601-2,pedaco,35,false
7107601-2,porcao,75,false
7107601-2,quilo,1000,false
7107601-3,grama,1,true
7107601-3,pedaco,35,false
7107601-3,porcao,75,false
7107601-3,quilo,1000,false
7107601-4,colher de arroz/servir,70,false
7107601-4,espetinho,46,false
7107601-4,grama,1,true
7107601-4,pedaco,35,false
7107601-4,porcao,75,false
7107601-4,quilo,1000,false
7107601-5,bife,100,false
7107601-5,grama,1,true
7107601-5,pedaco,35,false
7107601-5,porcao,75,false
7107601-5,quilo,1000,false
7107601-7,grama,1,true
7107601-7,pedaco,35,false
7107601-7,porcao,75,false
7107601-7,quilo,1000,false
7107601-8,bife,100,false
7107601-8,grama,1,true
7107601-8,quilo,1000,false
7107601-13,grama,1,true
7107601-13,pedaco,35,false
7107601-13,quilo,1000,false
7107601-99,grama,1,true
7107601-99,porcao,75,false
7107601-99,quilo,1000,false
7107603-2,file,85,false
7107603-2,grama,1,true
7107603-2,pedaco,35,false
7107603-2,quilo,1000,false
7107603-4,grama,1,true
7107603-4,pedaco,35,false
7107603-4,quilo,1000,false
7107603-5,grama,1,true
7107603-5,pedaco,35,false
7107603-5,quilo,1000,false
7107611-2,grama,1,true
7107611-2,pedaco,35,false
7107611-2,quilo,1000,false
7107611-5,grama,1,true
7107611-5,pedaco,35,false
7107611-5,porcao,170,false
7107611-5,quilo,1000,false
7107615-2,concha,140,false
7107615-2,file,100,false
7107615-2,grama,1,true
7107615-2,quilo,1000,false
7107615-4,colher de arroz/servir,70,false
7107615-4,grama,1,true
7107615-4,pedaco,35,false
7107615-4,porcao,170,false
7107615-4,quilo,1000,false
7107615-5,colher de arroz/servir,70,false
7107615-5,grama,1,true
7107615-5,porcao,170,false
7107615-5,quilo,1000,false
7107617-2,grama,1,true
7107617-2,pedaco,35,false
7107617-2,quilo,1000,false
7107617-4,grama,1,true
7107617-4,pedaco,35,false
7107617-4,quilo,1000,false
7107622-2,grama,1,true
7107622-2,pedaco,35,false
7107622-2,quilo,1000,false
7107801-2,bife,100,false
7107801-2,colher de arroz/servir,70,false
7107801-2,colher de sopa,30,false
7107801-2,grama,1,true
7107801-2,pedaco,35,false
7107801-2,porcao,75,false
7107801-2,quilo,1000,false
7107801-3,bife,100,false
7107801-3,espetinho,46,false
7107801-3,grama,1,true
7107801-3,pedaco,35,false
7107801-3,porcao,75,false
7107801-3,quilo,1000,false
7107801-4,bife,100,false
7107801-4,grama,1,true
7107801-4,pedaco,35,false
7107801-4,quilo,1000,false
7107801-5,bife,100,false
7107801-5,grama,1,true
7107801-5,pedaco,35,false
7107801-5,porcao,75,false
7107801-5,quilo,1000,false
7107801-6,bife,80,false
7107801-6,grama,1,true
7107801-6,quilo,1000,false
7107801-7,bife,100,false
7107801-7,grama,1,true
7107801-7,quilo,1000,false
7107801-8,bife,100,false
7107801-8,grama,1,true
7107801-8,pedaco,35,false
7107801-8,quilo,1000,false
7107801-9,grama,1,true
7107801-9,pedaco,35,false
7107801-9,quilo,1000,false
7107801-11,bife,100,false
7107801-11,grama,1,true
7107801-11,quilo,1000,false
7107804-2,fatia,90,false
7107804-2,grama,1,true
7107804-2,pedaco,70,false
7107804-2,quilo,1000,false
7107804-3,grama,1,true
7107804-3,porcao,75,false
7107804-3,quilo,1000,false
7107804-3,unidade,150,false
7107804-4,grama,1,true
7107804-4,pedaco,70,false
7107804-4,quilo,1000,false
7107804-4,unidade,150,false
7107804-5,bife,150,false
7107804-5,grama,1,true
7107804-5,pedaco,70,false
7107804-5,quilo,1000,false
7107804-5,unidade,150,false
7107805-1,grama,1,true
7107805-1,pedaco,35,false
7107805-1,quilo,1000,false
7107805-2,bife,100,false
7107805-2,fatia,35,false
7107805-2,grama,1,true
7107805-2,pedaco,35,false
7107805-2,porcao,75,false
7107805-2,quilo,1000,false
7107805-2,unidade,100,false
7107805-3,bife,100,false
7107805-3,fatia,35,false
7107805-3,file,100,false
7107805-3,grama,1,true
7107805-3,pedaco,35,false
7107805-3,porcao,75,false
7107805-3,quilo,1000,false
7107805-3,unidade,100,false
7107805-4,fatia,35,false
7107805-4,grama,1,true
7107805-4,pedaco,35,false
7107805-4,porcao,75,false
7107805-4,quilo,1000,false
7107805-4,unidade,100,false
7107805-5,bife,100,false
7107805-5,fatia,35,false
7107805-5,grama,1,true
7107805-5,pedaco,35,false
7107805-5,porcao,75,false
7107805-5,quilo,1000,false
7107805-5,rodela,35,false
7107805-5,unidade,100,false
7107805-6,bife,80,false
7107805-6,fatia,90,false
7107805-6,grama,1,true
7107805-6,pedaco,35,false
7107805-6,quilo,1000,false
7107805-6,unidade,80,false
7107805-7,fatia,35,false
7107805-7,grama,1,true
7107805-7,quilo,1000,false
7107805-7,unidade,100,false
7107805-8,grama,1,true
7107805-8,pedaco,35,false
7107805-8,quilo,1000,false
7107805-8,unidade,100,false
7107805-11,bife,100,false
7107805-11,grama,1,true
7107805-11,quilo,1000,false
7107805-13,bife,100,false
7107805-13,grama,1,true
7107805-13,pedaco,35,false
7107805-13,quilo,1000,false
7107805-99,grama,1,true
7107805-99,quilo,1000,false
7107805-99,unidade,100,false
7108107-2,grama,1,true
7108107-2,pedaco,35,false
7108107-2,porcao,70,false
7108107-2,quilo,1000,false
7108301-2,colher de arroz/servir,70,false
7108301-2,grama,1,true
7108301-2,quilo,1000,false
7108301-2,unidade,40,false
7108301-3,grama,1,true
7108301-3,quilo,1000,false
7108301-3,unidade,40,false
7108301-5,grama,1,true
7108301-5,quilo,1000,false
7108301-5,unidade,40,false
7109101-1,bife,100,false
7109101-1,concha,140,false
7109101-1,escumadeira,70,false
7109101-1,fatia,90,false
7109101-1,grama,1,true
7109101-1,pedaco,35,false
7109101-1,porcao,75,false
7109101-1,quilo,1000,false
7109101-2,bife,100,false
7109101-2,colher de arroz/servir,70,false
7109101-2,colher de sopa,30,false
7109101-2,concha,140,false
7109101-2,costela,40,false
7109101-2,escumadeira,70,false
7109101-2,espetinho,46,false
7109101-2,fatia,90,false
7109101-2,file,100,false
7109101-2,garfada,30,false
7109101-2,grama,1,true
7109101-2,pedaco,35,false
7109101-2,pegador,30,false
7109101-2,porcao,75,false
7109101-2,prato de sobremesa,70,false
7109101-2,prato fundo,140,false
7109101-2,prato raso,105,false
7109101-2,quilo,1000,false
7109101-2,rodela,35,false
7109101-3,bife,100,false
7109101-3,colher de arroz/servir,70,false
7109101-3,espetinho,46,false
7109101-3,espeto,46,false
7109101-3,fatia,90,false
7109101-3,file,100,false
7109101-3,grama,1,true
7109101-3,pedaco,35,false
7109101-3,porcao,75,false
7109101-3,prato raso,105,false
7109101-3,quilo,1000,false
7109101-4,bife,100,false
7109101-4,colher de arroz/servir,70,false
7109101-4,colher de sopa,30,false
7109101-4,concha,140,false
7109101-4,costela,40,false
7109101-4,escumadeira,70,false
7109101-4,espetinho,46,false
7109101-4,espeto,46,false
7109101-4,fatia,90,false
7109101-4,file,100,false
7109101-4,grama,1,true
7109101-4,pedaco,35,false
7109101-4,porcao,75,false
7109101-4,prato fundo,140,false
7109101-4,prato raso,105,false
7109101-4,quilo,1000,false
7109101-5,bife,100,false
7109101-5,bola,50,false
7109101-5,colher de arroz/servir,70,false
7109101-5,colher de sopa,30,false
7109101-5,concha,140,false
7109101-5,costela,40,false
7109101-5,escumadeira,70,false
7109101-5,espetinho,46,false
7109101-5,espeto,46,false
7109101-5,fatia,90,false
7109101-5,file,100,false
7109101-5,grama,1,true
7109101-5,pedaco,35,false
7109101-5,porcao,75,false
7109101-5,prato fundo,140,false
7109101-5,prato raso,105,false
7109101-5,quilo,1000,false
7109101-5,rodela,35,false
7109101-5,tigela,70,false
7109101-6,bife,80,false
7109101-6,colher de arroz/servir,70,false
7109101-6,fatia,90,false
7109101-6,file,80,false
7109101-6,grama,1,true
7109101-6,pedaco,35,false
7109101-6,quilo,1000,false
7109101-6,unidade,80,false
7109101-7,bife,100,false
7109101-7,colher de arroz/servir,70,false
7109101-7,colher de sopa,30,false
7109101-7,concha,140,false
7109101-7,escumadeira,70,false
7109101-7,fatia,90,false
7109101-7,grama,1,true
7109101-7,pedaco,35,false
7109101-7,porcao,75,false
7109101-7,quilo,1000,false
7109101-8,bife,100,false
7109101-8,colher de arroz/servir,70,false
7109101-8,colher de sopa,30,false
7109101-8,concha,140,false
7109101-8,escumadeira,70,false
7109101-8,fatia,90,false
7109101-8,grama,1,true
7109101-8,pedaco,35,false
7109101-8,pegador,30,false
7109101-8,porcao,75,false
7109101-8,prato fundo,140,false
7109101-8,quilo,1000,false
7109101-9,bife,100,false
7109101-9,colher de arroz/servir,70,false
7109101-9,concha,140,false
7109101-9,grama,1,true
7109101-9,pedaco,35,false
7109101-9,quilo,1000,false
7109101-10,bife,100,false
7109101-10,grama,1,true
7109101-10,pedaco,35,false
7109101-10,quilo,1000,false
7109101-11,bife,100,false
7109101-11,grama,1,true
7109101-11,quilo,1000,false
7109101-12,bife,100,false
7109101-12,grama,1,true
7109101-12,quilo,1000,false
7109101-13,bife,100,false
7109101-13,colher de arroz/servir,70,false
7109101-13,colher de sopa,30,false
7109101-13,concha,140,false
7109101-13,escumadeira,70,false
7109101-13,fatia,90,false
7109101-13,grama,1,true
7109101-13,pedaco,35,false
7109101-13,porcao,75,false
7109101-13,prato de sobremesa,70,false
7109101-13,prato fundo,140,false
7109101-13,prato raso,105,false
7109101-13,quilo,1000,false
7109101-15,grama,1,true
7109101-15,prato fundo,520,false
7109101-15,quilo,1000,false
7109101-99,bife,100,false
7109101-99,colher de arroz/servir,70,false
7109101-99,concha,140,false
7109101-99,grama,1,true
7109101-99,pedaco,35,false
7109101-99,porcao,75,false
7109101-99,quilo,1000,false
7110601-1,fatia,190,false
7110601-1,grama,1,true
7110601-1,quilo,1000,false
7110601-2,bife,190,false
7110601-2,grama,1,true
7110601-2,pedaco,95,false
7110601-2,quilo,1000,false
7110601-4,fatia,190,false
7110601-4,grama,1,true
7110601-4,pedaco,95,false
7110601-4,quilo,1000,false
7110601-5,bife,190,false
7110601-5,grama,1,true
7110601-5,pedaco,95,false
7110601-5,quilo,1000,false
7110601-9,bife,190,false
7110601-9,fatia,190,false
7110601-9,grama,1,true
7110601-9,pedaco,95,false
7110601-9,quilo,1000,false
7110801-2,grama,1,true
7110801-2,pedaco,35,false
7110801-2,porcao,75,false
7110801-2,quilo,1000,false
7110801-13,grama,1,true
7110801-13,pedaco,35,false
7110801-13,quilo,1000,false
7110902-2,concha,140,false
7110902-2,grama,1,true
7110902-2,pedaco,40,false
7110902-2,quilo,1000,false
7110902-7,grama,1,true
7110902-7,pedaco,40,false
7110902-7,quilo,1000,false
7110902-15,grama,1,true
7110902-15,prato fundo,520,false
7110902-15,quilo,1000,false
7110902-99,grama,1,true
7110902-99,pedaco,40,false
7110902-99,quilo,1000,false
7111202-1,grama,1,true
7111202-1,pedaco,35,false
7111202-1,quilo,1000,false
7111202-2,bife,100,false
7111202-2,colher de arroz/servir,70,false
7111202-2,colher de sopa,25,false
7111202-2,concha,140,false
7111202-2,escumadeira,70,false
7111202-2,fatia,90,false
7111202-2,grama,1,true
7111202-2,pedaco,35,false
7111202-2,porcao,75,false
7111202-2,prato fundo,140,false
7111202-2,quilo,1000,false
7111202-3,bife,100,false
7111202-3,grama,1,true
7111202-3,pedaco,35,false
7111202-3,quilo,1000,false
7111202-4,bife,100,false
7111202-4,colher de arroz/servir,70,false
7111202-4,espetinho,46,false
7111202-4,grama,1,true
7111202-4,pedaco,35,false
7111202-4,porcao,75,false
7111202-4,quilo,1000,false
7111202-5,bife,100,false
7111202-5,colher de arroz/servir,70,false
7111202-5,fatia,90,false
7111202-5,file,100,false
7111202-5,grama,1,true
7111202-5,pedaco,35,false
7111202-5,porcao,75,false
7111202-5,quilo,1000,false
7111202-6,file,80,false
7111202-6,grama,1,true
7111202-6,pedaco,35,false
7111202-6,quilo,1000,false
7111202-7,bife,100,false
7111202-7,fatia,90,false
7111202-7,grama,1,true
7111202-7,pedaco,35,false
7111202-7,quilo,1000,false
7111202-8,colher de arroz/servir,70,false
7111202-8,grama,1,true
7111202-8,pedaco,35,false
7111202-8,porcao,75,false
7111202-8,quilo,1000,false
7111202-10,grama,1,true
7111202-10,porcao,75,false
7111202-10,quilo,1000,false
7111202-13,bife,100,false
7111202-13,colher de arroz/servir,70,false
7111202-13,colher de sopa,25,false
7111202-13,concha,140,false
7111202-13,grama,1,true
7111202-13,pedaco,35,false
7111202-13,quilo,1000,false
7111401-4,bife,100,false
7111401-4,grama,1,true
7111401-4,quilo,1000,false
7111405-4,grama,1,true
7111405-4,pedaco,70,false
7111405-4,quilo,1000,false
7111405-5,grama,1,true
7111405-5,pedaco,70,false
7111405-5,quilo,1000,false
7111702-1,grama,1,true
7111702-1,pedaco,35,false
7111702-1,quilo,1000,false
7111702-4,grama,1,true
7111702-4,pedaco,35,false
7111702-4,quilo,1000,false
7111702-5,grama,1,true
7111702-5,pedaco,35,false
7111702-5,quilo,1000,false
7111806-4,grama,1,true
7111806-4,pedaco,35,false
7111806-4,quilo,1000,false
7200101-1,file,120,false
7200101-1,grama,1,true
7200101-1,porcao,75,false
7200101-1,posta,200,false
7200101-1,quilo,1000,false
7200101-1,unidade,200,false
7200101-2,concha,80,false
7200101-2,file,120,false
7200101-2,grama,1,true
7200101-2,porcao,75,false
7200101-2,posta,200,false
7200101-2,quilo,1000,false
7200101-2,unidade,200,false
7200101-3,bife,120,false
7200101-3,file,120,false
7200101-3,grama,1,true
7200101-3,porcao,75,false
7200101-3,posta,200,false
7200101-3,quilo,1000,false
7200101-3,unidade,200,false
7200101-4,banda,100,false
7200101-4,bola,15,false
7200101-4,colher de sopa,20,false
7200101-4,file,120,false
7200101-4,grama,1,true
7200101-4,metade,100,false
7200101-4,porcao,75,false
7200101-4,posta,200,false
7200101-4,quilo,1000,false
7200101-4,unidade,200,false
7200101-4,unidade pequena,150,false
7200101-5,bife,120,false
7200101-5,file,120,false
7200101-5,grama,1,true
7200101-5,porcao,75,false
7200101-5,posta,200,false
7200101-5,quilo,1000,false
7200101-5,unidade,200,false
7200101-5,unidade pequena,150,false
7200101-6,file,115,false
7200101-6,grama,1,true
7200101-6,porcao,75,false
7200101-6,posta,200,false
7200101-6,quilo,1000,false
7200101-6,unidade,115,false
7200101-6,unidade pequena,90,false
7200101-8,concha,80,false
7200101-8,grama,1,true
7200101-8,quilo,1000,false
7200101-8,unidade,200,false
7200101-9,grama,1,true
7200101-9,posta,200,false
7200101-9,quilo,1000,false
7200101-13,colher de arroz/servir,40,false
7200101-13,grama,1,true
7200101-13,porcao,75,false
7200101-13,posta,200,false
7200101-13,quilo,1000,false
7200101-13,unidade,200,false
7200401-2,grama,1,true
7200401-2,porcao,75,false
7200401-2,posta,200,false
7200401-2,quilo,1000,false
7200401-2,unidade,200,false
7200401-3,file,120,false
7200401-3,grama,1,true
7200401-3,posta,200,false
7200401-3,quilo,1000,false
7200401-4,grama,1,true
7200401-4,posta,200,false
7200401-4,quilo,1000,false
7200401-4,unidade,200,false
7200401-4,unidade pequena,150,false
7200401-5,file,120,false
7200401-5,grama,1,true
7200401-5,porcao,75,false
7200401-5,posta,200,false
7200401-5,quilo,1000,false
7200401-5,unidade,200,false
7200401-5,unidade pequena,150,false
7200401-6,file,115,false
7200401-6,grama,1,true
7200401-6,quilo,1000,false
7200401-9,grama,1,true
7200401-9,quilo,1000,false
7200401-9,unidade,200,false
7200401-13,grama,1,true
7200401-13,quilo,1000,false
7200401-13,unidade,200,false
7200401-13,unidade pequena,150,false
7260101-1,colher de sopa,20,false
7260101-1,grama,1,true
7260101-1,porcao,190,false
7260101-1,quilo,1000,false
7260101-2,colher de arroz/servir,35,false
7260101-2,colher de cha,30,false
7260101-2,colher de sopa,20,false
7260101-2,concha,70,false
7260101-2,escumadeira,35,false
7260101-2,grama,1,true
7260101-2,porcao,190,false
7260101-2,punhado,40,false
7260101-2,prato fundo,70,false
7260101-2,prato raso,35,false
7260101-2,quilo,1000,false
7260101-2,tigela,35,false
7260101-2,unidade,30,false
7260101-2,xicara de cha,35,false
7260101-3,colher de sopa,20,false
7260101-3,grama,1,true
7260101-3,quilo,1000,false
7260101-4,grama,1,true
7260101-4,quilo,1000,false
7260101-4,unidade,30,false
7260101-5,colher de arroz/servir,35,false
7260101-5,colher de sopa,20,false
7260101-5,concha,70,false
7260101-5,escumadeira,35,false
7260101-5,grama,1,true
7260101-5,porcao,104,false
7260101-5,punhado,40,false
7260101-5,prato fundo,70,false
7260101-5,prato raso,35,false
7260101-5,quilo,1000,false
7260101-5,unidade,30,false
7260101-6,colher de sopa,20,false
7260101-6,grama,1,true
7260101-6,porcao,190,false
7260101-6,quilo,1000,false
7260101-6,unidade,33,false
7260101-7,colher de arroz/servir,35,false
7260101-7,concha,70,false
7260101-7,grama,1,true
7260101-7,porcao,190,false
7260101-7,quilo,1000,false
7260101-7,unidade,30,false
7260101-8,colher de arroz/servir,35,false
7260101-8,colher de sobremesa,30,false
7260101-8,grama,1,true
7260101-8,porcao,190,false
7260101-8,prato fundo,70,false
7260101-8,prato raso,35,false
7260101-8,quilo,1000,false
7260101-9,colher de arroz/servir,35,false
7260101-9,colher de sopa,20,false
7260101-9,concha,70,false
7260101-9,grama,1,true
7260101-9,pegador,20,false
7260101-9,porcao,190,false
7260101-9,punhado,40,false
7260101-9,quilo,1000,false
7260101-10,grama,1,true
7260101-10,porcao,104,false
7260101-10,quilo,1000,false
7260101-13,colher de arroz/servir,35,false
7260101-13,colher de sopa,20,false
7260101-13,concha,70,false
7260101-13,cumbuca,35,false
7260101-13,grama,1,true
7260101-13,porcao,190,false
7260101-13,prato raso,35,false
7260101-13,quilo,1000,false
7260101-99,grama,1,true
7260101-99,porcao,190,false
7260101-99,quilo,1000,false
7261101-2,grama,1,true
7261101-2,porcao,45,false
7261101-2,prato raso,45,false
7261101-2,quilo,1000,false
7261101-2,unidade,16,false
7261101-6,grama,1,true
7261101-6,quilo,1000,false
7261101-6,unidade,16,false
7261101-7,grama,1,true
7261101-7,quilo,1000,false
7261101-7,unidade,16,false
7261120-2,grama,1,true
7261120-2,quilo,1000,false
7261120-2,unidade,16,false
7261121-1,grama,1,true
7261121-1,quilo,1000,false
7261121-1,unidade,16,false
7262101-2,grama,1,true
7262101-2,porcao,45,false
7262101-2,quilo,1000,false
7262101-2,unidade,20,false
7262101-4,grama,1,true
7262101-4,quilo,1000,false
7262101-4,unidade,20,false
7262101-12,grama,1,true
7262101-12,quilo,1000,false
7262101-12,unidade,20,false
7262105-2,grama,1,true
7262105-2,quilo,1000,false
7262105-2,unidade,20,false
7263101-2,colher de arroz/servir,35,false
7263101-2,concha,70,false
7263101-2,grama,1,true
7263101-2,porcao,190,false
7263101-2,quilo,1000,false
7263101-2,unidade,5,false
7263101-5,colher de sopa,20,false
7263101-5,concha,70,false
7263101-5,grama,1,true
7263101-5,quilo,1000,false
7263101-8,colher de arroz/servir,35,false
7263101-8,grama,1,true
7263101-8,quilo,1000,false
7263101-99,grama,1,true
7263101-99,quilo,1000,false
7263101-99,unidade,5,false
7264101-2,grama,1,true
7264101-2,quilo,1000,false
7264101-2,unidade,33,false
7265101-6,grama,1,true
7265101-6,quilo,1000,false
7265101-6,unidade,80,false
7266101-2,colher de arroz/servir,35,false
7266101-2,colher de sopa,20,false
7266101-2,concha,70,false
7266101-2,grama,1,true
7266101-2,porcao,104,false
7266101-2,quilo,1000,false
7266101-13,colher de arroz/servir,35,false
7266101-13,colher de sobremesa,5,false
7266101-13,colher de sopa,20,false
7266101-13,concha,70,false
7266101-13,grama,1,true
7266101-13,porcao,104,false
7266101-13,quilo,1000,false
7270401-2,colher de arroz/servir,55,false
7270401-2,colher de sopa,20,false
7270401-2,grama,1,true
7270401-2,pedaco,135,false
7270401-2,porcao,135,false
7270401-2,posta,200,false
7270401-2,quilo,1000,false
7270401-4,grama,1,true
7270401-4,pedaco,135,false
7270401-4,porcao,135,false
7270401-4,quilo,1000,false
7270401-5,bola,15,false
7270401-5,colher de arroz/servir,55,false
7270401-5,grama,1,true
7270401-5,pedaco,135,false
7270401-5,porcao,135,false
7270401-5,quilo,1000,false
7270401-6,bola,15,false
7270401-6,grama,1,true
7270401-6,porcao,135,false
7270401-6,quilo,1000,false
7270401-7,colher de sopa,20,false
7270401-7,concha,110,false
7270401-7,grama,1,true
7270401-7,quilo,1000,false
7270401-8,colher de arroz/servir,55,false
7270401-8,grama,1,true
7270401-8,porcao,135,false
7270401-8,quilo,1000,false
7270401-13,colher de arroz/servir,55,false
7270401-13,grama,1,true
7270401-13,pedaco,135,false
7270401-13,punhado,55,false
7270401-13,prato raso,55,false
7270401-13,quilo,1000,false
7270401-99,colher de arroz/servir,55,false
7270401-99,grama,1,true
7270401-99,porcao,135,false
7270401-99,quilo,1000,false
7273101-4,grama,1,true
7273101-4,pedaco,15,false
7273101-4,quilo,1000,false
7273101-5,grama,1,true
7273101-5,pedaco,15,false
7273101-5,quilo,1000,false
7400101-1,grama,1,true
7400101-1,porcao,75,false
7400101-1,posta,200,false
7400101-1,quilo,1000,false
7400101-2,banda,100,false
7400101-2,bife,120,false
7400101-2,colher de arroz/servir,40,false
7400101-2,colher de sopa,20,false
7400101-2,concha,80,false
7400101-2,file,120,false
7400101-2,grama,1,true
7400101-2,metade,100,false
7400101-2,porcao,75,false
7400101-2,posta,200,false
7400101-2,quilo,1000,false
7400101-2,unidade,200,false
7400101-2,unidade pequena,150,false
7400101-3,bife,120,false
7400101-3,file,120,false
7400101-3,grama,1,true
7400101-3,porcao,75,false
7400101-3,posta,200,false
7400101-3,quilo,1000,false
7400101-3,unidade,200,false
7400101-3,unidade pequena,150,false
7400101-4,banda,100,false
7400101-4,bife,120,false
7400101-4,file,120,false
7400101-4,grama,1,true
7400101-4,porcao,75,false
7400101-4,posta,200,false
7400101-4,quilo,1000,false
7400101-4,unidade,200,false
7400101-4,unidade pequena,150,false
7400101-5,banda,100,false
7400101-5,bife,120,false
7400101-5,colher de arroz/servir,40,false
7400101-5,concha,80,false
7400101-5,file,120,false
7400101-5,grama,1,true
7400101-5,metade,100,false
7400101-5,porcao,75,false
7400101-5,posta,200,false
7400101-5,quilo,1000,false
7400101-5,unidade,200,false
7400101-5,unidade pequena,150,false
7400101-6,file,115,false
7400101-6,grama,1,true
7400101-6,quilo,1000,false
7400101-7,grama,1,true
7400101-7,porcao,75,false
7400101-7,posta,200,false
7400101-7,quilo,1000,false
7400101-7,unidade,200,false
7400101-7,unidade pequena,150,false
7400101-8,colher de arroz/servir,40,false
7400101-8,file,120,false
7400101-8,grama,1,true
7400101-8,porcao,75,false
7400101-8,posta,200,false
7400101-8,quilo,1000,false
7400101-9,colher de arroz/servir,40,false
7400101-9,grama,1,true
7400101-9,porcao,75,false
7400101-9,quilo,1000,false
7400101-9,unidade,200,false
7400101-13,colher de arroz/servir,40,false
7400101-13,concha,80,false
7400101-13,file,120,false
7400101-13,grama,1,true
7400101-13,pegador,20,false
7400101-13,porcao,75,false
7400101-13,posta,200,false
7400101-13,quilo,1000,false
7400101-13,unidade,200,false
7400101-99,grama,1,true
7400101-99,quilo,1000,false
7400101-99,unidade,200,false
7400401-2,file,120,false
7400401-2,grama,1,true
7400401-2,porcao,75,false
7400401-2,posta,200,false
7400401-2,quilo,1000,false
7400401-2,unidade,200,false
7400401-2,unidade pequena,150,false
7400401-3,file,120,false
7400401-3,grama,1,true
7400401-3,posta,200,false
7400401-3,quilo,1000,false
7400401-3,unidade,200,false
7400401-4,file,120,false
7400401-4,grama,1,true
7400401-4,porcao,75,false
7400401-4,posta,200,false
7400401-4,quilo,1000,false
7400401-4,unidade,200,false
7400401-5,banda,100,false
7400401-5,file,120,false
7400401-5,grama,1,true
7400401-5,metade,100,false
7400401-5,porcao,75,false
7400401-5,posta,200,false
7400401-5,quilo,1000,false
7400401-5,unidade,200,false
7400401-5,unidade pequena,150,false
7400401-6,file,115,false
7400401-6,grama,1,true
7400401-6,posta,200,false
7400401-6,quilo,1000,false
7400401-8,grama,1,true
7400401-8,porcao,75,false
7400401-8,quilo,1000,false
7400401-8,unidade,200,false
7400401-13,grama,1,true
7400401-13,posta,200,false
7400401-13,quilo,1000,false
7444101-2,grama,1,true
7444101-2,pedaco,25,false
7444101-2,porcao,200,false
7444101-2,quilo,1000,false
7600101-1,grama,1,true
7600101-1,quilo,1000,false
7600101-1,unidade,200,false
7600101-2,colher de arroz/servir,40,false
7600101-2,colher de sopa,20,false
7600101-2,file,120,false
7600101-2,grama,1,true
7600101-2,porcao,75,false
7600101-2,posta,200,false
7600101-2,quilo,1000,false
7600101-2,unidade,200,false
7600101-2,unidade pequena,150,false
7600101-3,bife,120,false
7600101-3,file,120,false
7600101-3,grama,1,true
7600101-3,porcao,75,false
7600101-3,posta,200,false
7600101-3,quilo,1000,false
7600101-3,unidade,200,false
7600101-4,banda,100,false
7600101-4,colher de arroz/servir,40,false
7600101-4,colher de sopa,20,false
7600101-4,file,120,false
7600101-4,grama,1,true
7600101-4,metade,100,false
7600101-4,porcao,75,false
7600101-4,posta,200,false
7600101-4,quilo,1000,false
7600101-4,unidade,200,false
7600101-4,unidade pequena,150,false
7600101-5,banda,100,false
7600101-5,bife,120,false
7600101-5,concha,80,false
7600101-5,file,120,false
7600101-5,grama,1,true
7600101-5,porcao,75,false
7600101-5,posta,200,false
7600101-5,quilo,1000,false
7600101-5,unidade,200,false
7600101-5,unidade pequena,150,false
7600101-6,bife,115,false
7600101-6,file,115,false
7600101-6,grama,1,true
7600101-6,porcao,75,false
7600101-6,posta,200,false
7600101-6,quilo,1000,false
7600101-7,grama,1,true
7600101-7,porcao,75,false
7600101-7,posta,200,false
7600101-7,quilo,1000,false
7600101-8,colher de arroz/servir,40,false
7600101-8,grama,1,true
7600101-8,porcao,75,false
7600101-8,posta,200,false
7600101-8,quilo,1000,false
7600101-9,grama,1,true
7600101-9,porcao,75,false
7600101-9,posta,200,false
7600101-9,quilo,1000,false
7600101-13,colher de sopa,20,false
7600101-13,concha,80,false
7600101-13,grama,1,true
7600101-13,porcao,75,false
7600101-13,posta,200,false
7600101-13,quilo,1000,false
7600101-13,unidade,200,false
7600401-2,file,120,false
7600401-2,grama,1,true
7600401-2,porcao,75,false
7600401-2,posta,200,false
7600401-2,quilo,1000,false
7600401-2,unidade,200,false
7600401-3,file,120,false
7600401-3,grama,1,true
7600401-3,quilo,1000,false
7600401-4,bife,120,false
7600401-4,grama,1,true
7600401-4,posta,200,false
7600401-4,quilo,1000,false
7600401-4,unidade,200,false
7600401-5,file,120,false
7600401-5,grama,1,true
7600401-5,porcao,75,false
7600401-5,posta,200,false
7600401-5,quilo,1000,false
7600401-5,unidade,200,false
7600401-6,file,115,false
7600401-6,grama,1,true
7600401-6,posta,200,false
7600401-6,quilo,1000,false
7700101-99,colher de sobremesa,14,false
7700101-99,colher de sopa,25,false
7700101-99,copo americano,132,false
7700101-99,grama,1,true
7700101-99,porcao,20,false
7700101-99,punhado,45,false
7700101-99,pote,132,false
7700101-99,quilo,1000,false
7700101-99,saco,132,false
7700101-99,tigela,132,false
7700101-99,unidade,4,false
7700201-99,colher de arroz/servir,38,false
7700201-99,colher de cha,6.8,false
7700201-99,colher de sobremesa,13.5,false
7700201-99,colher de sopa,27,false
7700201-99,grama,1,true
7700201-99,porcao,72.5,false
7700201-99,quilo,1000,false
7700202-99,grama,1,true
7700202-99,pacote,200,false
7700202-99,quilo,1000,false
7700401-99,colher de arroz/servir,38,false
7700401-99,colher de cafe,4.3,false
7700401-99,colher de cha,8.5,false
7700401-99,colher de sobremesa,17,false
7700401-99,colher de sopa,24,false
7700401-99,concha,76,false
7700401-99,grama,1,true
7700401-99,lata (n. e.),200,false
7700401-99,porcao,172,false
7700401-99,punhado,38,false
7700401-99,quilo,1000,false
7700401-99,unidade,100,false
7700401-99,unidade pequena,50,false
7700501-99,colher de arroz/servir,30,false
7700501-99,colher de sopa,15,false
7700501-99,concha,60,false
7700501-99,escumadeira,30,false
7700501-99,grama,1,true
7700501-99,pires,30,false
7700501-99,porcao,50,false
7700501-99,prato de sobremesa,30,false
7700501-99,quilo,1000,false
7700501-99,unidade,100,false
7700501-99,unidade pequena,75,false
7700601-99,grama,1,true
7700601-99,porcao,15,false
7700601-99,quilo,1000,false
7700602-99,colher de sopa,27,false
7700602-99,grama,1,true
7700602-99,porcao,15,false
7700602-99,quilo,1000,false
7700701-99,grama,1,true
7700701-99,pedaco,7.5,false
7700701-99,quilo,1000,false
7700901-99,colher de sopa,20,false
7700901-99,grama,1,true
7700901-99,porcao,75,false
7700901-99,quilo,1000,false
7700902-99,grama,1,true
7700902-99,porcao,75,false
7700902-99,quilo,1000,false
7701101-99,colher de arroz/servir,40,false
7701101-99,colher de cha,6.3,false
7701101-99,colher de sopa,25,false
7701101-99,concha,48,false
7701101-99,escumadeira,48,false
7701101-99,grama,1,true
7701101-99,porcao,35,false
7701101-99,quilo,1000,false
7701404-99,concha,140,false
7701404-99,copo grande,520,false
7701404-99,grama,1,true
7701404-99,prato de sobremesa,150,false
7701404-99,prato fundo,520,false
7701404-99,quilo,1000,false
7701405-99,caneco,140,false
7701405-99,colher de arroz/servir,40,false
7701405-99,concha,140,false
7701405-99,copo grande,300,false
7701405-99,copo medio,300,false
7701405-99,grama,1,true
7701405-99,prato fundo,520,false
7701405-99,prato raso,325,false
7701405-99,quilo,1000,false
7701405-99,tigela,300,false
7701406-99,colher de arroz/servir,50,false
7701406-99,concha,100,false
7701406-99,escumadeira,110,false
7701406-99,grama,1,true
7701406-99,porcao,105,false
7701406-99,prato fundo,265,false
7701406-99,prato raso,90,false
7701406-99,quilo,1000,false
7701501-1,colher de arroz/servir,48,false
7701501-1,colher de sopa,24,false
7701501-1,grama,1,true
7701501-1,porcao,142,false
7701501-1,quilo,1000,false
7701501-2,colher de arroz/servir,48,false
7701501-2,colher de sopa,24,false
7701501-2,grama,1,true
7701501-2,porcao,142,false
7701501-2,quilo,1000,false
7701501-5,colher de arroz/servir,48,false
7701501-5,grama,1,true
7701501-5,porcao,142,false
7701501-5,quilo,1000,false
7701501-99,colher de arroz/servir,48,false
7701501-99,colher de sopa,24,false
7701501-99,grama,1,true
7701501-99,quilo,1000,false
7701901-99,colher de arroz/servir,70,false
7701901-99,colher de sopa,35,false
7701901-99,concha,225,false
7701901-99,grama,1,true
7701901-99,lata (n. e.),830,false
7701901-99,porcao,120,false
7701901-99,quilo,1000,false
7702001-99,colher de arroz/servir,70,false
7702001-99,colher de sopa,35,false
7702001-99,concha,225,false
7702001-99,escumadeira,70,false
7702001-99,grama,1,true
7702001-99,porcao,120,false
7702001-99,quilo,1000,false
7702101-99,colher de arroz/servir,63,false
7702101-99,colher de sopa,31.5,false
7702101-99,concha,113,false
7702101-99,escumadeira,63,false
7702101-99,grama,1,true
7702101-99,pedaco,35,false
7702101-99,quilo,1000,false
7702302-99,grama,1,true
7702302-99,porcao,30,false
7702302-99,quilo,1000,false
7702402-99,grama,1,true
7702402-99,porcao,30,false
7702402-99,quilo,1000,false
7702502-99,grama,1,true
7702502-99,porcao,30,false
7702502-99,quilo,1000,false
7702601-99,colher de arroz/servir,70,false
7702601-99,colher de sopa,30,false
7702601-99,fatia,90,false
7702601-99,grama,1,true
7702601-99,lata (350 ml),350,false
7702601-99,pedaco,35,false
7702601-99,porcao,75,false
7702601-99,quilo,1000,false
7702602-99,bife,80,false
7702602-99,bola,50,false
7702602-99,colher de arroz/servir,60,false
7702602-99,concha,120,false
7702602-99,grama,1,true
7702602-99,quilo,1000,false
7702602-99,unidade,50,false
7702602-99,unidade pequena,30,false
7702603-99,grama,1,true
7702603-99,pedaco,35,false
7702603-99,quilo,1000,false
7702604-99,bola,50,false
7702604-99,colher de sopa,25,false
7702604-99,grama,1,true
7702604-99,quilo,1000,false
7702604-99,unidade,50,false
7702704-99,fatia,90,false
7702704-99,grama,1,true
7702704-99,quilo,1000,false
7702705-99,fatia,15,false
7702705-99,grama,1,true
7702705-99,quilo,1000,false
7702707-1,fatia,15,false
7702707-1,grama,1,true
7702707-1,quilo,1000,false
7702707-2,fatia,15,false
7702707-2,grama,1,true
7702707-2,quilo,1000,false
7702707-4,fatia,15,false
7702707-4,grama,1,true
7702707-4,quilo,1000,false
7702707-5,fatia,15,false
7702707-5,grama,1,true
7702707-5,lata (250 ml),250,false
7702707-5,quilo,1000,false
7702801-99,colher de arroz/servir,36,false
7702801-99,colher de sopa,22,false
7702801-99,concha,80,false
7702801-99,fatia,15.5,false
7702801-99,grama,1,true
7702801-99,lata (250 ml),250,false
7702801-99,pedaco,15.5,false
7702801-99,pegador,22,false
7702801-99,porcao,60,false
7702801-99,quilo,1000,false
7702801-99,rodela,15.5,false
7702801-99,unidade,31,false
7703002-99,colher de arroz/servir,32,false
7703002-99,colher de sobremesa,10,false
7703002-99,colher de sopa,16,false
7703002-99,grama,1,true
7703002-99,lata (250 ml),250,false
7703002-99,lata (335 ml),335,false
7703002-99,lata (350 ml),350,false
7703002-99,lata (n. e.),125,false
7703002-99,porcao,41.5,false
7703002-99,quilo,1000,false
7703002-99,unidade,41.5,false
7703002-99,unidade pequena,31.1,false
7703402-99,colher de sobremesa,10,false
7703402-99,colher de sopa,16,false
7703402-99,grama,1,true
7703402-99,lata (n. e.),135,false
7703402-99,porcao,112,false
7703402-99,quilo,1000,false
7703701-99,colher de sopa,18,false
7703701-99,grama,1,true
7703701-99,pedaco,7,false
7703701-99,pegador,18,false
7703701-99,porcao,36,false
7703701-99,quilo,1000,false
7703701-99,unidade,100,false
7703701-99,unidade pequena,75,false
7703902-99,colher de sopa,35,false
7703902-99,grama,1,true
7703902-99,porcao,30,false
7703902-99,quilo,1000,false
7704001-99,colher de arroz/servir,43.2,false
7704001-99,grama,1,true
7704001-99,quilo,1000,false
7705201-99,grama,1,true
7705201-99,quilo,1000,false
7705201-99,unidade pequena,30,false
7705401-99,colher de arroz/servir,40,false
7705401-99,colher de cha,6.3,false
7705401-99,colher de sopa,25,false
7705401-99,concha,170,false
7705401-99,escumadeira,80,false
7705401-99,grama,1,true
7705401-99,pegador,25,false
7705401-99,porcao,50,false
7705401-99,prato fundo,170,false
7705401-99,prato raso,170,false
7705401-99,quilo,1000,false
7706001-99,fatia,15,false
7706001-99,grama,1,true
7706001-99,quilo,1000,false
7706104-99,grama,1,true
7706104-99,prato fundo,520,false
7706104-99,quilo,1000,false
7706105-99,colher de arroz/servir,40,false
7706105-99,colher de sopa,20,false
7706105-99,concha,140,false
7706105-99,copo americano,140,false
7706105-99,grama,1,true
7706105-99,prato fundo,520,false
7706105-99,prato raso,140,false
7706105-99,quilo,1000,false
7706106-99,colher de arroz/servir,50,false
7706106-99,concha,100,false
7706106-99,grama,1,true
7706106-99,porcao,105,false
7706106-99,prato fundo,265,false
7706106-99,prato raso,90,false
7706106-99,quilo,1000,false
7706302-99,grama,1,true
7706302-99,lata (n. e.),135,false
7706302-99,quilo,1000,false
7800103-1,coxa,55,false
7800103-1,grama,1,true
7800103-1,quilo,1000,false
7800103-2,asa,40,false
7800103-2,costela,60,false
7800103-2,coxa,55,false
7800103-2,grama,1,true
7800103-2,pedaco,55,false
7800103-2,peito,180,false
7800103-2,pescoco,10,false
7800103-2,porcao,100,false
7800103-2,quilo,1000,false
7800103-2,sobrecoxa,65,false
7800103-3,espetinho,46,false
7800103-3,grama,1,true
7800103-3,pedaco,55,false
7800103-3,peito,180,false
7800103-3,quilo,1000,false
7800103-4,asa,40,false
7800103-4,coxa,55,false
7800103-4,grama,1,true
7800103-4,pedaco,55,false
7800103-4,peito,180,false
7800103-4,porcao,100,false
7800103-4,quilo,1000,false
7800103-4,sobrecoxa,65,false
7800103-5,asa,40,false
7800103-5,bife,100,false
7800103-5,coxa,55,false
7800103-5,grama,1,true
7800103-5,pedaco,55,false
7800103-5,peito,180,false
7800103-5,quilo,1000,false
7800103-5,sobrecoxa,65,false
7800103-6,grama,1,true
7800103-6,pedaco,55,false
7800103-6,quilo,1000,false
7800103-7,coxa,55,false
7800103-7,grama,1,true
7800103-7,pedaco,55,false
7800103-7,quilo,1000,false
7800103-8,coxa,55,false
7800103-8,grama,1,true
7800103-8,quilo,1000,false
7800103-13,concha,80,false
7800103-13,coxa,55,false
7800103-13,grama,1,true
7800103-13,pedaco,55,false
7800103-13,quilo,1000,false
7800103-13,sobrecoxa,65,false
7800301-1,grama,1,true
7800301-1,quilo,1000,false
7800301-1,unidade,55,false
7800301-2,asa,40,false
7800301-2,bife,100,false
7800301-2,colher de sopa,20,false
7800301-2,concha,80,false
7800301-2,coxa,55,false
7800301-2,file,100,false
7800301-2,grama,1,true
7800301-2,pedaco,55,false
7800301-2,porcao,100,false
7800301-2,quilo,1000,false
7800301-2,sobrecoxa,65,false
7800301-3,bife,100,false
7800301-3,file,100,false
7800301-3,grama,1,true
7800301-3,pedaco,55,false
7800301-3,porcao,100,false
7800301-3,quilo,1000,false
7800301-3,sobrecoxa,65,false
7800301-4,asa,40,false
7800301-4,bife,100,false
7800301-4,coxa,55,false
7800301-4,espetinho,46,false
7800301-4,espeto,46,false
7800301-4,grama,1,true
7800301-4,pedaco,55,false
7800301-4,porcao,100,false
7800301-4,quilo,1000,false
7800301-4,sobrecoxa,65,false
7800301-5,bife,100,false
7800301-5,concha,80,false
7800301-5,coxa,55,false
7800301-5,espetinho,46,false
7800301-5,garfada,20,false
7800301-5,grama,1,true
7800301-5,pedaco,55,false
7800301-5,porcao,100,false
7800301-5,quilo,1000,false
7800301-5,sobrecoxa,65,false
7800301-6,grama,1,true
7800301-6,pedaco,55,false
7800301-6,quilo,1000,false
7800301-7,coxa,55,false
7800301-7,grama,1,true
7800301-7,pedaco,55,false
7800301-7,quilo,1000,false
7800301-8,grama,1,true
7800301-8,pedaco,55,false
7800301-8,porcao,100,false
7800301-8,quilo,1000,false
7800301-8,sobrecoxa,65,false
7800301-13,colher de sopa,20,false
7800301-13,concha,80,false
7800301-13,grama,1,true
7800301-13,pedaco,55,false
7800301-13,porcao,100,false
7800301-13,quilo,1000,false
7800301-13,sobrecoxa,65,false
7800301-99,coxa,55,false
7800301-99,grama,1,true
7800301-99,pedaco,55,false
7800301-99,porcao,100,false
7800301-99,quilo,1000,false
7800302-1,grama,1,true
7800302-1,pedaco,55,false
7800302-1,quilo,1000,false
7800302-2,asa,40,false
7800302-2,bife,100,false
7800302-2,colher de arroz/servir,40,false
7800302-2,colher de sopa,20,false
7800302-2,concha,80,false
7800302-2,costela,60,false
7800302-2,coxa,55,false
7800302-2,escumadeira,40,false
7800302-2,grama,1,true
7800302-2,pedaco,55,false
7800302-2,peito,180,false
7800302-2,pescoco,10,false
7800302-2,porcao,100,false
7800302-2,quilo,1000,false
7800302-2,sobrecoxa,65,false
7800302-3,asa,40,false
7800302-3,bife,100,false
7800302-3,colher de sopa,20,false
7800302-3,coxa,55,false
7800302-3,espetinho,46,false
7800302-3,espeto,46,false
7800302-3,file,100,false
7800302-3,grama,1,true
7800302-3,pedaco,55,false
7800302-3,peito,180,false
7800302-3,porcao,100,false
7800302-3,quilo,1000,false
7800302-3,sobrecoxa,65,false
7800302-4,asa,40,false
7800302-4,bife,100,false
7800302-4,colher de sopa,20,false
7800302-4,concha,80,false
7800302-4,costela,60,false
7800302-4,coxa,55,false
7800302-4,espetinho,46,false
7800302-4,espeto,46,false
7800302-4,file,100,false
7800302-4,grama,1,true
7800302-4,pedaco,55,false
7800302-4,peito,180,false
7800302-4,porcao,100,false
7800302-4,quilo,1000,false
7800302-4,sobrecoxa,65,false
7800302-5,asa,40,false
7800302-5,bife,100,false
7800302-5,colher de arroz/servir,40,false
7800302-5,colher de sopa,20,false
7800302-5,concha,80,false
7800302-5,costela,60,false
7800302-5,coxa,55,false
7800302-5,espetinho,46,false
7800302-5,file,100,false
7800302-5,grama,1,true
7800302-5,pedaco,55,false
7800302-5,peito,180,false
7800302-5,pescoco,10,false
7800302-5,porcao,100,false
7800302-5,quilo,1000,false
7800302-5,sobrecoxa,65,false
7800302-6,bife,140,false
7800302-6,colher de arroz/servir,40,false
7800302-6,coxa,55,false
7800302-6,espetinho,46,false
7800302-6,espeto,46,false
7800302-6,file,140,false
7800302-6,grama,1,true
7800302-6,pedaco,55,false
7800302-6,porcao,100,false
7800302-6,quilo,1000,false
7800302-6,sobrecoxa,65,false
7800302-7,asa,40,false
7800302-7,colher de arroz/servir,40,false
7800302-7,colher de sopa,20,false
7800302-7,concha,80,false
7800302-7,coxa,55,false
7800302-7,grama,1,true
7800302-7,pedaco,55,false
7800302-7,porcao,100,false
7800302-7,quilo,1000,false
7800302-7,sobrecoxa,65,false
7800302-8,colher de arroz/servir,40,false
7800302-8,colher de sopa,20,false
7800302-8,concha,80,false
7800302-8,coxa,55,false
7800302-8,grama,1,true
7800302-8,pedaco,55,false
7800302-8,pegador,20,false
7800302-8,porcao,100,false
7800302-8,quilo,1000,false
7800302-8,sobrecoxa,65,false
7800302-9,colher de arroz/servir,40,false
7800302-9,grama,1,true
7800302-9,pedaco,55,false
7800302-9,porcao,100,false
7800302-9,quilo,1000,false
7800302-10,grama,1,true
7800302-10,pedaco,55,false
7800302-10,quilo,1000,false
7800302-11,grama,1,true
7800302-11,pedaco,55,false
7800302-11,pegador,20,false
7800302-11,quilo,1000,false
7800302-13,colher de arroz/servir,40,false
7800302-13,colher de sopa,20,false
7800302-13,concha,80,false
7800302-13,coxa,55,false
7800302-13,escumadeira,40,false
7800302-13,grama,1,true
7800302-13,pedaco,55,false
7800302-13,peito,180,false
7800302-13,porcao,100,false
7800302-13,quilo,1000,false
7800302-13,sobrecoxa,65,false
7800302-15,concha,130,false
7800302-15,grama,1,true
7800302-15,pedaco,55,false
7800302-15,quilo,1000,false
7800302-99,espeto,46,false
7800302-99,grama,1,true
7800302-99,pedaco,55,false
7800302-99,porcao,100,false
7800302-99,quilo,1000,false
7800303-2,asa,40,false
7800303-2,bife,140,false
7800303-2,colher de arroz/servir,40,false
7800303-2,concha,80,false
7800303-2,costela,60,false
7800303-2,coxa,55,false
7800303-2,grama,1,true
7800303-2,pedaco,55,false
7800303-2,peito,180,false
7800303-2,pescoco,10,false
7800303-2,porcao,100,false
7800303-2,quilo,1000,false
7800303-2,sobrecoxa,65,false
7800303-3,asa,40,false
7800303-3,coxa,55,false
7800303-3,grama,1,true
7800303-3,pedaco,55,false
7800303-3,porcao,100,false
7800303-3,quilo,1000,false
7800303-3,sobrecoxa,65,false
7800303-4,asa,40,false
7800303-4,coxa,55,false
7800303-4,grama,1,true
7800303-4,pedaco,55,false
7800303-4,peito,180,false
7800303-4,porcao,100,false
7800303-4,quilo,1000,false
7800303-4,sobrecoxa,65,false
7800303-5,asa,40,false
7800303-5,colher de sopa,20,false
7800303-5,coxa,55,false
7800303-5,grama,1,true
7800303-5,pedaco,55,false
7800303-5,peito,180,false
7800303-5,porcao,100,false
7800303-5,quilo,1000,false
7800303-5,sobrecoxa,65,false
7800303-6,grama,1,true
7800303-6,pedaco,55,false
7800303-6,quilo,1000,false
7800303-7,colher de arroz/servir,40,false
7800303-7,coxa,55,false
7800303-7,grama,1,true
7800303-7,pedaco,55,false
7800303-7,quilo,1000,false
7800303-8,colher de arroz/servir,40,false
7800303-8,concha,80,false
7800303-8,coxa,55,false
7800303-8,grama,1,true
7800303-8,pedaco,55,false
7800303-8,quilo,1000,false
7800303-9,grama,1,true
7800303-9,pedaco,55,false
7800303-9,quilo,1000,false
7800303-13,colher de sopa,20,false
7800303-13,coxa,55,false
7800303-13,grama,1,true
7800303-13,pedaco,55,false
7800303-13,porcao,100,false
7800303-13,quilo,1000,false
7800303-13,sobrecoxa,65,false
7800304-1,colher de sopa,20,false
7800304-1,grama,1,true
7800304-1,pedaco,55,false
7800304-1,quilo,1000,false
7800304-2,asa,40,false
7800304-2,bife,100,false
7800304-2,colher de arroz/servir,40,false
7800304-2,colher de sopa,20,false
7800304-2,concha,80,false
7800304-2,costela,60,false
7800304-2,coxa,55,false
7800304-2,grama,1,true
7800304-2,pedaco,55,false
7800304-2,peito,180,false
7800304-2,pescoco,10,false
7800304-2,porcao,100,false
7800304-2,quilo,1000,false
7800304-2,sobrecoxa,65,false
7800304-3,bife,100,false
7800304-3,coxa,55,false
7800304-3,espetinho,46,false
7800304-3,file,100,false
7800304-3,grama,1,true
7800304-3,pedaco,55,false
7800304-3,peito,180,false
7800304-3,porcao,100,false
7800304-3,quilo,1000,false
7800304-3,sobrecoxa,65,false
7800304-4,asa,40,false
7800304-4,bife,100,false
7800304-4,coxa,55,false
7800304-4,escumadeira,40,false
7800304-4,espetinho,46,false
7800304-4,grama,1,true
7800304-4,pedaco,55,false
7800304-4,peito,180,false
7800304-4,porcao,100,false
7800304-4,quilo,1000,false
7800304-4,sobrecoxa,65,false
7800304-5,asa,40,false
7800304-5,bife,100,false
7800304-5,colher de arroz/servir,40,false
7800304-5,concha,80,false
7800304-5,coxa,55,false
7800304-5,espetinho,46,false
7800304-5,file,100,false
7800304-5,grama,1,true
7800304-5,pedaco,55,false
7800304-5,peito,180,false
7800304-5,porcao,100,false
7800304-5,quilo,1000,false
7800304-5,sobrecoxa,65,false
7800304-6,bife,140,false
7800304-6,colher de arroz/servir,40,false
7800304-6,grama,1,true
7800304-6,pedaco,55,false
7800304-6,quilo,1000,false
7800304-6,sobrecoxa,65,false
7800304-7,colher de arroz/servir,40,false
7800304-7,coxa,55,false
7800304-7,grama,1,true
7800304-7,pedaco,55,false
7800304-7,porcao,100,false
7800304-7,quilo,1000,false
7800304-7,sobrecoxa,65,false
7800304-8,colher de arroz/servir,40,false
7800304-8,colher de sopa,20,false
7800304-8,coxa,55,false
7800304-8,grama,1,true
7800304-8,pedaco,55,false
7800304-8,peito,180,false
7800304-8,porcao,100,false
7800304-8,quilo,1000,false
7800304-8,sobrecoxa,65,false
7800304-9,colher de arroz/servir,40,false
7800304-9,grama,1,true
7800304-9,pedaco,55,false
7800304-9,porcao,100,false
7800304-9,quilo,1000,false
7800304-13,colher de arroz/servir,40,false
7800304-13,colher de sopa,20,false
7800304-13,concha,80,false
7800304-13,coxa,55,false
7800304-13,escumadeira,40,false
7800304-13,grama,1,true
7800304-13,pedaco,55,false
7800304-13,porcao,100,false
7800304-13,quilo,1000,false
7800304-15,coxa,55,false
7800304-15,grama,1,true
7800304-15,pedaco,55,false
7800304-15,quilo,1000,false
7800304-99,colher de sopa,20,false
7800304-99,grama,1,true
7800304-99,pedaco,55,false
7800304-99,porcao,100,false
7800304-99,quilo,1000,false
7800401-1,grama,1,true
7800401-1,pedaco,180,false
7800401-1,quilo,1000,false
7800401-1,unidade,180,false
7800401-2,bife,100,false
7800401-2,colher de arroz/servir,40,false
7800401-2,colher de sopa,20,false
7800401-2,fatia,180,false
7800401-2,file,100,false
7800401-2,grama,1,true
7800401-2,pedaco,180,false
7800401-2,peito,180,false
7800401-2,porcao,100,false
7800401-2,quilo,1000,false
7800401-2,unidade,180,false
7800401-3,bife,100,false
7800401-3,espetinho,46,false
7800401-3,espeto,46,false
7800401-3,fatia,180,false
7800401-3,file,100,false
7800401-3,grama,1,true
7800401-3,pedaco,180,false
7800401-3,peito,180,false
7800401-3,porcao,100,false
7800401-3,quilo,1000,false
7800401-3,unidade,180,false
7800401-4,bife,100,false
7800401-4,concha,80,false
7800401-4,espetinho,46,false
7800401-4,fatia,180,false
7800401-4,file,100,false
7800401-4,grama,1,true
7800401-4,pedaco,180,false
7800401-4,peito,180,false
7800401-4,porcao,100,false
7800401-4,quilo,1000,false
7800401-4,unidade,180,false
7800401-5,bife,100,false
7800401-5,fatia,180,false
7800401-5,file,100,false
7800401-5,grama,1,true
7800401-5,pedaco,180,false
7800401-5,peito,180,false
7800401-5,porcao,100,false
7800401-5,quilo,1000,false
7800401-5,sobrecoxa,65,false
7800401-5,unidade,180,false
7800401-6,bife,140,false
7800401-6,colher de arroz/servir,40,false
7800401-6,file,140,false
7800401-6,grama,1,true
7800401-6,pedaco,140,false
7800401-6,porcao,100,false
7800401-6,quilo,1000,false
7800401-6,unidade,140,false
7800401-7,bife,100,false
7800401-7,colher de sopa,20,false
7800401-7,fatia,180,false
7800401-7,file,100,false
7800401-7,grama,1,true
7800401-7,pedaco,180,false
7800401-7,porcao,100,false
7800401-7,quilo,1000,false
7800401-7,unidade,180,false
7800401-8,bife,100,false
7800401-8,colher de arroz/servir,40,false
7800401-8,grama,1,true
7800401-8,pedaco,180,false
7800401-8,peito,180,false
7800401-8,porcao,100,false
7800401-8,quilo,1000,false
7800401-8,unidade,180,false
7800401-9,bife,100,false
7800401-9,file,100,false
7800401-9,grama,1,true
7800401-9,pedaco,180,false
7800401-9,quilo,1000,false
7800401-9,unidade,180,false
7800401-13,colher de arroz/servir,40,false
7800401-13,colher de sopa,20,false
7800401-13,concha,80,false
7800401-13,grama,1,true
7800401-13,pedaco,180,false
7800401-13,porcao,100,false
7800401-13,quilo,1000,false
7800401-15,grama,1,true
7800401-15,prato fundo,520,false
7800401-15,quilo,1000,false
7800401-99,bife,100,false
7800401-99,fatia,180,false
7800401-99,grama,1,true
7800401-99,pedaco,180,false
7800401-99,quilo,1000,false
7800402-1,bife,100,false
7800402-1,file,100,false
7800402-1,grama,1,true
7800402-1,quilo,1000,false
7800402-2,bife,100,false
7800402-2,colher de arroz/servir,40,false
7800402-2,colher de sopa,20,false
7800402-2,concha,80,false
7800402-2,file,100,false
7800402-2,grama,1,true
7800402-2,porcao,100,false
7800402-2,quilo,1000,false
7800402-2,unidade,100,false
7800402-3,bife,100,false
7800402-3,colher de arroz/servir,40,false
7800402-3,file,100,false
7800402-3,grama,1,true
7800402-3,peito,180,false
7800402-3,porcao,100,false
7800402-3,quilo,1000,false
7800402-3,unidade,100,false
7800402-3,unidade pequena,70,false
7800402-4,bife,100,false
7800402-4,colher de sopa,20,false
7800402-4,espetinho,46,false
7800402-4,espeto,46,false
7800402-4,file,100,false
7800402-4,grama,1,true
7800402-4,peito,180,false
7800402-4,porcao,100,false
7800402-4,quilo,1000,false
7800402-4,unidade,100,false
7800402-5,bife,100,false
7800402-5,colher de arroz/servir,40,false
7800402-5,coxa,55,false
7800402-5,espetinho,46,false
7800402-5,file,100,false
7800402-5,grama,1,true
7800402-5,peito,180,false
7800402-5,porcao,100,false
7800402-5,quilo,1000,false
7800402-5,unidade,100,false
7800402-5,unidade pequena,70,false
7800402-6,bife,140,false
7800402-6,file,140,false
7800402-6,grama,1,true
7800402-6,porcao,80,false
7800402-6,quilo,1000,false
7800402-6,unidade,140,false
7800402-7,bife,100,false
7800402-7,colher de arroz/servir,40,false
7800402-7,grama,1,true
7800402-7,quilo,1000,false
7800402-8,bife,100,false
7800402-8,colher de sopa,20,false
7800402-8,file,100,false
7800402-8,grama,1,true
7800402-8,peito,180,false
7800402-8,porcao,100,false
7800402-8,quilo,1000,false
7800402-8,unidade,100,false
7800402-9,bife,100,false
7800402-9,colher de arroz/servir,40,false
7800402-9,colher de sopa,20,false
7800402-9,concha,80,false
7800402-9,grama,1,true
7800402-9,porcao,100,false
7800402-9,quilo,1000,false
7800402-10,bife,100,false
7800402-10,concha,80,false
7800402-10,grama,1,true
7800402-10,quilo,1000,false
7800402-13,bife,100,false
7800402-13,colher de sopa,20,false
7800402-13,grama,1,true
7800402-13,porcao,100,false
7800402-13,quilo,1000,false
7800402-99,grama,1,true
7800402-99,quilo,1000,false
7800402-99,unidade,100,false
7800602-2,asa,40,false
7800602-2,colher de arroz/servir,40,false
7800602-2,coxa,55,false
7800602-2,grama,1,true
7800602-2,pedaco,55,false
7800602-2,porcao,100,false
7800602-2,quilo,1000,false
7800602-2,sobrecoxa,65,false
7800602-4,coxa,55,false
7800602-4,grama,1,true
7800602-4,pedaco,55,false
7800602-4,porcao,100,false
7800602-4,quilo,1000,false
7800602-5,grama,1,true
7800602-5,pedaco,55,false
7800602-5,quilo,1000,false
7800602-7,grama,1,true
7800602-7,pedaco,55,false
7800602-7,quilo,1000,false
7800602-13,colher de arroz/servir,40,false
7800602-13,concha,80,false
7800602-13,grama,1,true
7800602-13,pedaco,55,false
7800602-13,quilo,1000,false
7800701-1,grama,1,true
7800701-1,quilo,1000,false
7800701-1,unidade,40,false
7800701-2,asa,40,false
7800701-2,colher de sopa,20,false
7800701-2,concha,80,false
7800701-2,coxa,40,false
7800701-2,escumadeira,40,false
7800701-2,grama,1,true
7800701-2,pedaco,40,false
7800701-2,porcao,100,false
7800701-2,quilo,1000,false
7800701-2,unidade,40,false
7800701-3,asa,40,false
7800701-3,bife,100,false
7800701-3,grama,1,true
7800701-3,pedaco,40,false
7800701-3,porcao,100,false
7800701-3,quilo,1000,false
7800701-3,unidade,40,false
7800701-4,asa,40,false
7800701-4,coxa,40,false
7800701-4,espetinho,46,false
7800701-4,grama,1,true
7800701-4,pedaco,40,false
7800701-4,peito,180,false
7800701-4,porcao,100,false
7800701-4,quilo,1000,false
7800701-4,sobrecoxa,65,false
7800701-4,unidade,40,false
7800701-5,asa,40,false
7800701-5,bife,100,false
7800701-5,colher de arroz/servir,40,false
7800701-5,coxa,40,false
7800701-5,file,100,false
7800701-5,grama,1,true
7800701-5,pedaco,40,false
7800701-5,porcao,100,false
7800701-5,quilo,1000,false
7800701-5,unidade,40,false
7800701-6,bife,140,false
7800701-6,grama,1,true
7800701-6,pedaco,40,false
7800701-6,quilo,1000,false
7800701-7,asa,40,false
7800701-7,grama,1,true
7800701-7,pedaco,40,false
7800701-7,quilo,1000,false
7800701-7,unidade,40,false
7800701-8,asa,40,false
7800701-8,coxa,40,false
7800701-8,grama,1,true
7800701-8,pedaco,40,false
7800701-8,quilo,1000,false
7800701-8,unidade,40,false
7800701-13,asa,40,false
7800701-13,colher de sopa,20,false
7800701-13,concha,80,false
7800701-13,grama,1,true
7800701-13,pedaco,40,false
7800701-13,pegador,20,false
7800701-13,quilo,1000,false
7800701-13,unidade,40,false
7800702-2,grama,1,true
7800702-2,pedaco,55,false
7800702-2,quilo,1000,false
7800702-3,grama,1,true
7800702-3,pedaco,55,false
7800702-3,quilo,1000,false
7800702-4,grama,1,true
7800702-4,pedaco,55,false
7800702-4,quilo,1000,false
7800702-5,grama,1,true
7800702-5,pedaco,55,false
7800702-5,porcao,100,false
7800702-5,quilo,1000,false
7800702-7,grama,1,true
7800702-7,pedaco,55,false
7800702-7,quilo,1000,false
7800702-8,grama,1,true
7800702-8,pedaco,55,false
7800702-8,quilo,1000,false
7800801-2,grama,1,true
7800801-2,pescoco,10,false
7800801-2,quilo,1000,false
7800801-2,unidade,10,false
7800801-4,grama,1,true
7800801-4,quilo,1000,false
7800801-4,unidade,10,false
7800801-5,grama,1,true
7800801-5,quilo,1000,false
7800801-5,unidade,10,false
7800801-7,grama,1,true
7800801-7,quilo,1000,false
7800801-7,unidade,10,false
7800801-9,grama,1,true
7800801-9,quilo,1000,false
7800801-9,unidade,10,false
7800901-2,grama,1,true
7800901-2,pedaco,10,false
7800901-2,quilo,1000,false
7800901-2,unidade,10,false
7800901-3,grama,1,true
7800901-3,quilo,1000,false
7800901-3,unidade,10,false
7800901-4,grama,1,true
7800901-4,pedaco,10,false
7800901-4,quilo,1000,false
7800901-4,unidade,10,false
7800901-5,grama,1,true
7800901-5,quilo,1000,false
7800901-5,unidade,10,false
7800901-7,grama,1,true
7800901-7,quilo,1000,false
7800901-7,unidade,10,false
7800901-8,grama,1,true
7800901-8,quilo,1000,false
7800901-8,unidade,10,false
7800901-13,grama,1,true
7800901-13,quilo,1000,false
7800901-13,unidade,10,false
7801001-2,colher de sopa,50,false
7801001-2,concha,150,false
7801001-2,grama,1,true
7801001-2,pedaco,18,false
7801001-2,porcao,100,false
7801001-2,quilo,1000,false
7801001-4,grama,1,true
7801001-4,pedaco,18,false
7801001-4,quilo,1000,false
7801001-5,grama,1,true
7801001-5,pedaco,18,false
7801001-5,quilo,1000,false
7801001-8,colher de arroz/servir,100,false
7801001-8,grama,1,true
7801001-8,pedaco,18,false
7801001-8,quilo,1000,false
7801001-15,grama,1,true
7801001-15,prato raso,325,false
7801001-15,quilo,1000,false
7801101-2,colher de arroz/servir,100,false
7801101-2,grama,1,true
7801101-2,porcao,100,false
7801101-2,quilo,1000,false
7801101-2,unidade,18,false
7801101-3,espetinho,46,false
7801101-3,grama,1,true
7801101-3,quilo,1000,false
7801101-3,unidade,18,false
7801101-5,colher de sopa,50,false
7801101-5,grama,1,true
7801101-5,pegador,50,false
7801101-5,quilo,1000,false
7801101-5,unidade,18,false
7801101-7,grama,1,true
7801101-7,porcao,100,false
7801101-7,quilo,1000,false
7801101-7,unidade,18,false
7801101-8,grama,1,true
7801101-8,quilo,1000,false
7801101-8,unidade,18,false
7801101-9,concha,150,false
7801101-9,grama,1,true
7801101-9,quilo,1000,false
7801101-9,unidade,18,false
7801101-13,colher de arroz/servir,100,false
7801101-13,colher de sopa,50,false
7801101-13,grama,1,true
7801101-13,porcao,100,false
7801101-13,quilo,1000,false
7801101-13,unidade,18,false
7801101-15,grama,1,true
7801101-15,prato raso,325,false
7801101-15,quilo,1000,false
7801202-2,colher de sopa,50,false
7801202-2,grama,1,true
7801202-2,porcao,100,false
7801202-2,quilo,1000,false
7801202-2,unidade,5,false
7801202-3,espetinho,46,false
7801202-3,grama,1,true
7801202-3,porcao,100,false
7801202-3,punhado,50,false
7801202-3,quilo,1000,false
7801202-3,unidade,5,false
7801202-4,concha,150,false
7801202-4,espetinho,46,false
7801202-4,grama,1,true
7801202-4,porcao,100,false
7801202-4,quilo,1000,false
7801202-4,unidade,5,false
7801202-4,unidade pequena,3,false
7801202-5,colher de sopa,50,false
7801202-5,espetinho,46,false
7801202-5,grama,1,true
7801202-5,porcao,100,false
7801202-5,quilo,1000,false
7801202-5,unidade,5,false
7801202-13,colher de sopa,50,false
7801202-13,grama,1,true
7801202-13,quilo,1000,false
7801202-13,unidade,5,false
7801301-2,colher de arroz/servir,100,false
7801301-2,colher de sopa,50,false
7801301-2,concha,150,false
7801301-2,grama,1,true
7801301-2,pedaco,30,false
7801301-2,porcao,100,false
7801301-2,quilo,1000,false
7801301-2,unidade,30,false
7801301-4,grama,1,true
7801301-4,pedaco,30,false
7801301-4,quilo,1000,false
7801301-4,unidade,30,false
7801301-5,colher de sopa,50,false
7801301-5,grama,1,true
7801301-5,pedaco,30,false
7801301-5,porcao,100,false
7801301-5,quilo,1000,false
7801301-5,unidade,30,false
7801407-99,colher de arroz/servir,40,false
7801407-99,colher de sopa,20,false
7801407-99,concha,130,false
7801407-99,copo grande,300,false
7801407-99,copo medio,300,false
7801407-99,grama,1,true
7801407-99,porcao,300,false
7801407-99,prato de sobremesa,150,false
7801407-99,prato fundo,520,false
7801407-99,prato raso,325,false
7801407-99,quilo,1000,false
7801702-2,grama,1,true
7801702-2,pedaco,32,false
7801702-2,quilo,1000,false
7801702-4,fatia,32,false
7801702-4,grama,1,true
7801702-4,pedaco,32,false
7801702-4,porcao,96,false
7801702-4,quilo,1000,false
7801702-5,grama,1,true
7801702-5,pedaco,32,false
7801702-5,porcao,96,false
7801702-5,quilo,1000,false
7801702-13,grama,1,true
7801702-13,pedaco,32,false
7801702-13,quilo,1000,false
7801801-1,fatia,32,false
7801801-1,grama,1,true
7801801-1,quilo,1000,false
7801801-2,fatia,32,false
7801801-2,grama,1,true
7801801-2,quilo,1000,false
7801801-3,fatia,32,false
7801801-3,grama,1,true
7801801-3,pedaco,32,false
7801801-3,quilo,1000,false
7801801-4,fatia,32,false
7801801-4,file,100,false
7801801-4,grama,1,true
7801801-4,pedaco,32,false
7801801-4,quilo,1000,false
7801801-5,fatia,32,false
7801801-5,grama,1,true
7801801-5,quilo,1000,false
7801801-6,fatia,32,false
7801801-6,grama,1,true
7801801-6,quilo,1000,false
7801801-99,fatia,32,false
7801801-99,grama,1,true
7801801-99,quilo,1000,false
7802101-2,grama,1,true
7802101-2,pedaco,174,false
7802101-2,quilo,1000,false
7802101-4,grama,1,true
7802101-4,pedaco,174,false
7802101-4,quilo,1000,false
7802101-4,unidade,174,false
7802701-2,fatia,32,false
7802701-2,grama,1,true
7802701-2,quilo,1000,false
7802701-4,fatia,32,false
7802701-4,grama,1,true
7802701-4,quilo,1000,false
7802701-99,fatia,32,false
7802701-99,grama,1,true
7802701-99,quilo,1000,false
7802702-4,fatia,32,false
7802702-4,grama,1,true
7802702-4,quilo,1000,false
7802801-2,grama,1,true
7802801-2,pedaco,95,false
7802801-2,quilo,1000,false
7802901-3,bife,140,false
7802901-3,grama,1,true
7802901-3,quilo,1000,false
7802901-3,unidade,23,false
7802901-4,grama,1,true
7802901-4,quilo,1000,false
7802901-4,unidade,23,false
7802901-5,grama,1,true
7802901-5,quilo,1000,false
7802901-5,unidade,23,false
7802901-6,grama,1,true
7802901-6,quilo,1000,false
7802901-6,unidade,23,false
7802901-7,grama,1,true
7802901-7,quilo,1000,false
7802901-7,unidade,23,false
7802902-2,grama,1,true
7802902-2,quilo,1000,false
7802902-2,unidade,140,false
7802902-3,grama,1,true
7802902-3,quilo,1000,false
7802902-3,unidade,140,false
7802902-4,grama,1,true
7802902-4,quilo,1000,false
7802902-4,unidade,140,false
7802902-5,bife,140,false
7802902-5,grama,1,true
7802902-5,metade,70,false
7802902-5,quilo,1000,false
7802902-5,unidade,140,false
7802902-5,unidade pequena,100,false
7802902-6,grama,1,true
7802902-6,quilo,1000,false
7802902-6,unidade,140,false
7802902-99,grama,1,true
7802902-99,quilo,1000,false
7802902-99,unidade,140,false
7803001-5,grama,1,true
7803001-5,pedaco,80,false
7803001-5,quilo,1000,false
7803201-2,asa,40,false
7803201-2,colher de arroz/servir,40,false
7803201-2,grama,1,true
7803201-2,pedaco,40,false
7803201-2,porcao,100,false
7803201-2,quilo,1000,false
7803201-4,grama,1,true
7803201-4,pedaco,40,false
7803201-4,quilo,1000,false
7803201-5,coxa,55,false
7803201-5,grama,1,true
7803201-5,pedaco,40,false
7803201-5,quilo,1000,false
7803301-1,grama,1,true
7803301-1,metade,22.5,false
7803301-1,quilo,1000,false
7803301-1,unidade,45,false
7803301-2,banda,22.5,false
7803301-2,colher de arroz/servir,45,false
7803301-2,colher de cha,3.8,false
7803301-2,colher de sopa,15,false
7803301-2,grama,1,true
7803301-2,pedaco,22.5,false
7803301-2,porcao,90,false
7803301-2,quilo,1000,false
7803301-2,rodela,10,false
7803301-2,unidade,45,false
7803301-4,grama,1,true
7803301-4,quilo,1000,false
7803301-4,unidade,45,false
7803301-5,colher de arroz/servir,45,false
7803301-5,colher de sopa,15,false
7803301-5,escumadeira,45,false
7803301-5,fatia,10,false
7803301-5,grama,1,true
7803301-5,metade,25,false
7803301-5,pedaco,25,false
7803301-5,porcao,50,false
7803301-5,quilo,1000,false
7803301-5,unidade,50,false
7803301-7,grama,1,true
7803301-7,quilo,1000,false
7803301-7,unidade,50,false
7803301-8,grama,1,true
7803301-8,quilo,1000,false
7803301-8,unidade,45,false
7803301-10,grama,1,true
7803301-10,quilo,1000,false
7803301-10,unidade,50,false
7803301-11,colher de sopa,15,false
7803301-11,grama,1,true
7803301-11,porcao,50,false
7803301-11,quilo,1000,false
7803301-11,unidade,50,false
7803301-12,grama,1,true
7803301-12,quilo,1000,false
7803301-12,unidade,45,false
7803301-13,grama,1,true
7803301-13,quilo,1000,false
7803301-13,unidade,45,false
7803301-14,grama,1,true
7803301-14,quilo,1000,false
7803301-14,unidade,45,false
7803301-99,grama,1,true
7803301-99,quilo,1000,false
7803301-99,unidade,45,false
7803501-1,grama,1,true
7803501-1,quilo,1000,false
7803501-1,unidade,10,false
7803501-2,grama,1,true
7803501-2,quilo,1000,false
7803501-2,unidade,10,false
7803501-5,grama,1,true
7803501-5,quilo,1000,false
7803501-5,unidade,10,false
7803501-12,grama,1,true
7803501-12,quilo,1000,false
7803501-12,unidade,10,false
7803501-99,grama,1,true
7803501-99,quilo,1000,false
7803501-99,unidade,10,false
7803702-2,coxa,55,false
7803702-2,grama,1,true
7803702-2,pedaco,55,false
7803702-2,quilo,1000,false
7803702-4,asa,40,false
7803702-4,grama,1,true
7803702-4,quilo,1000,false
7803703-2,grama,1,true
7803703-2,pedaco,40,false
7803703-2,quilo,1000,false
7803703-4,grama,1,true
7803703-4,pedaco,40,false
7803703-4,quilo,1000,false
7803703-5,grama,1,true
7803703-5,pedaco,40,false
7803703-5,quilo,1000,false
7803707-2,grama,1,true
7803707-2,pedaco,30,false
7803707-2,quilo,1000,false
7803907-2,grama,1,true
7803907-2,pedaco,80,false
7803907-2,quilo,1000,false
7803907-13,grama,1,true
7803907-13,pedaco,80,false
7803907-13,quilo,1000,false
7803908-5,grama,1,true
7803908-5,pedaco,180,false
7803908-5,quilo,1000,false
7803913-2,grama,1,true
7803913-2,pedaco,80,false
7803913-2,quilo,1000,false
7803913-4,grama,1,true
7803913-4,pedaco,80,false
7803913-4,quilo,1000,false
7803913-5,grama,1,true
7803913-5,pedaco,80,false
7803913-5,quilo,1000,false
7805401-1,fatia,17,false
7805401-1,grama,1,true
7805401-1,quilo,1000,false
7805401-2,fatia,17,false
7805401-2,grama,1,true
7805401-2,quilo,1000,false
7805401-99,fatia,17,false
7805401-99,grama,1,true
7805401-99,quilo,1000,false
7805501-2,grama,1,true
7805501-2,pedaco,55,false
7805501-2,quilo,1000,false
7805501-4,grama,1,true
7805501-4,pedaco,55,false
7805501-4,quilo,1000,false
7805702-2,grama,1,true
7805702-2,pedaco,100,false
7805702-2,quilo,1000,false
7805702-3,grama,1,true
7805702-3,pedaco,100,false
7805702-3,quilo,1000,false
7805702-5,bife,100,false
7805702-5,grama,1,true
7805702-5,quilo,1000,false
7805702-6,bife,140,false
7805702-6,espetinho,46,false
7805702-6,grama,1,true
7805702-6,quilo,1000,false
7900101-99,caneca,300,false
7900101-99,caneco,300,false
7900101-99,copo americano,150,false
7900101-99,copo de cafezinho,50,false
7900101-99,copo de requeijao,240,false
7900101-99,copo grande,300,false
7900101-99,copo medio,240,false
7900101-99,copo tulipa,290,false
7900101-99,garrafa (500 ml),500,false
7900101-99,grama,1,true
7900101-99,litro,1000,false
7900101-99,mililitro,1,false
7900101-99,porcao,182,false
7900101-99,prato fundo,300,false
7900101-99,prato raso,240,false
7900101-99,quilo,1000,false
7900101-99,xicara de cafe,50,false
7900101-99,xicara de cha,200,false
7900201-99,caneca,300,false
7900201-99,caneco,300,false
7900201-99,copo americano,150,false
7900201-99,copo de cafezinho,50,false
7900201-99,copo de requeijao,240,false
7900201-99,copo grande,300,false
7900201-99,copo medio,240,false
7900201-99,copo tulipa,290,false
7900201-99,garrafa (200 ml),200,false
7900201-99,garrafa (300 ml),300,false
7900201-99,garrafa (500 ml),500,false
7900201-99,grama,1,true
7900201-99,litro,1000,false
7900201-99,mililitro,1,false
7900201-99,porcao,182,false
7900201-99,prato fundo,300,false
7900201-99,prato raso,240,false
7900201-99,quilo,1000,false
7900201-99,xicara de cafe,50,false
7900201-99,xicara de cha,200,false
7900301-99,copo americano,150,false
7900301-99,copo medio,240,false
7900301-99,grama,1,true
7900301-99,quilo,1000,false
7900301-99,xicara de cafe,50,false
7900301-99,xicara de cha,200,false
7900601-99,caneco,40,false
7900601-99,colher de arroz/servir,32,false
7900601-99,colher de cafe,2.3,false
7900601-99,colher de cha,4.5,false
7900601-99,colher de sobremesa,9,false
7900601-99,colher de sopa,16,false
7900601-99,concha,64,false
7900601-99,copo americano,20,false
7900601-99,copo de requeijao,32,false
7900601-99,copo grande,40,false
7900601-99,copo medio,32,false
7900601-99,copo tulipa,38.7,false
7900601-99,grama,1,true
7900601-99,litro,1000,false
7900601-99,quilo,1000,false
7900601-99,xicara de cafe,6.7,false
7900601-99,xicara de cha,26.7,false
7900710-99,colher de arroz/servir,20,false
7900710-99,colher de cafe,1.8,false
7900710-99,colher de cha,3.5,false
7900710-99,colher de sopa,10,false
7900710-99,copo americano,12.5,false
7900710-99,copo grande,25,false
7900710-99,copo medio,20,false
7900710-99,grama,1,true
7900710-99,quilo,1000,false
7900710-99,xicara de cafe,4.2,false
7900710-99,xicara de cha,16.7,false
7900801-99,colher de arroz/servir,32,false
7900801-99,colher de cafe,2.3,false
7900801-99,colher de cha,4.5,false
7900801-99,colher de sobremesa,9,false
7900801-99,colher de sopa,16,false
7900801-99,copo americano,20,false
7900801-99,copo de requeijao,32,false
7900801-99,copo grande,40,false
7900801-99,copo medio,32,false
7900801-99,grama,1,true
7900801-99,porcao,26,false
7900801-99,prato raso,32,false
7900801-99,quilo,1000,false
7900801-99,tigela,40,false
7900801-99,xicara de cafe,6.7,false
7900801-99,xicara de cha,26.7,false
7900901-99,colher de arroz/servir,30,false
7900901-99,colher de cha,2,false
7900901-99,colher de sobremesa,10,false
7900901-99,colher de sopa,15,false
7900901-99,copo grande,300,false
7900901-99,copo medio,240,false
7900901-99,grama,1,true
7900901-99,lata (250 ml),250,false
7900901-99,lata (350 ml),350,false
7900901-99,lata (n. e.),395,false
7900901-99,ponta de faca,12.5,false
7900901-99,pote,150,false
7900901-99,quilo,1000,false
7900901-99,taca,150,false
7900901-99,xicara de cafe,50,false
7900901-99,xicara de cha,200,false
7900903-99,grama,1,true
7900903-99,quilo,1000,false
7900903-99,unidade,15,false
7901001-99,colher de arroz/servir,30,false
7901001-99,colher de cafe,2.5,false
7901001-99,colher de cha,5,false
7901001-99,colher de sobremesa,20,false
7901001-99,colher de sopa,15,false
7901001-99,copo americano,150,false
7901001-99,copo de requeijao,240,false
7901001-99,copo medio,240,false
7901001-99,grama,1,true
7901001-99,mililitro,1,false
7901001-99,ponta de faca,12.5,false
7901001-99,pote,150,false
7901001-99,quilo,1000,false
7901001-99,taca,150,false
7901001-99,tigela,150,false
7901101-99,colher de sopa,25,false
7901101-99,grama,1,true
7901101-99,porcao,30,false
7901101-99,quilo,1000,false
7901201-99,caneca,300,false
7901201-99,caneco,300,false
7901201-99,colher de sopa,15,false
7901201-99,copo americano,150,false
7901201-99,copo de cafezinho,50,false
7901201-99,copo de requeijao,240,false
7901201-99,copo grande,300,false
7901201-99,copo medio,240,false
7901201-99,copo tulipa,290,false
7901201-99,garrafa (200 ml),200,false
7901201-99,garrafa (275 ml),275,false
7901201-99,garrafa (300 ml),300,false
7901201-99,garrafa (500 ml),500,false
7901201-99,garrafa (600 ml),600,false
7901201-99,garrafa (1 l),1000,false
7901201-99,garrafa (n. e.),200,false
7901201-99,grama,1,true
7901201-99,litro,1000,false
7901201-99,mililitro,1,false
7901201-99,porcao,165,false
7901201-99,pote,200,false
7901201-99,quilo,1000,false
7901201-99,xicara de cafe,50,false
7901201-99,xicara de cha,200,false
7901203-99,copo americano,150,false
7901203-99,copo medio,240,false
7901203-99,grama,1,true
7901203-99,ponta de faca,12.5,false
7901203-99,pote,200,false
7901203-99,quilo,1000,false
7901204-99,colher de sopa,15,false
7901204-99,copo americano,150,false
7901204-99,copo de requeijao,240,false
7901204-99,copo grande,300,false
7901204-99,copo medio,240,false
7901204-99,garrafa (200 ml),200,false
7901204-99,grama,1,true
7901204-99,mililitro,1,false
7901204-99,pote,200,false
7901204-99,quilo,1000,false
7901301-99,copo grande,300,false
7901301-99,copo medio,240,false
7901301-99,grama,1,true
7901301-99,pote,80,false
7901301-99,quilo,1000,false
7901301-99,unidade,80,false
7901303-99,copo americano,150,false
7901303-99,copo de cafezinho,50,false
7901303-99,copo de requeijao,240,false
7901303-99,copo grande,300,false
7901303-99,copo medio,240,false
7901303-99,copo tulipa,290,false
7901303-99,garrafa (200 ml),200,false
7901303-99,grama,1,true
7901303-99,quilo,1000,false
7901304-99,copo de requeijao,240,false
7901304-99,copo grande,300,false
7901304-99,copo medio,240,false
7901304-99,grama,1,true
7901304-99,pote,80,false
7901304-99,quilo,1000,false
7901304-99,unidade,80,false
7901401-99,colher de arroz/servir,62,false
7901401-99,colher de sopa,31,false
7901401-99,concha,104,false
7901401-99,copo americano,150,false
7901401-99,copo de requeijao,240,false
7901401-99,copo grande,300,false
7901401-99,copo medio,240,false
7901401-99,grama,1,true
7901401-99,mililitro,1,false
7901401-99,ponta de faca,12.5,false
7901401-99,porcao,77.5,false
7901401-99,pote,200,false
7901401-99,prato fundo,307,false
7901401-99,prato raso,153.5,false
7901401-99,quilo,1000,false
7901401-99,xicara de cha,200,false
7901501-99,colher de arroz/servir,64,false
7901501-99,colher de cafe,4,false
7901501-99,colher de cha,8,false
7901501-99,colher de sobremesa,23,false
7901501-99,colher de sopa,32,false
7901501-99,copo americano,155,false
7901501-99,copo medio,155,false
7901501-99,fatia,32,false
7901501-99,garfada,32,false
7901501-99,grama,1,true
7901501-99,ponta de faca,5,false
7901501-99,porcao,9.8,false
7901501-99,quilo,1000,false
7901505-99,colher de cafe,1,true
7901505-99,colher de cha,2,false
7901505-99,colher de sopa,8,false
7901505-99,grama,1,false
7901505-99,ponta de faca,5,false
7901505-99,quilo,1000,false
7901602-99,colher de arroz/servir,64,false
7901602-99,colher de cafe,4,false
7901602-99,colher de cha,8,false
7901602-99,colher de sobremesa,23,false
7901602-99,colher de sopa,32,false
7901602-99,concha,64,false
7901602-99,copo americano,155,false
7901602-99,fatia,32,false
7901602-99,garfada,32,false
7901602-99,grama,1,true
7901602-99,ponta de faca,5,false
7901602-99,porcao,9.8,false
7901602-99,quilo,1000,false
7901602-99,xicara de cha,155,false
7901701-99,fatia,15,false
7901701-99,grama,1,true
7901701-99,porcao,30,false
7901701-99,quilo,1000,false
7901703-99,fatia,45,false
7901703-99,grama,1,true
7901703-99,quilo,1000,false
7901705-99,fatia,45,false
7901705-99,grama,1,true
7901705-99,quilo,1000,false
7901801-99,fatia,20,false
7901801-99,grama,1,true
7901801-99,porcao,45,false
7901801-99,quilo,1000,false
7901803-99,fatia,20,false
7901803-99,grama,1,true
7901803-99,ponta de faca,6,false
7901803-99,porcao,45,false
7901803-99,quilo,1000,false
7901807-99,fatia,20,false
7901807-99,grama,1,true
7901807-99,quilo,1000,false
7901809-99,grama,1,true
7901809-99,pedaco,20,false
7901809-99,quilo,1000,false
7901901-99,fatia,45,false
7901901-99,grama,1,true
7901901-99,quilo,1000,false
7902001-99,fatia,45,false
7902001-99,grama,1,true
7902001-99,porcao,50,false
7902001-99,quilo,1000,false
7902003-99,fatia,45,false
7902003-99,grama,1,true
7902003-99,quilo,1000,false
7902004-99,colher de sopa,44,false
7902004-99,grama,1,true
7902004-99,ponta de faca,6,false
7902004-99,quilo,1000,false
7902005-99,espetinho,46,false
7902005-99,fatia,45,false
7902005-99,grama,1,true
7902005-99,pedaco,100,false
7902005-99,porcao,50,false
7902005-99,quilo,1000,false
7902008-99,fatia,45,false
7902008-99,grama,1,true
7902008-99,quilo,1000,false
7902201-99,colher de sopa,44,false
7902201-99,fatia,35,false
7902201-99,grama,1,true
7902201-99,ponta de faca,6,false
7902201-99,porcao,100,false
7902201-99,quilo,1000,false
7902301-99,caneca,300,false
7902301-99,caneco,300,false
7902301-99,copo americano,150,false
7902301-99,copo de requeijao,240,false
7902301-99,copo grande,300,false
7902301-99,copo medio,240,false
7902301-99,copo tulipa,290,false
7902301-99,grama,1,true
7902301-99,mililitro,1,false
7902301-99,quilo,1000,false
7902301-99,xicara de cafe,50,false
7902301-99,xicara de cha,200,false
7902303-99,copo americano,150,false
7902303-99,copo grande,300,false
7902303-99,copo medio,240,false
7902303-99,copo tulipa,290,false
7902303-99,grama,1,true
7902303-99,mililitro,1,false
7902303-99,quilo,1000,false
7902303-99,xicara de cha,200,false
7902403-99,colher de arroz/servir,30,false
7902403-99,colher de cafe,2,false
7902403-99,colher de cha,4,false
7902403-99,colher de sobremesa,8,false
7902403-99,colher de sopa,15,false
7902403-99,copo americano,74,false
7902403-99,grama,1,true
7902403-99,pacote,50,false
7902403-99,porcao,30,false
7902403-99,quilo,1000,false
7902403-99,saco,50,false
7902501-99,fatia,25,false
7902501-99,grama,1,true
7902501-99,quilo,1000,false
7902801-99,grama,1,true
7902801-99,quilo,1000,false
7902801-99,unidade,20,false
7902901-99,colher de arroz/servir,60,false
7902901-99,colher de cafe,3.8,false
7902901-99,colher de cha,7.5,false
7902901-99,colher de sobremesa,15,false
7902901-99,colher de sopa,30,false
7902901-99,copo medio,240,false
7902901-99,garfada,30,false
7902901-99,grama,1,true
7902901-99,ponta de faca,6,false
7902901-99,porcao,45,false
7902901-99,quilo,1000,false
7902902-99,colher de arroz/servir,60,false
7902902-99,colher de sobremesa,15,false
7902902-99,colher de sopa,30,false
7902902-99,grama,1,true
7902902-99,ponta de faca,6,false
7902902-99,porcao,45,false
7902902-99,quilo,1000,false
7903001-99,espetinho,46,false
7903001-99,fatia,20,false
7903001-99,grama,1,true
7903001-99,ponta de faca,6,false
7903001-99,porcao,45,false
7903001-99,quilo,1000,false
7903101-99,caneca,300,false
7903101-99,copo americano,150,false
7903101-99,copo de cafezinho,50,false
7903101-99,copo de requeijao,240,false
7903101-99,copo grande,300,false
7903101-99,copo medio,240,false
7903101-99,copo tulipa,290,false
7903101-99,grama,1,true
7903101-99,quilo,1000,false
7903101-99,xicara de cafe,50,false
7903101-99,xicara de cha,200,false
7903102-99,caneca,300,false
7903102-99,caneco,300,false
7903102-99,copo americano,150,false
7903102-99,copo de cafezinho,50,false
7903102-99,copo de requeijao,240,false
7903102-99,copo grande,300,false
7903102-99,copo medio,240,false
7903102-99,copo tulipa,290,false
7903102-99,garrafa (200 ml),200,false
7903102-99,grama,1,true
7903102-99,mililitro,1,false
7903102-99,quilo,1000,false
7903102-99,xicara de cafe,50,false
7903102-99,xicara de cha,200,false
7903109-99,copo americano,150,false
7903109-99,copo de requeijao,240,false
7903109-99,copo grande,300,false
7903109-99,copo medio,240,false
7903109-99,grama,1,true
7903109-99,quilo,1000,false
7903109-99,xicara de cha,200,false
7903110-99,caneca,300,false
7903110-99,caneco,300,false
7903110-99,copo americano,150,false
7903110-99,copo de requeijao,240,false
7903110-99,copo grande,300,false
7903110-99,copo medio,240,false
7903110-99,copo tulipa,290,false
7903110-99,dose,50,false
7903110-99,garrafa (200 ml),200,false
7903110-99,garrafa (290 ml),290,false
7903110-99,grama,1,true
7903110-99,litro,1000,false
7903110-99,mililitro,1,false
7903110-99,quilo,1000,false
7903110-99,unidade,200,false
7903110-99,xicara de cafe,50,false
7903110-99,xicara de cha,200,false
7903201-99,colher de arroz/servir,40,false
7903201-99,colher de cha,5,false
7903201-99,colher de sopa,20,false
7903201-99,grama,1,true
7903201-99,ponta de faca,6,false
7903201-99,quilo,1000,false
7903301-99,fatia,38,false
7903301-99,grama,1,true
7903301-99,quilo,1000,false
7903402-99,fatia,20,false
7903402-99,grama,1,true
7903402-99,quilo,1000,false
7903501-99,colher de cha,3.3,false
7903501-99,colher de sobremesa,6.5,false
7903501-99,colher de sopa,13,false
7903501-99,copo americano,16.3,false
7903501-99,copo grande,32.6,false
7903501-99,copo medio,26,false
7903501-99,grama,1,true
7903501-99,mililitro,1,false
7903501-99,quilo,1000,false
7903501-99,xicara de cha,21.7,false
7903601-99,caneca,300,false
7903601-99,caneco,300,false
7903601-99,copo americano,150,false
7903601-99,copo de requeijao,240,false
7903601-99,copo grande,300,false
7903601-99,copo medio,240,false
7903601-99,copo tulipa,290,false
7903601-99,grama,1,true
7903601-99,litro,1000,false
7903601-99,mililitro,1,false
7903601-99,porcao,270,false
7903601-99,quilo,1000,false
7903601-99,xicara de cafe,50,false
7903601-99,xicara de cha,200,false
7903702-99,caneca,300,false
7903702-99,copo americano,150,false
7903702-99,copo de requeijao,240,false
7903702-99,copo grande,300,false
7903702-99,copo medio,240,false
7903702-99,grama,1,true
7903702-99,quilo,1000,false
7903702-99,xicara de cafe,50,false
7903702-99,xicara de cha,200,false
7903801-99,caneca,300,false
7903801-99,copo americano,150,false
7903801-99,copo de requeijao,240,false
7903801-99,copo grande,300,false
7903801-99,copo medio,240,false
7903801-99,copo tulipa,290,false
7903801-99,grama,1,true
7903801-99,porcao,182,false
7903801-99,quilo,1000,false
7903801-99,xicara de cafe,50,false
7903801-99,xicara de cha,200,false
7903901-99,copo americano,150,false
7903901-99,copo de requeijao,240,false
7903901-99,copo medio,240,false
7903901-99,garrafa (300 ml),300,false
7903901-99,grama,1,true
7903901-99,mililitro,1,false
7903901-99,pote,200,false
7903901-99,quilo,1000,false
7904001-99,copo americano,150,false
7904001-99,copo grande,300,false
7904001-99,copo medio,240,false
7904001-99,garrafa (200 ml),200,false
7904001-99,grama,1,true
7904001-99,mililitro,1,false
7904001-99,pote,200,false
7904001-99,quilo,1000,false
7904201-99,colher de cafe,4,false
7904201-99,colher de cha,8,false
7904201-99,colher de sopa,32,false
7904201-99,grama,1,true
7904201-99,ponta de faca,5,false
7904201-99,porcao,9.8,false
7904201-99,quilo,1000,false
7904301-99,caneca,300,false
7904301-99,copo americano,150,false
7904301-99,copo de requeijao,240,false
7904301-99,copo grande,300,false
7904301-99,copo medio,240,false
7904301-99,grama,1,true
7904301-99,quilo,1000,false
7904301-99,xicara de cafe,50,false
7904301-99,xicara de cha,200,false
7904401-99,copo americano,150,false
7904401-99,copo grande,300,false
7904401-99,copo medio,240,false
7904401-99,grama,1,true
7904401-99,quilo,1000,false
7904401-99,xicara de cafe,50,false
7904401-99,xicara de cha,200,false
7904601-99,copo americano,150,false
7904601-99,copo de requeijao,240,false
7904601-99,copo medio,240,false
7904601-99,copo tulipa,290,false
7904601-99,grama,1,true
7904601-99,quilo,1000,false
7904601-99,xicara de cafe,50,false
7904601-99,xicara de cha,200,false
7904701-99,colher de sopa,15,false
7904701-99,copo medio,240,false
7904701-99,grama,1,true
7904701-99,quilo,1000,false
7904801-99,copo medio,240,false
7904801-99,grama,1,true
7904801-99,pote,200,false
7904801-99,quilo,1000,false
7904803-99,copo americano,150,false
7904803-99,grama,1,true
7904803-99,pote,200,false
7904803-99,quilo,1000,false
7904804-99,caneco,300,false
7904804-99,grama,1,true
7904804-99,pote,200,false
7904804-99,quilo,1000,false
7905103-99,fatia,20,false
7905103-99,grama,1,true
7905103-99,quilo,1000,false
7905104-99,fatia,20,false
7905104-99,grama,1,true
7905104-99,quilo,1000,false
7905201-99,copo americano,150,false
7905201-99,copo medio,240,false
7905201-99,grama,1,true
7905201-99,quilo,1000,false
7905203-99,copo medio,240,false
7905203-99,grama,1,true
7905203-99,quilo,1000,false
7905601-99,colher de sobremesa,20,false
7905601-99,colher de sopa,15,false
7905601-99,grama,1,true
7905601-99,quilo,1000,false
7905901-99,fatia,15,false
7905901-99,grama,1,true
7905901-99,quilo,1000,false
7906001-99,fatia,19,false
7906001-99,grama,1,true
7906001-99,quilo,1000,false
7906005-99,fatia,45,false
7906005-99,grama,1,true
7906005-99,quilo,1000,false
7906201-99,fatia,35,false
7906201-99,grama,1,true
7906201-99,porcao,100,false
7906201-99,quilo,1000,false
7906303-99,colher de sopa,15,false
7906303-99,grama,1,true
7906303-99,quilo,1000,false
7906401-99,grama,1,true
7906401-99,quilo,1000,false
7906401-99,unidade,20,false
7906501-99,colher de sobremesa,15,false
7906501-99,colher de sopa,30,false
7906501-99,grama,1,true
7906501-99,ponta de faca,6,false
7906501-99,quilo,1000,false
7906601-99,fatia,20,false
7906601-99,grama,1,true
7906601-99,quilo,1000,false
7906702-99,caneca,300,false
7906702-99,copo de requeijao,240,false
7906702-99,copo grande,300,false
7906702-99,grama,1,true
7906702-99,quilo,1000,false
7906702-99,xicara de cha,200,false
7906710-99,copo americano,150,false
7906710-99,copo medio,240,false
7906710-99,grama,1,true
7906710-99,mililitro,1,false
7906710-99,quilo,1000,false
7906710-99,xicara de cha,200,false
7906801-99,copo americano,150,false
7906801-99,grama,1,true
7906801-99,quilo,1000,false
7906802-99,copo americano,150,false
7906802-99,copo grande,300,false
7906802-99,copo medio,240,false
7906802-99,grama,1,true
7906802-99,quilo,1000,false
7906802-99,xicara de cha,200,false
7906810-99,copo medio,240,false
7906810-99,grama,1,true
7906810-99,quilo,1000,false
7906901-99,colher de sopa,13,false
7906901-99,copo medio,26,false
7906901-99,grama,1,true
7906901-99,quilo,1000,false
7907001-99,colher de sopa,16,false
7907001-99,copo americano,20,false
7907001-99,copo medio,32,false
7907001-99,grama,1,true
7907001-99,quilo,1000,false
7907101-99,colher de sopa,32,false
7907101-99,grama,1,true
7907101-99,ponta de faca,5,false
7907101-99,quilo,1000,false
7907301-99,fatia,30,false
7907301-99,grama,1,true
7907301-99,quilo,1000,false
7907305-99,fatia,45,false
7907305-99,grama,1,true
7907305-99,pedaco,100,false
7907305-99,quilo,1000,false
8000103-99,banda,35,false
8000103-99,fatia,35,false
8000103-99,grama,1,true
8000103-99,pedaco,35,false
8000103-99,quilo,1000,false
8000103-99,unidade,70,false
8000105-99,banda,25,false
8000105-99,fatia,25,false
8000105-99,grama,1,true
8000105-99,metade,25,false
8000105-99,pedaco,25,false
8000105-99,porcao,50,false
8000105-99,quilo,1000,false
8000105-99,rodela,16.7,false
8000105-99,unidade,50,false
8000201-99,banda,25,false
8000201-99,fatia,25,false
8000201-99,grama,1,true
8000201-99,metade,25,false
8000201-99,pedaco,25,false
8000201-99,quilo,1000,false
8000201-99,unidade,50,false
8000201-99,unidade pequena,38,false
8000203-99,grama,1,true
8000203-99,quilo,1000,false
8000203-99,unidade,50,false
8000218-99,fatia,25,false
8000218-99,grama,1,true
8000218-99,quilo,1000,false
8000218-99,unidade,50,false
8000229-99,grama,1,true
8000229-99,quilo,1000,false
8000229-99,unidade,11.8,false
8000234-99,fatia,45,false
8000234-99,grama,1,true
8000234-99,quilo,1000,false
8000237-99,grama,1,true
8000237-99,quilo,1000,false
8000237-99,unidade,18,false
8000240-99,grama,1,true
8000240-99,quilo,1000,false
8000240-99,unidade,80,false
8000501-99,banda,25,false
8000501-99,fatia,25,false
8000501-99,grama,1,true
8000501-99,metade,25,false
8000501-99,quilo,1000,false
8000801-99,grama,1,true
8000801-99,porcao,58,false
8000801-99,quilo,1000,false
8000801-99,unidade,20,false
8000801-99,unidade pequena,10,false
8001101-99,fatia,35,false
8001101-99,grama,1,true
8001101-99,porcao,70,false
8001101-99,quilo,1000,false
8001101-99,unidade,70,false
8001401-99,banda,25,false
8001401-99,fatia,25,false
8001401-99,grama,1,true
8001401-99,quilo,1000,false
8001501-99,banda,25,false
8001501-99,bisnaga,200,false
8001501-99,fatia,25,false
8001501-99,grama,1,true
8001501-99,metade,25,false
8001501-99,pedaco,25,false
8001501-99,porcao,50,false
8001501-99,quilo,1000,false
8001501-99,unidade,50,false
8001901-99,grama,1,true
8001901-99,pacote,160,false
8001901-99,porcao,40,false
8001901-99,quilo,1000,false
8001901-99,unidade,8,false
8002001-99,grama,1,true
8002001-99,pedaco,60,false
8002001-99,quilo,1000,false
8002001-99,unidade,60,false
8002002-99,grama,1,true
8002002-99,pedaco,5,false
8002002-99,porcao,35,false
8002002-99,quilo,1000,false
8002002-99,unidade,5,false
8002101-99,grama,1,true
8002101-99,pedaco,83.5,false
8002101-99,quilo,1000,false
8002101-99,unidade,83.5,false
8002106-99,grama,1,true
8002106-99,pacote,200,false
8002106-99,pedaco,5,false
8002106-99,prato fundo,17,false
8002106-99,quilo,1000,false
8002106-99,saco,200,false
8002106-99,unidade,5,false
8002201-99,copo grande,17,false
8002201-99,copo tulipa,17,false
8002201-99,grama,1,true
8002201-99,pacote,200,false
8002201-99,porcao,32.5,false
8002201-99,punhado,17,false
8002201-99,prato fundo,17,false
8002201-99,quilo,1000,false
8002201-99,saco,200,false
8002201-99,tigela,17,false
8002201-99,unidade,5,false
8002201-99,xicara de cafe,17,false
8002205-99,grama,1,true
8002205-99,porcao,25,false
8002205-99,quilo,1000,false
8002212-99,grama,1,true
8002212-99,pacote,30,false
8002212-99,porcao,30,false
8002212-99,quilo,1000,false
8002212-99,saco,30,false
8002212-99,unidade,3,false
8002225-99,copo grande,17,false
8002225-99,copo medio,17,false
8002225-99,grama,1,true
8002225-99,lata (354 ml),354,false
8002225-99,pacote,200,false
8002225-99,pires,17,false
8002225-99,porcao,32.5,false
8002225-99,punhado,17,false
8002225-99,prato fundo,17,false
8002225-99,prato raso,17,false
8002225-99,quilo,1000,false
8002225-99,tigela,17,false
8002225-99,unidade,5,false
8002227-99,cumbuca,8,false
8002227-99,grama,1,true
8002227-99,pacote,84,false
8002227-99,punhado,8,false
8002227-99,prato de sobremesa,8,false
8002227-99,quilo,1000,false
8002227-99,saco,84,false
8002230-99,grama,1,true
8002230-99,porcao,20,false
8002230-99,quilo,1000,false
8002236-99,grama,1,true
8002236-99,pacote,200,false
8002236-99,quilo,1000,false
8002236-99,unidade,5,false
8002301-99,concha,17,false
8002301-99,copo grande,17,false
8002301-99,copo medio,17,false
8002301-99,grama,1,true
8002301-99,pacote,200,false
8002301-99,porcao,35,false
8002301-99,punhado,17,false
8002301-99,pote,17,false
8002301-99,prato raso,17,false
8002301-99,quilo,1000,false
8002301-99,saco,200,false
8002301-99,tigela,17,false
8002301-99,unidade,5,false
8002301-99,xicara de cafe,17,false
8002301-99,xicara de cha,17,false
8002302-99,grama,1,true
8002302-99,quilo,1000,false
8002302-99,unidade,5,false
8002305-99,grama,1,true
8002305-99,pacote,200,false
8002305-99,porcao,30,false
8002305-99,quilo,1000,false
8002305-99,unidade,5,false
8002306-99,grama,1,true
8002306-99,pacote,200,false
8002306-99,porcao,35,false
8002306-99,quilo,1000,false
8002306-99,unidade,5,false
8002309-99,grama,1,true
8002309-99,quilo,1000,false
8002309-99,unidade,5,false
8002315-99,grama,1,true
8002315-99,pedaco,30,false
8002315-99,quilo,1000,false
8002334-99,copo grande,17,false
8002334-99,copo medio,17,false
8002334-99,grama,1,true
8002334-99,pacote,200,false
8002334-99,porcao,35,false
8002334-99,punhado,17,false
8002334-99,prato de sobremesa,17,false
8002334-99,prato raso,17,false
8002334-99,quilo,1000,false
8002334-99,saco,200,false
8002334-99,tigela,17,false
8002334-99,unidade,5,false
8002335-99,grama,1,true
8002335-99,punhado,17,false
8002335-99,quilo,1000,false
8002335-99,unidade,5,false
8002405-99,grama,1,true
8002405-99,quilo,1000,false
8002405-99,unidade,5,false
8002502-99,fatia,100,false
8002502-99,grama,1,true
8002502-99,quilo,1000,false
8002503-99,fatia,70,false
8002503-99,grama,1,true
8002503-99,porcao,50,false
8002503-99,quilo,1000,false
8002601-99,fatia,60,false
8002601-99,grama,1,true
8002601-99,pedaco,60,false
8002601-99,porcao,50,false
8002601-99,quilo,1000,false
8002604-99,grama,1,true
8002604-99,quilo,1000,false
8002604-99,unidade,30,false
8002605-99,grama,1,true
8002605-99,pedaco,60,false
8002605-99,quilo,1000,false
8002609-99,grama,1,true
8002609-99,quilo,1000,false
8002609-99,unidade,20,false
8002701-99,fatia,80,false
8002701-99,grama,1,true
8002701-99,pedaco,80,false
8002701-99,quilo,1000,false
8002702-99,fatia,80,false
8002702-99,grama,1,true
8002702-99,pedaco,80,false
8002702-99,quilo,1000,false
8002703-99,fatia,80,false
8002703-99,grama,1,true
8002703-99,pedaco,80,false
8002703-99,quilo,1000,false
8002704-99,fatia,80,false
8002704-99,grama,1,true
8002704-99,pedaco,80,false
8002704-99,porcao,50,false
8002704-99,quilo,1000,false
8002801-99,fatia,80,false
8002801-99,grama,1,true
8002801-99,pedaco,80,false
8002801-99,porcao,50,false
8002801-99,quilo,1000,false
8002901-99,fatia,60,false
8002901-99,grama,1,true
8002901-99,pedaco,60,false
8002901-99,porcao,50,false
8002901-99,quilo,1000,false
8003101-99,fatia,80,false
8003101-99,grama,1,true
8003101-99,pedaco,80,false
8003101-99,quilo,1000,false
8003501-99,colher de sobremesa,25,false
8003501-99,colher de sopa,50,false
8003501-99,fatia,85,false
8003501-99,grama,1,true
8003501-99,quilo,1000,false
8003601-99,grama,1,true
8003601-99,pedaco,110,false
8003601-99,quilo,1000,false
8003701-99,grama,1,true
8003701-99,quilo,1000,false
8003701-99,unidade,20,false
8003702-99,grama,1,true
8003702-99,quilo,1000,false
8003702-99,unidade,20,false
8003801-99,fatia,60,false
8003801-99,grama,1,true
8003801-99,pedaco,60,false
8003801-99,porcao,35,false
8003801-99,quilo,1000,false
8003902-99,grama,1,true
8003902-99,quilo,1000,false
8003902-99,unidade,38,false
8004001-99,fatia,60,false
8004001-99,grama,1,true
8004001-99,pedaco,60,false
8004001-99,quilo,1000,false
8004101-99,fatia,60,false
8004101-99,grama,1,true
8004101-99,pedaco,60,false
8004101-99,quilo,1000,false
8004201-99,fatia,60,false
8004201-99,grama,1,true
8004201-99,pedaco,60,false
8004201-99,porcao,30,false
8004201-99,quilo,1000,false
8004601-99,fatia,60,false
8004601-99,grama,1,true
8004601-99,pedaco,60,false
8004601-99,porcao,50,false
8004601-99,quilo,1000,false
8004701-99,grama,1,true
8004701-99,quilo,1000,false
8004701-99,unidade,10,false
8004801-99,grama,1,true
8004801-99,pacote,200,false
8004801-99,porcao,34,false
8004801-99,punhado,17,false
8004801-99,quilo,1000,false
8004801-99,saco,200,false
8004801-99,unidade,13,false
8004807-99,grama,1,true
8004807-99,pacote,160,false
8004807-99,quilo,1000,false
8004807-99,unidade,7.5,false
8004809-99,grama,1,true
8004809-99,pacote,200,false
8004809-99,porcao,34,false
8004809-99,quilo,1000,false
8004809-99,unidade,13,false
8004810-99,grama,1,true
8004810-99,pacote,200,false
8004810-99,porcao,34,false
8004810-99,punhado,17,false
8004810-99,quilo,1000,false
8004810-99,unidade,13,false
8004813-99,grama,1,true
8004813-99,pedaco,60,false
8004813-99,quilo,1000,false
8004813-99,unidade,60,false
8004814-99,grama,1,true
8004814-99,punhado,17,false
8004814-99,quilo,1000,false
8004814-99,unidade,13,false
8005201-99,grama,1,true
8005201-99,porcao,32.5,false
8005201-99,quilo,1000,false
8005201-99,unidade,5,false
8006101-99,grama,1,true
8006101-99,quilo,1000,false
8006101-99,unidade,80,false
8006501-99,fatia,23,false
8006501-99,grama,1,true
8006501-99,quilo,1000,false
8006601-99,fatia,23,false
8006601-99,grama,1,true
8006601-99,quilo,1000,false
8006701-99,grama,1,true
8006701-99,quilo,1000,false
8006701-99,unidade,20,false
8006701-99,unidade pequena,10,false
8006801-99,fatia,23,false
8006801-99,grama,1,true
8006801-99,quilo,1000,false
8007001-99,fatia,85,false
8007001-99,grama,1,true
8007001-99,quilo,1000,false
8007101-99,grama,1,true
8007101-99,quilo,1000,false
8007101-99,unidade,85,false
8007302-99,grama,1,true
8007302-99,quilo,1000,false
8007302-99,unidade,20,false
8007402-99,grama,1,true
8007402-99,quilo,1000,false
8007402-99,unidade,20,false
8007501-99,fatia,60,false
8007501-99,grama,1,true
8007501-99,pedaco,60,false
8007501-99,quilo,1000,false
8007601-99,fatia,60,false
8007601-99,grama,1,true
8007601-99,pedaco,60,false
8007601-99,quilo,1000,false
8007701-99,fatia,60,false
8007701-99,grama,1,true
8007701-99,quilo,1000,false
8008001-99,fatia,60,false
8008001-99,grama,1,true
8008001-99,pedaco,60,false
8008001-99,quilo,1000,false
8008201-99,fatia,60,false
8008201-99,grama,1,true
8008201-99,pedaco,60,false
8008201-99,quilo,1000,false
8008301-99,grama,1,true
8008301-99,pacote,200,false
8008301-99,punhado,17,false
8008301-99,quilo,1000,false
8008301-99,unidade,13,false
8008305-99,grama,1,true
8008305-99,pacote,160,false
8008305-99,quilo,1000,false
8008305-99,unidade,7.5,false
8008307-99,grama,1,true
8008307-99,quilo,1000,false
8008307-99,unidade,7.5,false
8008309-99,grama,1,true
8008309-99,quilo,1000,false
8008309-99,unidade,13,false
8008310-99,grama,1,true
8008310-99,quilo,1000,false
8008310-99,unidade,13,false
8008401-99,grama,1,true
8008401-99,pacote,200,false
8008401-99,quilo,1000,false
8008401-99,unidade,13,false
8008408-99,grama,1,true
8008408-99,quilo,1000,false
8008408-99,unidade,13,false
8008410-99,grama,1,true
8008410-99,quilo,1000,false
8008410-99,unidade,13,false
8010001-99,grama,1,true
8010001-99,quilo,1000,false
8010001-99,unidade,50,false
8010029-99,grama,1,true
8010029-99,quilo,1000,false
8010029-99,unidade,11.8,false
8010034-99,grama,1,true
8010034-99,pedaco,45,false
8010034-99,quilo,1000,false
8010101-99,grama,1,true
8010101-99,pacote,200,false
8010101-99,porcao,32.5,false
8010101-99,punhado,17,false
8010101-99,quilo,1000,false
8010101-99,unidade,5,false
8010125-99,grama,1,true
8010125-99,pacote,200,false
8010125-99,porcao,32.5,false
8010125-99,quilo,1000,false
8010125-99,unidade,5,false
8010127-99,grama,1,true
8010127-99,quilo,1000,false
8010127-99,unidade,84,false
8010401-99,grama,1,true
8010401-99,pacote,200,false
8010401-99,quilo,1000,false
8010401-99,unidade,5,false
8010434-99,grama,1,true
8010434-99,quilo,1000,false
8010434-99,unidade,5,false
8010501-99,grama,1,true
8010501-99,pacote,200,false
8010501-99,quilo,1000,false
8010501-99,unidade,5,false
8010534-99,grama,1,true
8010534-99,pacote,200,false
8010534-99,quilo,1000,false
8010534-99,unidade,5,false
8010601-99,fatia,70,false
8010601-99,grama,1,true
8010601-99,pedaco,70,false
8010601-99,porcao,50,false
8010601-99,quilo,1000,false
8100101-2,colher de arroz/servir,28,false
8100101-2,colher de sopa,18,false
8100101-2,concha,56,false
8100101-2,grama,1,true
8100101-2,pedaco,65,false
8100101-2,porcao,40,false
8100101-2,quilo,1000,false
8100101-3,grama,1,true
8100101-3,pedaco,65,false
8100101-3,quilo,1000,false
8100101-4,grama,1,true
8100101-4,pedaco,65,false
8100101-4,porcao,40,false
8100101-4,quilo,1000,false
8100101-5,bife,100,false
8100101-5,colher de arroz/servir,28,false
8100101-5,colher de sopa,18,false
8100101-5,escumadeira,28,false
8100101-5,grama,1,true
8100101-5,pedaco,65,false
8100101-5,porcao,40,false
8100101-5,quilo,1000,false
8100101-7,concha,56,false
8100101-7,grama,1,true
8100101-7,pedaco,65,false
8100101-7,porcao,40,false
8100101-7,quilo,1000,false
8100101-8,colher de arroz/servir,28,false
8100101-8,grama,1,true
8100101-8,pedaco,65,false
8100101-8,quilo,1000,false
8100101-13,colher de arroz/servir,28,false
8100101-13,concha,56,false
8100101-13,escumadeira,28,false
8100101-13,grama,1,true
8100101-13,pedaco,65,false
8100101-13,porcao,40,false
8100101-13,quilo,1000,false
8100102-1,grama,1,true
8100102-1,pedaco,65,false
8100102-1,quilo,1000,false
8100102-2,colher de arroz/servir,28,false
8100102-2,colher de sopa,18,false
8100102-2,concha,56,false
8100102-2,grama,1,true
8100102-2,pedaco,65,false
8100102-2,porcao,40,false
8100102-2,quilo,1000,false
8100102-3,grama,1,true
8100102-3,pedaco,65,false
8100102-3,quilo,1000,false
8100102-4,colher de arroz/servir,28,false
8100102-4,colher de sopa,18,false
8100102-4,grama,1,true
8100102-4,pedaco,65,false
8100102-4,porcao,40,false
8100102-4,quilo,1000,false
8100102-5,bife,100,false
8100102-5,colher de arroz/servir,28,false
8100102-5,colher de sopa,18,false
8100102-5,concha,56,false
8100102-5,escumadeira,28,false
8100102-5,grama,1,true
8100102-5,pedaco,65,false
8100102-5,porcao,40,false
8100102-5,quilo,1000,false
8100102-7,colher de arroz/servir,28,false
8100102-7,colher de sopa,18,false
8100102-7,grama,1,true
8100102-7,pedaco,65,false
8100102-7,porcao,40,false
8100102-7,quilo,1000,false
8100102-8,colher de arroz/servir,28,false
8100102-8,grama,1,true
8100102-8,quilo,1000,false
8100102-13,grama,1,true
8100102-13,pedaco,65,false
8100102-13,quilo,1000,false
8100103-2,colher de arroz/servir,28,false
8100103-2,colher de sopa,18,false
8100103-2,grama,1,true
8100103-2,pedaco,65,false
8100103-2,quilo,1000,false
8100103-5,colher de arroz/servir,28,false
8100103-5,grama,1,true
8100103-5,pedaco,65,false
8100103-5,quilo,1000,false
8100103-7,grama,1,true
8100103-7,pedaco,65,false
8100103-7,quilo,1000,false
8100103-99,concha,56,false
8100103-99,grama,1,true
8100103-99,pedaco,65,false
8100103-99,quilo,1000,false
8100201-1,grama,1,true
8100201-1,pedaco,65,false
8100201-1,quilo,1000,false
8100201-2,colher de arroz/servir,28,false
8100201-2,colher de sopa,18,false
8100201-2,grama,1,true
8100201-2,pedaco,65,false
8100201-2,pegador,18,false
8100201-2,porcao,40,false
8100201-2,quilo,1000,false
8100201-3,bife,100,false
8100201-3,espetinho,46,false
8100201-3,grama,1,true
8100201-3,pedaco,65,false
8100201-3,quilo,1000,false
8100201-4,bife,100,false
8100201-4,colher de arroz/servir,28,false
8100201-4,colher de sopa,18,false
8100201-4,espetinho,46,false
8100201-4,file,100,false
8100201-4,grama,1,true
8100201-4,pedaco,65,false
8100201-4,porcao,40,false
8100201-4,quilo,1000,false
8100201-5,bife,100,false
8100201-5,colher de arroz/servir,28,false
8100201-5,colher de sopa,18,false
8100201-5,concha,56,false
8100201-5,escumadeira,28,false
8100201-5,grama,1,true
8100201-5,pedaco,65,false
8100201-5,porcao,40,false
8100201-5,quilo,1000,false
8100201-13,grama,1,true
8100201-13,pedaco,65,false
8100201-13,quilo,1000,false
8100202-2,grama,1,true
8100202-2,pedaco,65,false
8100202-2,pegador,18,false
8100202-2,quilo,1000,false
8100202-4,grama,1,true
8100202-4,pedaco,65,false
8100202-4,quilo,1000,false
8100202-5,grama,1,true
8100202-5,pedaco,65,false
8100202-5,porcao,40,false
8100202-5,quilo,1000,false
8100502-1,grama,1,true
8100502-1,quilo,1000,false
8100502-1,unidade,56,false
8100502-2,grama,1,true
8100502-2,quilo,1000,false
8100502-2,unidade,56,false
8100502-3,grama,1,true
8100502-3,pedaco,28,false
8100502-3,quilo,1000,false
8100502-3,unidade,56,false
8100502-4,fatia,28,false
8100502-4,grama,1,true
8100502-4,pedaco,28,false
8100502-4,quilo,1000,false
8100502-4,unidade,56,false
8100502-5,grama,1,true
8100502-5,pedaco,28,false
8100502-5,quilo,1000,false
8100502-5,unidade,56,false
8100502-8,grama,1,true
8100502-8,quilo,1000,false
8100502-8,unidade,56,false
8100502-99,grama,1,true
8100502-99,pedaco,28,false
8100502-99,quilo,1000,false
8100502-99,unidade,56,false
8100802-99,fatia,20,false
8100802-99,grama,1,true
8100802-99,quilo,1000,false
8101005-99,fatia,15,false
8101005-99,grama,1,true
8101005-99,porcao,7.5,false
8101005-99,quilo,1000,false
8101101-2,grama,1,true
8101101-2,quilo,1000,false
8101101-2,unidade,56,false
8101101-3,grama,1,true
8101101-3,quilo,1000,false
8101101-3,unidade,56,false
8101101-4,grama,1,true
8101101-4,quilo,1000,false
8101101-4,unidade,56,false
8101101-5,grama,1,true
8101101-5,quilo,1000,false
8101101-5,unidade,56,false
8101101-6,grama,1,true
8101101-6,quilo,1000,false
8101101-6,unidade,56,false
8101101-99,grama,1,true
8101101-99,quilo,1000,false
8101101-99,unidade,56,false
8102101-1,grama,1,true
8102101-1,pedaco,19,false
8102101-1,porcao,60,false
8102101-1,quilo,1000,false
8102101-1,rodela,19,false
8102101-1,unidade,31,false
8102101-2,colher de arroz/servir,42,false
8102101-2,colher de sobremesa,15,false
8102101-2,colher de sopa,22,false
8102101-2,concha,100,false
8102101-2,escumadeira,88,false
8102101-2,gomo,19,false
8102101-2,grama,1,true
8102101-2,metade,15.5,false
8102101-2,pedaco,19,false
8102101-2,pegador,35,false
8102101-2,porcao,60,false
8102101-2,quilo,1000,false
8102101-2,rodela,19,false
8102101-2,unidade,31,false
8102101-3,grama,1,true
8102101-3,quilo,1000,false
8102101-3,unidade,31,false
8102101-4,fatia,19,false
8102101-4,grama,1,true
8102101-4,pedaco,19,false
8102101-4,porcao,60,false
8102101-4,quilo,1000,false
8102101-4,rodela,19,false
8102101-4,unidade,31,false
8102101-5,colher de arroz/servir,42,false
8102101-5,colher de sopa,22,false
8102101-5,fatia,19,false
8102101-5,grama,1,true
8102101-5,metade,15.5,false
8102101-5,pedaco,19,false
8102101-5,porcao,60,false
8102101-5,quilo,1000,false
8102101-5,rodela,19,false
8102101-5,unidade,31,false
8102101-7,colher de arroz/servir,42,false
8102101-7,colher de sopa,22,false
8102101-7,grama,1,true
8102101-7,porcao,60,false
8102101-7,quilo,1000,false
8102101-7,unidade,31,false
8102101-8,colher de arroz/servir,42,false
8102101-8,colher de sopa,22,false
8102101-8,concha,100,false
8102101-8,escumadeira,88,false
8102101-8,grama,1,true
8102101-8,pedaco,19,false
8102101-8,porcao,60,false
8102101-8,quilo,1000,false
8102101-8,rodela,19,false
8102101-8,unidade,31,false
8102101-9,concha,100,false
8102101-9,grama,1,true
8102101-9,quilo,1000,false
8102101-9,unidade,31,false
8102101-10,colher de arroz/servir,42,false
8102101-10,grama,1,true
8102101-10,quilo,1000,false
8102101-10,unidade,31,false
8102101-11,colher de arroz/servir,42,false
8102101-11,grama,1,true
8102101-11,quilo,1000,false
8102101-11,unidade,31,false
8102101-13,colher de arroz/servir,42,false
8102101-13,grama,1,true
8102101-13,porcao,60,false
8102101-13,quilo,1000,false
8102101-13,unidade,31,false
8102101-99,fatia,19,false
8102101-99,grama,1,true
8102101-99,porcao,60,false
8102101-99,quilo,1000,false
8102101-99,unidade,31,false
8102204-1,fatia,10,false
8102204-1,gomo,60,false
8102204-1,grama,1,true
8102204-1,pedaco,10,false
8102204-1,porcao,50,false
8102204-1,quilo,1000,false
8102204-1,rodela,10,false
8102204-2,colher de arroz/servir,36,false
8102204-2,colher de sopa,22,false
8102204-2,gomo,60,false
8102204-2,grama,1,true
8102204-2,pedaco,10,false
8102204-2,porcao,50,false
8102204-2,quilo,1000,false
8102204-2,rodela,10,false
8102204-2,unidade,60,false
8102204-3,espetinho,46,false
8102204-3,gomo,60,false
8102204-3,grama,1,true
8102204-3,pedaco,10,false
8102204-3,porcao,50,false
8102204-3,quilo,1000,false
8102204-3,unidade,60,false
8102204-3,unidade pequena,60,false
8102204-4,colher de arroz/servir,36,false
8102204-4,espetinho,46,false
8102204-4,fatia,10,false
8102204-4,gomo,60,false
8102204-4,grama,1,true
8102204-4,pedaco,10,false
8102204-4,porcao,50,false
8102204-4,quilo,1000,false
8102204-4,rodela,10,false
8102204-4,unidade,60,false
8102204-4,unidade pequena,60,false
8102204-5,colher de arroz/servir,36,false
8102204-5,colher de sopa,22,false
8102204-5,concha,72,false
8102204-5,escumadeira,36,false
8102204-5,fatia,10,false
8102204-5,gomo,60,false
8102204-5,grama,1,true
8102204-5,pedaco,10,false
8102204-5,pegador,22,false
8102204-5,porcao,50,false
8102204-5,quilo,1000,false
8102204-5,rodela,10,false
8102204-5,unidade,60,false
8102204-5,unidade pequena,60,false
8102204-6,gomo,60,false
8102204-6,grama,1,true
8102204-6,quilo,1000,false
8102204-7,colher de arroz/servir,36,false
8102204-7,grama,1,true
8102204-7,pedaco,10,false
8102204-7,porcao,50,false
8102204-7,quilo,1000,false
8102204-8,colher de arroz/servir,36,false
8102204-8,colher de sopa,22,false
8102204-8,gomo,60,false
8102204-8,grama,1,true
8102204-8,pedaco,10,false
8102204-8,porcao,50,false
8102204-8,quilo,1000,false
8102204-8,unidade,60,false
8102204-11,grama,1,true
8102204-11,pedaco,10,false
8102204-11,porcao,50,false
8102204-11,quilo,1000,false
8102204-13,colher de arroz/servir,36,false
8102204-13,colher de sopa,22,false
8102204-13,gomo,60,false
8102204-13,grama,1,true
8102204-13,pedaco,10,false
8102204-13,quilo,1000,false
8102204-13,unidade,60,false
8102204-99,fatia,10,false
8102204-99,grama,1,true
8102204-99,pedaco,10,false
8102204-99,quilo,1000,false
8102204-99,unidade,60,false
8102207-1,banda,30,false
8102207-1,grama,1,true
8102207-1,pedaco,10,false
8102207-1,quilo,1000,false
8102207-2,grama,1,true
8102207-2,pedaco,10,false
8102207-2,quilo,1000,false
8102207-2,unidade,60,false
8102207-3,gomo,60,false
8102207-3,grama,1,true
8102207-3,pedaco,10,false
8102207-3,quilo,1000,false
8102207-3,unidade,60,false
8102207-4,espetinho,46,false
8102207-4,espeto,46,false
8102207-4,gomo,60,false
8102207-4,grama,1,true
8102207-4,pedaco,10,false
8102207-4,porcao,50,false
8102207-4,quilo,1000,false
8102207-4,unidade,60,false
8102207-4,unidade pequena,60,false
8102207-5,banda,30,false
8102207-5,fatia,10,false
8102207-5,gomo,60,false
8102207-5,grama,1,true
8102207-5,pedaco,10,false
8102207-5,porcao,50,false
8102207-5,quilo,1000,false
8102207-5,rodela,10,false
8102207-5,unidade,60,false
8102207-5,unidade pequena,60,false
8102401-99,grama,1,true
8102401-99,pedaco,10,false
8102401-99,quilo,1000,false
8102402-99,grama,1,true
8102402-99,pedaco,10,false
8102402-99,quilo,1000,false
8102403-1,grama,1,true
8102403-1,pedaco,10,false
8102403-1,quilo,1000,false
8102403-2,grama,1,true
8102403-2,pedaco,10,false
8102403-2,quilo,1000,false
8102501-2,grama,1,true
8102501-2,quilo,1000,false
8102501-2,rodela,10,false
8102601-99,fatia,15,false
8102601-99,grama,1,true
8102601-99,pedaco,15,false
8102601-99,porcao,62,false
8102601-99,quilo,1000,false
8102701-99,fatia,20,false
8102701-99,grama,1,true
8102701-99,porcao,62,false
8102701-99,quilo,1000,false
8102702-99,fatia,20,false
8102702-99,grama,1,true
8102702-99,porcao,62,false
8102702-99,quilo,1000,false
8102801-99,fatia,10,false
8102801-99,grama,1,true
8102801-99,quilo,1000,false
8102901-99,fatia,15,false
8102901-99,grama,1,true
8102901-99,quilo,1000,false
8103001-2,grama,1,true
8103001-2,quilo,1000,false
8103001-2,unidade,56,false
8103001-4,grama,1,true
8103001-4,quilo,1000,false
8103001-4,unidade,56,false
8103001-6,grama,1,true
8103001-6,quilo,1000,false
8103001-6,unidade,56,false
8103101-2,grama,1,true
8103101-2,quilo,1000,false
8103101-2,unidade,56,false
8103101-3,grama,1,true
8103101-3,quilo,1000,false
8103101-3,unidade,56,false
8103101-4,grama,1,true
8103101-4,pedaco,28,false
8103101-4,quilo,1000,false
8103101-4,unidade,56,false
8103101-5,grama,1,true
8103101-5,pedaco,28,false
8103101-5,quilo,1000,false
8103101-5,unidade,56,false
8103101-99,grama,1,true
8103101-99,quilo,1000,false
8103101-99,unidade,56,false
8103601-99,fatia,15,false
8103601-99,grama,1,true
8103601-99,quilo,1000,false
8103901-99,grama,1,true
8103901-99,porcao,7.5,false
8103901-99,quilo,1000,false
8103901-99,unidade,10,false
8103902-99,grama,1,true
8103902-99,pedaco,10,false
8103902-99,quilo,1000,false
8104001-99,colher de arroz/servir,70,false
8104001-99,colher de cafe,7.5,false
8104001-99,colher de cha,15,false
8104001-99,colher de sobremesa,17.5,false
8104001-99,colher de sopa,35,false
8104001-99,grama,1,true
8104001-99,ponta de faca,5,false
8104001-99,porcao,30,false
8104001-99,quilo,1000,false
8104101-99,grama,1,true
8104101-99,pedaco,55,false
8104101-99,porcao,100,false
8104101-99,quilo,1000,false
8104601-2,colher de arroz/servir,28,false
8104601-2,colher de sopa,18,false
8104601-2,grama,1,true
8104601-2,pedaco,65,false
8104601-2,porcao,40,false
8104601-2,quilo,1000,false
8104601-3,grama,1,true
8104601-3,pedaco,65,false
8104601-3,quilo,1000,false
8104601-4,bife,100,false
8104601-4,grama,1,true
8104601-4,pedaco,65,false
8104601-4,porcao,40,false
8104601-4,quilo,1000,false
8104601-5,bife,100,false
8104601-5,grama,1,true
8104601-5,pedaco,65,false
8104601-5,porcao,40,false
8104601-5,quilo,1000,false
8104601-7,colher de arroz/servir,28,false
8104601-7,grama,1,true
8104601-7,pedaco,65,false
8104601-7,quilo,1000,false
8104601-8,grama,1,true
8104601-8,pedaco,65,false
8104601-8,quilo,1000,false
8104601-99,grama,1,true
8104601-99,pedaco,65,false
8104601-99,porcao,40,false
8104601-99,quilo,1000,false
8104904-2,grama,1,true
8104904-2,quilo,1000,false
8104904-2,unidade,25,false
8104904-3,grama,1,true
8104904-3,quilo,1000,false
8104904-3,unidade,25,false
8104904-4,grama,1,true
8104904-4,quilo,1000,false
8104904-4,unidade,25,false
8104904-5,grama,1,true
8104904-5,quilo,1000,false
8104904-5,unidade,25,false
8104904-6,grama,1,true
8104904-6,quilo,1000,false
8104904-6,unidade,25,false
8105001-99,fatia,15,false
8105001-99,grama,1,true
8105001-99,quilo,1000,false
8105201-5,grama,1,true
8105201-5,quilo,1000,false
8105201-5,unidade,31,false
8105401-99,grama,1,true
8105401-99,quilo,1000,false
8105401-99,rodela,20,false
8105501-99,fatia,10,false
8105501-99,grama,1,true
8105501-99,quilo,1000,false
8105701-99,grama,1,true
8105701-99,quilo,1000,false
8105701-99,unidade,56,false
8200101-99,caneca,300,false
8200101-99,copo americano,150,false
8200101-99,copo de cafezinho,50,false
8200101-99,copo de requeijao,240,false
8200101-99,copo grande,300,false
8200101-99,copo medio,240,false
8200101-99,copo tulipa,290,false
8200101-99,dose,50,false
8200101-99,garrafa (200 ml),200,false
8200101-99,garrafa (237 ml),237,false
8200101-99,garrafa (248 ml),248,false
8200101-99,garrafa (250 ml),250,false
8200101-99,garrafa (275 ml),275,false
8200101-99,garrafa (284 ml),284,false
8200101-99,garrafa (290 ml),290,false
8200101-99,garrafa (300 ml),300,false
8200101-99,garrafa (330 ml),330,false
8200101-99,garrafa (350 ml),350,false
8200101-99,garrafa (500 ml),500,false
8200101-99,garrafa (600 ml),600,false
8200101-99,garrafa (650 ml),650,false
8200101-99,garrafa (900 ml),900,false
8200101-99,garrafa (980 ml),980,false
8200101-99,garrafa (1 l),1000,false
8200101-99,garrafa (n. e.),600,false
8200101-99,grama,1,true
8200101-99,lata (250 ml),250,false
8200101-99,lata (335 ml),335,false
8200101-99,lata (340 ml),340,false
8200101-99,lata (350 ml),350,false
8200101-99,lata (354 ml),354,false
8200101-99,lata (n. e.),350,false
8200101-99,litro,1000,false
8200101-99,mililitro,1,false
8200101-99,quilo,1000,false
8200101-99,taca,150,false
8200101-99,unidade,240,false
8200101-99,unidade pequena,150,false
8200101-99,xicara de cha,200,false
8200102-99,copo americano,150,false
8200102-99,copo de cafezinho,50,false
8200102-99,copo de requeijao,240,false
8200102-99,copo grande,300,false
8200102-99,copo medio,240,false
8200102-99,copo tulipa,290,false
8200102-99,garrafa (200 ml),200,false
8200102-99,garrafa (237 ml),237,false
8200102-99,garrafa (250 ml),250,false
8200102-99,garrafa (275 ml),275,false
8200102-99,garrafa (284 ml),284,false
8200102-99,garrafa (290 ml),290,false
8200102-99,garrafa (300 ml),300,false
8200102-99,garrafa (330 ml),330,false
8200102-99,garrafa (350 ml),350,false
8200102-99,garrafa (355 ml),355,false
8200102-99,garrafa (400 ml),400,false
8200102-99,garrafa (500 ml),500,false
8200102-99,garrafa (600 ml),600,false
8200102-99,garrafa (900 ml),900,false
8200102-99,garrafa (1 l),1000,false
8200102-99,"garrafa (1,5 l)",1500,false
8200102-99,"garrafa (1,75 l)",1750,false
8200102-99,garrafa (2 l),2000,false
8200102-99,garrafa (n. e.),600,false
8200102-99,grama,1,true
8200102-99,lata (250 ml),250,false
8200102-99,lata (335 ml),335,false
8200102-99,lata (340 ml),340,false
8200102-99,lata (350 ml),350,false
8200102-99,lata (354 ml),354,false
8200102-99,lata (n. e.),350,false
8200102-99,litro,1000,false
8200102-99,mililitro,1,false
8200102-99,quilo,1000,false
8200102-99,taca,150,false
8200102-99,unidade,240,false
8200102-99,unidade pequena,150,false
8200102-99,xicara de cafe,50,false
8200102-99,xicara de cha,200,false
8200202-99,copo americano,150,false
8200202-99,copo de requeijao,240,false
8200202-99,copo grande,300,false
8200202-99,copo medio,240,false
8200202-99,copo tulipa,290,false
8200202-99,garrafa (200 ml),200,false
8200202-99,garrafa (250 ml),250,false
8200202-99,garrafa (290 ml),290,false
8200202-99,garrafa (300 ml),300,false
8200202-99,garrafa (350 ml),350,false
8200202-99,garrafa (600 ml),600,false
8200202-99,"garrafa (1,25 l)",1250,false
8200202-99,garrafa (n. e.),600,false
8200202-99,grama,1,true
8200202-99,lata (250 ml),250,false
8200202-99,lata (335 ml),335,false
8200202-99,lata (350 ml),350,false
8200202-99,lata (n. e.),350,false
8200202-99,litro,1000,false
8200202-99,mililitro,1,false
8200202-99,quilo,1000,false
8200202-99,unidade,240,false
8200208-99,copo americano,150,false
8200208-99,copo grande,300,false
8200208-99,copo medio,240,false
8200208-99,grama,1,true
8200208-99,lata (335 ml),335,false
8200208-99,lata (350 ml),350,false
8200208-99,mililitro,1,false
8200208-99,quilo,1000,false
8200301-99,caneca,300,false
8200301-99,caneco,300,false
8200301-99,copo americano,150,false
8200301-99,copo de requeijao,240,false
8200301-99,copo grande,300,false
8200301-99,copo medio,240,false
8200301-99,copo tulipa,290,false
8200301-99,garrafa (200 ml),200,false
8200301-99,garrafa (237 ml),237,false
8200301-99,garrafa (250 ml),250,false
8200301-99,garrafa (275 ml),275,false
8200301-99,garrafa (284 ml),284,false
8200301-99,garrafa (290 ml),290,false
8200301-99,garrafa (300 ml),300,false
8200301-99,garrafa (350 ml),350,false
8200301-99,garrafa (500 ml),500,false
8200301-99,garrafa (600 ml),600,false
8200301-99,garrafa (650 ml),650,false
8200301-99,garrafa (900 ml),900,false
8200301-99,garrafa (1 l),1000,false
8200301-99,garrafa (2 l),2000,false
8200301-99,garrafa (n. e.),600,false
8200301-99,grama,1,true
8200301-99,lata (250 ml),250,false
8200301-99,lata (335 ml),335,false
8200301-99,lata (350 ml),350,false
8200301-99,lata (n. e.),350,false
8200301-99,litro,1000,false
8200301-99,mililitro,1,false
8200301-99,quilo,1000,false
8200301-99,unidade,240,false
8200301-99,unidade pequena,150,false
8200301-99,xicara de cafe,50,false
8200302-99,copo americano,150,false
8200302-99,copo de cafezinho,50,false
8200302-99,copo de requeijao,240,false
8200302-99,copo grande,300,false
8200302-99,copo medio,240,false
8200302-99,copo tulipa,290,false
8200302-99,garrafa (200 ml),200,false
8200302-99,garrafa (250 ml),250,false
8200302-99,garrafa (290 ml),290,false
8200302-99,garrafa (300 ml),300,false
8200302-99,garrafa (320 ml),320,false
8200302-99,garrafa (350 ml),350,false
8200302-99,garrafa (500 ml),500,false
8200302-99,garrafa (600 ml),600,false
8200302-99,garrafa (2 l),2000,false
8200302-99,grama,1,true
8200302-99,lata (250 ml),250,false
8200302-99,lata (335 ml),335,false
8200302-99,lata (350 ml),350,false
8200302-99,lata (354 ml),354,false
8200302-99,lata (n. e.),350,false
8200302-99,litro,1000,false
8200302-99,mililitro,1,false
8200302-99,quilo,1000,false
8200302-99,unidade,240,false
8200407-99,copo americano,150,false
8200407-99,copo de requeijao,240,false
8200407-99,copo grande,300,false
8200407-99,copo medio,240,false
8200407-99,copo tulipa,290,false
8200407-99,garrafa (290 ml),290,false
8200407-99,garrafa (300 ml),300,false
8200407-99,garrafa (600 ml),600,false
8200407-99,grama,1,true
8200407-99,lata (250 ml),250,false
8200407-99,lata (350 ml),350,false
8200407-99,litro,1000,false
8200407-99,mililitro,1,false
8200407-99,quilo,1000,false
8200505-99,copo americano,150,false
8200505-99,copo grande,300,false
8200505-99,copo medio,240,false
8200505-99,copo tulipa,290,false
8200505-99,garrafa (250 ml),250,false
8200505-99,garrafa (300 ml),300,false
8200505-99,grama,1,true
8200505-99,lata (250 ml),250,false
8200505-99,lata (350 ml),350,false
8200505-99,lata (n. e.),350,false
8200505-99,litro,1000,false
8200505-99,mililitro,1,false
8200505-99,quilo,1000,false
8200505-99,unidade,240,false
8200701-99,copo americano,150,false
8200701-99,copo de requeijao,240,false
8200701-99,copo grande,300,false
8200701-99,copo medio,240,false
8200701-99,garrafa (200 ml),200,false
8200701-99,garrafa (250 ml),250,false
8200701-99,garrafa (300 ml),300,false
8200701-99,garrafa (500 ml),500,false
8200701-99,garrafa (600 ml),600,false
8200701-99,grama,1,true
8200701-99,lata (250 ml),250,false
8200701-99,lata (335 ml),335,false
8200701-99,lata (350 ml),350,false
8200701-99,lata (354 ml),354,false
8200701-99,quilo,1000,false
8200701-99,unidade,240,false
8200702-99,copo americano,150,false
8200702-99,copo de requeijao,240,false
8200702-99,copo grande,300,false
8200702-99,copo medio,240,false
8200702-99,garrafa (200 ml),200,false
8200702-99,garrafa (250 ml),250,false
8200702-99,garrafa (290 ml),290,false
8200702-99,garrafa (350 ml),350,false
8200702-99,garrafa (600 ml),600,false
8200702-99,garrafa (1 l),1000,false
8200702-99,grama,1,true
8200702-99,lata (250 ml),250,false
8200702-99,lata (350 ml),350,false
8200702-99,lata (n. e.),350,false
8200702-99,mililitro,1,false
8200702-99,quilo,1000,false
8200702-99,taca,150,false
8200702-99,unidade,240,false
8200801-99,copo americano,150,false
8200801-99,copo de requeijao,240,false
8200801-99,copo grande,300,false
8200801-99,copo medio,240,false
8200801-99,garrafa (290 ml),290,false
8200801-99,garrafa (1 l),1000,false
8200801-99,"garrafa (1,25 l)",1250,false
8200801-99,grama,1,true
8200801-99,lata (250 ml),250,false
8200801-99,lata (335 ml),335,false
8200801-99,lata (350 ml),350,false
8200801-99,mililitro,1,false
8200801-99,quilo,1000,false
8200801-99,unidade,240,false
8200801-99,unidade pequena,150,false
8200902-99,copo medio,240,false
8200902-99,grama,1,true
8200902-99,quilo,1000,false
8200902-99,unidade,6,false
8201104-99,caneca,300,false
8201104-99,copo americano,150,false
8201104-99,copo de requeijao,240,false
8201104-99,copo grande,300,false
8201104-99,copo medio,240,false
8201104-99,copo tulipa,290,false
8201104-99,garrafa (500 ml),500,false
8201104-99,garrafa (1 l),1000,false
8201104-99,grama,1,true
8201104-99,litro,1000,false
8201104-99,quilo,1000,false
8201104-99,xicara de cafe,50,false
8201104-99,xicara de cha,200,false
8201202-99,copo medio,240,false
8201202-99,grama,1,true
8201202-99,quilo,1000,false
8201502-99,copo grande,300,false
8201502-99,copo medio,240,false
8201502-99,grama,1,true
8201502-99,quilo,1000,false
8201601-99,copo americano,150,false
8201601-99,copo de requeijao,240,false
8201601-99,copo grande,300,false
8201601-99,copo medio,240,false
8201601-99,garrafa (200 ml),200,false
8201601-99,garrafa (290 ml),290,false
8201601-99,grama,1,true
8201601-99,lata (350 ml),350,false
8201601-99,lata (n. e.),350,false
8201601-99,quilo,1000,false
8201602-99,copo americano,150,false
8201602-99,copo grande,300,false
8201602-99,copo medio,240,false
8201602-99,garrafa (600 ml),600,false
8201602-99,grama,1,true
8201602-99,lata (350 ml),350,false
8201602-99,quilo,1000,false
8201802-99,copo americano,150,false
8201802-99,copo grande,300,false
8201802-99,copo medio,240,false
8201802-99,garrafa (600 ml),600,false
8201802-99,garrafa (650 ml),650,false
8201802-99,garrafa (900 ml),900,false
8201802-99,garrafa (1 l),1000,false
8201802-99,grama,1,true
8201802-99,quilo,1000,false
8201802-99,unidade,240,false
8201902-99,copo medio,240,false
8201902-99,grama,1,true
8201902-99,quilo,1000,false
8202001-99,caneca,300,false
8202001-99,concha,50,false
8202001-99,copo americano,150,false
8202001-99,copo de requeijao,240,false
8202001-99,copo grande,300,false
8202001-99,copo medio,240,false
8202001-99,grama,1,true
8202001-99,litro,1000,false
8202001-99,mililitro,1,false
8202001-99,quilo,1000,false
8202002-99,copo americano,150,false
8202002-99,copo grande,300,false
8202002-99,copo medio,240,false
8202002-99,grama,1,true
8202002-99,quilo,1000,false
8202101-99,copo americano,150,false
8202101-99,copo de requeijao,240,false
8202101-99,copo grande,300,false
8202101-99,copo medio,240,false
8202101-99,copo tulipa,290,false
8202101-99,garrafa (200 ml),200,false
8202101-99,garrafa (250 ml),250,false
8202101-99,garrafa (290 ml),290,false
8202101-99,garrafa (500 ml),500,false
8202101-99,grama,1,true
8202101-99,lata (350 ml),350,false
8202101-99,litro,1000,false
8202101-99,mililitro,1,false
8202101-99,quilo,1000,false
8202101-99,unidade,340,false
8202101-99,xicara de cha,200,false
8202402-99,caneca,300,false
8202402-99,caneco,300,false
8202402-99,copo americano,150,false
8202402-99,copo de cafezinho,50,false
8202402-99,copo de requeijao,240,false
8202402-99,copo grande,300,false
8202402-99,copo medio,240,false
8202402-99,copo tulipa,290,false
8202402-99,garrafa (500 ml),500,false
8202402-99,grama,1,true
8202402-99,quilo,1000,false
8202403-99,copo americano,150,false
8202403-99,copo grande,300,false
8202403-99,copo medio,240,false
8202403-99,grama,1,true
8202403-99,quilo,1000,false
8202602-99,colher de cafe,1,true
8202602-99,colher de cha,1.5,false
8202602-99,colher de sopa,4,false
8202602-99,copo americano,4.5,false
8202602-99,copo de cafezinho,1.5,false
8202602-99,copo grande,9,false
8202602-99,copo medio,7.2,false
8202602-99,grama,1,false
8202602-99,quilo,1000,false
8202602-99,xicara de cafe,1.5,false
8202602-99,xicara de cha,6,false
8202803-99,caneca,300,false
8202803-99,caneco,300,false
8202803-99,copo americano,150,false
8202803-99,copo grande,300,false
8202803-99,copo medio,240,false
8202803-99,garrafa (250 ml),250,false
8202803-99,garrafa (300 ml),300,false
8202803-99,garrafa (600 ml),600,false
8202803-99,garrafa (1 l),1000,false
8202803-99,grama,1,true
8202803-99,litro,1000,false
8202803-99,quilo,1000,false
8202803-99,xicara de cafe,50,false
8202803-99,xicara de cha,200,false
8202804-99,caneca,300,false
8202804-99,caneco,300,false
8202804-99,copo americano,150,false
8202804-99,copo de requeijao,240,false
8202804-99,copo grande,300,false
8202804-99,copo medio,240,false
8202804-99,dose,50,false
8202804-99,garrafa (200 ml),200,false
8202804-99,garrafa (250 ml),250,false
8202804-99,garrafa (300 ml),300,false
8202804-99,garrafa (330 ml),330,false
8202804-99,garrafa (350 ml),350,false
8202804-99,garrafa (355 ml),355,false
8202804-99,garrafa (400 ml),400,false
8202804-99,garrafa (500 ml),500,false
8202804-99,garrafa (600 ml),600,false
8202804-99,garrafa (650 ml),650,false
8202804-99,garrafa (1 l),1000,false
8202804-99,"garrafa (1,25 l)",1250,false
8202804-99,"garrafa (1,75 l)",1750,false
8202804-99,garrafa (2 l),2000,false
8202804-99,grama,1,true
8202804-99,litro,1000,false
8202804-99,mililitro,1,false
8202804-99,quilo,1000,false
8202804-99,xicara de cha,200,false
8202805-99,caneca,300,false
8202805-99,caneco,300,false
8202805-99,copo americano,150,false
8202805-99,copo grande,300,false
8202805-99,copo medio,240,false
8202805-99,garrafa (300 ml),300,false
8202805-99,garrafa (500 ml),500,false
8202805-99,garrafa (1 l),1000,false
8202805-99,"garrafa (1,5 l)",1500,false
8202805-99,garrafa (2 l),2000,false
8202805-99,grama,1,true
8202805-99,litro,1000,false
8202805-99,quilo,1000,false
8203401-99,colher de sopa,27,false
8203401-99,grama,1,true
8203401-99,quilo,1000,false
8203501-99,caneca,300,false
8203501-99,caneco,300,false
8203501-99,copo americano,150,false
8203501-99,copo de cafezinho,50,false
8203501-99,copo de requeijao,240,false
8203501-99,copo grande,300,false
8203501-99,copo medio,240,false
8203501-99,copo tulipa,290,false
8203501-99,garrafa (200 ml),200,false
8203501-99,garrafa (237 ml),237,false
8203501-99,garrafa (248 ml),248,false
8203501-99,garrafa (250 ml),250,false
8203501-99,garrafa (275 ml),275,false
8203501-99,garrafa (284 ml),284,false
8203501-99,garrafa (290 ml),290,false
8203501-99,garrafa (300 ml),300,false
8203501-99,garrafa (330 ml),330,false
8203501-99,garrafa (350 ml),350,false
8203501-99,garrafa (500 ml),500,false
8203501-99,garrafa (600 ml),600,false
8203501-99,garrafa (1 l),1000,false
8203501-99,garrafa (n. e.),600,false
8203501-99,grama,1,true
8203501-99,lata (250 ml),250,false
8203501-99,lata (335 ml),335,false
8203501-99,lata (340 ml),340,false
8203501-99,lata (350 ml),350,false
8203501-99,lata (n. e.),350,false
8203501-99,litro,1000,false
8203501-99,mililitro,1,false
8203501-99,quilo,1000,false
8203501-99,taca,150,false
8203501-99,unidade,240,false
8203501-99,unidade pequena,150,false
8203501-99,xicara de cha,200,false
8203603-99,colher de cafe,1,true
8203603-99,copo americano,4.5,false
8203603-99,copo de cafezinho,1.5,false
8203603-99,copo medio,7.2,false
8203603-99,grama,1,false
8203603-99,quilo,1000,false
8203603-99,xicara de cafe,1.5,false
8203603-99,xicara de cha,6,false
8204503-99,garrafa (200 ml),200,false
8204503-99,garrafa (250 ml),250,false
8204503-99,grama,1,true
8204503-99,mililitro,1,false
8204503-99,quilo,1000,false
8204902-99,copo americano,150,false
8204902-99,copo de cafezinho,50,false
8204902-99,copo de requeijao,240,false
8204902-99,copo grande,300,false
8204902-99,copo medio,240,false
8204902-99,copo tulipa,290,false
8204902-99,garrafa (200 ml),200,false
8204902-99,garrafa (250 ml),250,false
8204902-99,garrafa (500 ml),500,false
8204902-99,garrafa (600 ml),600,false
8204902-99,garrafa (1 l),1000,false
8204902-99,"garrafa (1,75 l)",1750,false
8204902-99,garrafa (n. e.),500,false
8204902-99,grama,1,true
8204902-99,lata (250 ml),250,false
8204902-99,lata (350 ml),350,false
8204902-99,quilo,1000,false
8204902-99,unidade,500,false
8205201-99,copo americano,150,false
8205201-99,copo de cafezinho,50,false
8205201-99,copo de requeijao,240,false
8205201-99,copo grande,300,false
8205201-99,copo medio,240,false
8205201-99,grama,1,true
8205201-99,lata (350 ml),350,false
8205201-99,litro,1000,false
8205201-99,quilo,1000,false
8205201-99,xicara de cafe,50,false
8205201-99,xicara de cha,200,false
8205402-99,copo americano,150,false
8205402-99,copo de requeijao,240,false
8205402-99,copo grande,300,false
8205402-99,copo medio,240,false
8205402-99,copo tulipa,290,false
8205402-99,garrafa (200 ml),200,false
8205402-99,garrafa (237 ml),237,false
8205402-99,garrafa (250 ml),250,false
8205402-99,garrafa (600 ml),600,false
8205402-99,grama,1,true
8205402-99,lata (250 ml),250,false
8205402-99,lata (350 ml),350,false
8205402-99,quilo,1000,false
8205402-99,unidade,240,false
8205402-99,unidade pequena,150,false
8205803-99,copo medio,240,false
8205803-99,garrafa (400 ml),400,false
8205803-99,garrafa (500 ml),500,false
8205803-99,garrafa (n. e.),500,false
8205803-99,grama,1,true
8205803-99,quilo,1000,false
8205803-99,unidade,500,false
8205901-99,copo grande,300,false
8205901-99,copo medio,240,false
8205901-99,garrafa (250 ml),250,false
8205901-99,garrafa (290 ml),290,false
8205901-99,garrafa (300 ml),300,false
8205901-99,grama,1,true
8205901-99,lata (250 ml),250,false
8205901-99,lata (350 ml),350,false
8205901-99,quilo,1000,false
8205901-99,unidade,500,false
8205901-99,xicara de cha,200,false
8206301-99,caneca,300,false
8206301-99,caneco,300,false
8206301-99,copo americano,150,false
8206301-99,copo de cafezinho,50,false
8206301-99,copo de requeijao,240,false
8206301-99,copo grande,300,false
8206301-99,copo medio,240,false
8206301-99,copo tulipa,290,false
8206301-99,garrafa (200 ml),200,false
8206301-99,garrafa (500 ml),500,false
8206301-99,grama,1,true
8206301-99,lata (335 ml),335,false
8206301-99,lata (350 ml),350,false
8206301-99,litro,1000,false
8206301-99,mililitro,1,false
8206301-99,quilo,1000,false
8206301-99,taca,150,false
8206301-99,unidade,240,false
8206301-99,xicara de cafe,50,false
8206301-99,xicara de cha,200,false
8206402-99,caneca,300,false
8206402-99,copo americano,150,false
8206402-99,copo grande,300,false
8206402-99,copo medio,240,false
8206402-99,grama,1,true
8206402-99,quilo,1000,false
8206402-99,xicara de cafe,50,false
8206402-99,xicara de cha,200,false
8207401-99,copo americano,150,false
8207401-99,copo de requeijao,240,false
8207401-99,copo grande,300,false
8207401-99,copo medio,240,false
8207401-99,garrafa (290 ml),290,false
8207401-99,garrafa (500 ml),500,false
8207401-99,grama,1,true
8207401-99,lata (250 ml),250,false
8207401-99,lata (335 ml),335,false
8207401-99,lata (350 ml),350,false
8207401-99,quilo,1000,false
8207402-99,copo americano,150,false
8207402-99,copo de requeijao,240,false
8207402-99,copo grande,300,false
8207402-99,copo medio,240,false
8207402-99,garrafa (300 ml),300,false
8207402-99,grama,1,true
8207402-99,lata (350 ml),350,false
8207402-99,quilo,1000,false
8207601-99,copo americano,150,false
8207601-99,copo de requeijao,240,false
8207601-99,copo grande,300,false
8207601-99,copo medio,240,false
8207601-99,garrafa (200 ml),200,false
8207601-99,garrafa (300 ml),300,false
8207601-99,garrafa (350 ml),350,false
8207601-99,garrafa (500 ml),500,false
8207601-99,garrafa (600 ml),600,false
8207601-99,"garrafa (2,25 l)",2250,false
8207601-99,grama,1,true
8207601-99,lata (350 ml),350,false
8207601-99,quilo,1000,false
8207705-99,copo americano,150,false
8207705-99,copo grande,300,false
8207705-99,copo medio,240,false
8207705-99,grama,1,true
8207705-99,quilo,1000,false
8208104-99,copo grande,300,false
8208104-99,grama,1,true
8208104-99,quilo,1000,false
8208104-99,xicara de cha,200,false
8209002-99,copo medio,240,false
8209002-99,grama,1,true
8209002-99,lata (335 ml),335,false
8209002-99,quilo,1000,false
8209102-99,copo de requeijao,240,false
8209102-99,copo grande,300,false
8209102-99,copo medio,240,false
8209102-99,grama,1,true
8209102-99,quilo,1000,false
8211002-99,caneca,300,false
8211002-99,copo americano,150,false
8211002-99,copo grande,300,false
8211002-99,copo medio,240,false
8211002-99,grama,1,true
8211002-99,quilo,1000,false
8211003-99,copo grande,300,false
8211003-99,copo medio,240,false
8211003-99,grama,1,true
8211003-99,quilo,1000,false
8211102-99,copo americano,150,false
8211102-99,copo de requeijao,240,false
8211102-99,copo grande,300,false
8211102-99,copo medio,240,false
8211102-99,grama,1,true
8211102-99,quilo,1000,false
8212401-99,caneca,300,false
8212401-99,copo americano,150,false
8212401-99,copo de requeijao,240,false
8212401-99,copo medio,240,false
8212401-99,grama,1,true
8212401-99,quilo,1000,false
8212401-99,xicara de cafe,50,false
8212401-99,xicara de cha,200,false
8212501-99,copo americano,150,false
8212501-99,grama,1,true
8212501-99,quilo,1000,false
8212501-99,xicara de cafe,50,false
8212501-99,xicara de cha,200,false
8212902-99,copo medio,240,false
8212902-99,grama,1,true
8212902-99,lata (335 ml),335,false
8212902-99,lata (350 ml),350,false
8212902-99,quilo,1000,false
8212906-99,copo medio,240,false
8212906-99,garrafa (250 ml),250,false
8212906-99,garrafa (275 ml),275,false
8212906-99,grama,1,true
8212906-99,quilo,1000,false
8213003-99,caneca,300,false
8213003-99,caneco,300,false
8213003-99,copo americano,150,false
8213003-99,copo de requeijao,240,false
8213003-99,copo grande,300,false
8213003-99,copo medio,240,false
8213003-99,grama,1,true
8213003-99,mililitro,1,false
8213003-99,quilo,1000,false
8213003-99,xicara de cafe,50,false
8213003-99,xicara de cha,200,false
8213004-99,copo medio,240,false
8213004-99,garrafa (1 l),1000,false
8213004-99,grama,1,true
8213004-99,quilo,1000,false
8213601-99,copo americano,150,false
8213601-99,copo grande,300,false
8213601-99,copo medio,240,false
8213601-99,grama,1,true
8213601-99,quilo,1000,false
8273902-99,caneca,300,false
8273902-99,copo grande,300,false
8273902-99,copo medio,240,false
8273902-99,grama,1,true
8273902-99,quilo,1000,false
8273902-99,xicara de cafe,50,false
8273902-99,xicara de cha,200,false
8300101-99,caneca,300,false
8300101-99,copo americano,150,false
8300101-99,copo de requeijao,240,false
8300101-99,copo grande,300,false
8300101-99,copo medio,240,false
8300101-99,copo tulipa,290,false
8300101-99,dose,50,false
8300101-99,garrafa (200 ml),200,false
8300101-99,garrafa (250 ml),250,false
8300101-99,garrafa (275 ml),275,false
8300101-99,garrafa (290 ml),290,false
8300101-99,garrafa (300 ml),300,false
8300101-99,garrafa (320 ml),320,false
8300101-99,garrafa (330 ml),330,false
8300101-99,garrafa (350 ml),350,false
8300101-99,garrafa (355 ml),355,false
8300101-99,garrafa (400 ml),400,false
8300101-99,garrafa (450 ml),450,false
8300101-99,garrafa (500 ml),500,false
8300101-99,garrafa (510 ml),510,false
8300101-99,garrafa (591 ml),591,false
8300101-99,garrafa (600 ml),600,false
8300101-99,garrafa (650 ml),650,false
8300101-99,garrafa (900 ml),900,false
8300101-99,garrafa (1 l),1000,false
8300101-99,"garrafa (2,25 l)",2250,false
8300101-99,garrafa (n. e.),600,false
8300101-99,grama,1,true
8300101-99,lata (250 ml),250,false
8300101-99,lata (335 ml),335,false
8300101-99,lata (340 ml),340,false
8300101-99,lata (350 ml),350,false
8300101-99,lata (354 ml),354,false
8300101-99,lata (473 ml),473,false
8300101-99,lata (n. e.),350,false
8300101-99,litro,1000,false
8300101-99,mililitro,1,false
8300101-99,quilo,1000,false
8300101-99,taca,150,false
8300201-99,caneca,300,false
8300201-99,copo americano,150,false
8300201-99,copo grande,300,false
8300201-99,copo medio,240,false
8300201-99,copo tulipa,290,false
8300201-99,garrafa (350 ml),350,false
8300201-99,grama,1,true
8300201-99,quilo,1000,false
8300301-99,copo americano,150,false
8300301-99,dose,50,false
8300301-99,garrafa (200 ml),200,false
8300301-99,garrafa (250 ml),250,false
8300301-99,"garrafa (1,5 l)",1500,false
8300301-99,grama,1,true
8300301-99,lata (350 ml),350,false
8300301-99,litro,1000,false
8300301-99,quilo,1000,false
8300302-99,copo americano,150,false
8300302-99,copo de cafezinho,50,false
8300302-99,copo de requeijao,240,false
8300302-99,copo medio,240,false
8300302-99,copo tulipa,290,false
8300302-99,dose,50,false
8300302-99,garrafa (250 ml),250,false
8300302-99,garrafa (500 ml),500,false
8300302-99,garrafa (600 ml),600,false
8300302-99,grama,1,true
8300302-99,lata (350 ml),350,false
8300302-99,litro,1000,false
8300302-99,mililitro,1,false
8300302-99,quilo,1000,false
8300501-99,caneca,300,false
8300501-99,copo americano,150,false
8300501-99,copo de requeijao,240,false
8300501-99,copo grande,300,false
8300501-99,copo medio,240,false
8300501-99,dose,50,false
8300501-99,grama,1,true
8300501-99,quilo,1000,false
8300501-99,xicara de cafe,50,false
8300701-99,copo americano,150,false
8300701-99,copo medio,240,false
8300701-99,dose,50,false
8300701-99,grama,1,true
8300701-99,quilo,1000,false
8300801-99,copo medio,240,false
8300801-99,copo tulipa,290,false
8300801-99,dose,50,false
8300801-99,garrafa (350 ml),350,false
8300801-99,grama,1,true
8300801-99,litro,1000,false
8300801-99,quilo,1000,false
8301001-99,copo medio,240,false
8301001-99,dose,50,false
8301001-99,grama,1,true
8301001-99,quilo,1000,false
8301002-99,copo tulipa,290,false
8301002-99,dose,50,false
8301002-99,grama,1,true
8301002-99,litro,1000,false
8301002-99,quilo,1000,false
8301201-99,copo americano,150,false
8301201-99,copo tulipa,290,false
8301201-99,garrafa (1 l),1000,false
8301201-99,grama,1,true
8301201-99,mililitro,1,false
8301201-99,quilo,1000,false
8301201-99,taca,150,false
8301202-99,copo americano,150,false
8301202-99,copo medio,240,false
8301202-99,copo tulipa,290,false
8301202-99,garrafa (600 ml),600,false
8301202-99,grama,1,true
8301202-99,quilo,1000,false
8301202-99,taca,150,false
8301501-99,copo americano,150,false
8301501-99,dose,50,false
8301501-99,grama,1,true
8301501-99,quilo,1000,false
8301601-99,copo americano,150,false
8301601-99,copo de requeijao,240,false
8301601-99,dose,50,false
8301601-99,grama,1,true
8301601-99,quilo,1000,false
8301701-99,copo medio,240,false
8301701-99,dose,50,false
8301701-99,grama,1,true
8301701-99,quilo,1000,false
8301901-99,copo americano,150,false
8301901-99,copo medio,240,false
8301901-99,grama,1,true
8301901-99,quilo,1000,false
8302409-99,copo americano,150,false
8302409-99,copo grande,300,false
8302409-99,copo medio,240,false
8302409-99,garrafa (300 ml),300,false
8302409-99,garrafa (600 ml),600,false
8302409-99,grama,1,true
8302409-99,quilo,1000,false
8302415-99,caneca,300,false
8302415-99,copo americano,150,false
8302415-99,copo de cafezinho,50,false
8302415-99,copo de requeijao,240,false
8302415-99,copo grande,300,false
8302415-99,copo medio,240,false
8302415-99,copo tulipa,290,false
8302415-99,dose,50,false
8302415-99,garrafa (200 ml),200,false
8302415-99,garrafa (1 l),1000,false
8302415-99,garrafa (n. e.),750,false
8302415-99,grama,1,true
8302415-99,litro,1000,false
8302415-99,mililitro,1,false
8302415-99,quilo,1000,false
8302415-99,taca,150,false
8302415-99,xicara de cafe,50,false
8302416-99,copo medio,240,false
8302416-99,grama,1,true
8302416-99,quilo,1000,false
8302901-99,caneca,300,false
8302901-99,copo medio,240,false
8302901-99,grama,1,true
8302901-99,quilo,1000,false
8303101-99,copo americano,150,false
8303101-99,copo de cafezinho,50,false
8303101-99,copo de requeijao,240,false
8303101-99,copo grande,300,false
8303101-99,copo medio,240,false
8303101-99,dose,50,false
8303101-99,grama,1,true
8303101-99,quilo,1000,false
8303101-99,taca,150,false
8303501-99,copo grande,300,false
8303501-99,copo medio,240,false
8303501-99,dose,50,false
8303501-99,garrafa (250 ml),250,false
8303501-99,grama,1,true
8303501-99,quilo,1000,false
8303615-99,copo medio,240,false
8303615-99,grama,1,true
8303615-99,quilo,1000,false
8303615-99,taca,150,false
8304301-99,copo americano,150,false
8304301-99,copo grande,300,false
8304301-99,copo tulipa,290,false
8304301-99,garrafa (250 ml),250,false
8304301-99,garrafa (600 ml),600,false
8304301-99,grama,1,true
8304301-99,lata (250 ml),250,false
8304301-99,lata (350 ml),350,false
8304301-99,quilo,1000,false
8304502-99,copo americano,150,false
8304502-99,copo grande,300,false
8304502-99,copo medio,240,false
8304502-99,grama,1,true
8304502-99,litro,1000,false
8304502-99,quilo,1000,false
8400101-99,colher de arroz/servir,16,false
8400101-99,colher de cafe,1,true
8400101-99,colher de cha,2,false
8400101-99,colher de sobremesa,5,false
8400101-99,colher de sopa,8,false
8400101-99,grama,1,false
8400101-99,mililitro,1,false
8400101-99,porcao,7.6,false
8400101-99,quilo,1000,false
8400301-99,colher de cafe,1,true
8400301-99,colher de cha,2,false
8400301-99,colher de sopa,8,false
8400301-99,concha,32,false
8400301-99,grama,1,false
8400301-99,quilo,1000,false
8401801-99,grama,1,true
8401801-99,ponta de faca,5,false
8401801-99,quilo,1000,false
8403001-99,grama,1,true
8403001-99,ponta de faca,5,false
8403001-99,quilo,1000,false
8403201-99,colher de cafe,1,true
8403201-99,colher de sobremesa,5,false
8403201-99,colher de sopa,8,false
8403201-99,grama,1,false
8403201-99,porcao,8,false
8403201-99,quilo,1000,false
8403501-99,colher de arroz/servir,16,false
8403501-99,colher de sopa,8,false
8403501-99,grama,1,true
8403501-99,quilo,1000,false
8500201-99,grama,1,true
8500201-99,pacote,110,false
8500201-99,pedaco,10,false
8500201-99,quilo,1000,false
8500201-99,saco,110,false
8500201-99,unidade,55,false
8500201-99,unidade pequena,10,false
8500202-99,grama,1,true
8500202-99,metade,16,false
8500202-99,pedaco,8,false
8500202-99,quilo,1000,false
8500202-99,unidade,32,false
8500202-99,unidade pequena,8,false
8500203-99,grama,1,true
8500203-99,pacote,110,false
8500203-99,quilo,1000,false
8500203-99,unidade,55,false
8500203-99,unidade pequena,10,false
8500205-99,grama,1,true
8500205-99,pedaco,20,false
8500205-99,quilo,1000,false
8500205-99,unidade,50,false
8500205-99,unidade pequena,20,false
8500206-99,fatia,110,false
8500206-99,grama,1,true
8500206-99,metade,27.5,false
8500206-99,pedaco,12,false
8500206-99,quilo,1000,false
8500206-99,unidade,55,false
8500206-99,unidade pequena,12,false
8500207-99,grama,1,true
8500207-99,quilo,1000,false
8500207-99,unidade,35,false
8500207-99,unidade pequena,12,false
8500209-99,grama,1,true
8500209-99,quilo,1000,false
8500209-99,unidade,100,false
8500210-99,colher de arroz/servir,53,false
8500210-99,colher de sobremesa,14,false
8500210-99,colher de sopa,20,false
8500210-99,concha,95,false
8500210-99,escumadeira,93,false
8500210-99,fatia,20,false
8500210-99,grama,1,true
8500210-99,pacote,60,false
8500210-99,pedaco,10,false
8500210-99,punhado,60,false
8500210-99,quilo,1000,false
8500210-99,xicara de cha,95,false
8500211-99,grama,1,true
8500211-99,pedaco,12,false
8500211-99,quilo,1000,false
8500211-99,unidade,50,false
8500211-99,unidade pequena,12,false
8500212-99,grama,1,true
8500212-99,quilo,1000,false
8500212-99,unidade,100,false
8500213-99,colher de arroz/servir,20.9,false
8500213-99,colher de sopa,12.2,false
8500213-99,copo medio,42,false
8500213-99,grama,1,true
8500213-99,porcao,24.4,false
8500213-99,pote,42,false
8500213-99,prato fundo,42,false
8500213-99,prato raso,24.4,false
8500213-99,quilo,1000,false
8500215-99,colher de sopa,35,false
8500215-99,escumadeira,70,false
8500215-99,grama,1,true
8500215-99,pedaco,150,false
8500215-99,quilo,1000,false
8500217-99,colher de arroz/servir,60,false
8500217-99,colher de cha,8.8,false
8500217-99,colher de sobremesa,17.5,false
8500217-99,colher de sopa,35,false
8500217-99,concha,150,false
8500217-99,grama,1,true
8500217-99,pedaco,150,false
8500217-99,porcao,105,false
8500217-99,prato de sobremesa,150,false
8500217-99,prato fundo,500,false
8500217-99,prato raso,300,false
8500217-99,quilo,1000,false
8500217-99,tigela,300,false
8500218-99,colher de arroz/servir,60,false
8500218-99,colher de sobremesa,17.5,false
8500218-99,colher de sopa,35,false
8500218-99,concha,150,false
8500218-99,escumadeira,150,false
8500218-99,garfada,35,false
8500218-99,grama,1,true
8500218-99,pedaco,150,false
8500218-99,pegador,35,false
8500218-99,porcao,105,false
8500218-99,prato fundo,500,false
8500218-99,prato raso,300,false
8500218-99,quilo,1000,false
8500222-99,grama,1,true
8500222-99,quilo,1000,false
8500222-99,unidade,80,false
8500222-99,unidade pequena,60,false
8500223-99,grama,1,true
8500223-99,metade,40,false
8500223-99,quilo,1000,false
8500223-99,unidade,80,false
8500223-99,unidade pequena,60,false
8500224-99,grama,1,true
8500224-99,quilo,1000,false
8500224-99,unidade,80,false
8500225-99,grama,1,true
8500225-99,quilo,1000,false
8500225-99,unidade,80,false
8500226-99,grama,1,true
8500226-99,pedaco,40,false
8500226-99,quilo,1000,false
8500226-99,unidade,80,false
8500227-99,fatia,13.5,false
8500227-99,grama,1,true
8500227-99,pacote,54,false
8500227-99,pedaco,13.5,false
8500227-99,quilo,1000,false
8500227-99,unidade,27,false
8500227-99,unidade pequena,18,false
8500228-99,grama,1,true
8500228-99,quilo,1000,false
8500228-99,unidade,45,false
8500232-99,grama,1,true
8500232-99,quilo,1000,false
8500232-99,unidade,60,false
8500232-99,unidade pequena,15,false
8500302-99,grama,1,true
8500302-99,metade,62.5,false
8500302-99,pedaco,62.5,false
8500302-99,quilo,1000,false
8500302-99,unidade,125,false
8500302-99,unidade pequena,41.7,false
8500303-99,grama,1,true
8500303-99,pedaco,62.5,false
8500303-99,quilo,1000,false
8500303-99,unidade,125,false
8500303-99,unidade pequena,41.7,false
8500304-99,grama,1,true
8500304-99,metade,70,false
8500304-99,quilo,1000,false
8500304-99,unidade,140,false
8500305-99,grama,1,true
8500305-99,quilo,1000,false
8500305-99,unidade,175,false
8500307-99,grama,1,true
8500307-99,quilo,1000,false
8500307-99,unidade,125,false
8500307-99,unidade pequena,41.7,false
8500308-99,grama,1,true
8500308-99,quilo,1000,false
8500308-99,unidade,135,false
8500313-99,grama,1,true
8500313-99,metade,42.5,false
8500313-99,quilo,1000,false
8500313-99,unidade,85,false
8500315-99,fatia,45,false
8500315-99,grama,1,true
8500315-99,metade,45,false
8500315-99,pedaco,45,false
8500315-99,quilo,1000,false
8500315-99,unidade,90,false
8500316-99,grama,1,true
8500316-99,pedaco,50,false
8500316-99,quilo,1000,false
8500316-99,rodela,50,false
8500316-99,unidade,100,false
8500317-99,fatia,45,false
8500317-99,grama,1,true
8500317-99,pedaco,45,false
8500317-99,quilo,1000,false
8500317-99,unidade,90,false
8500318-99,fatia,45,false
8500318-99,grama,1,true
8500318-99,pedaco,45,false
8500318-99,quilo,1000,false
8500318-99,unidade,90,false
8500319-99,banda,45,false
8500319-99,fatia,45,false
8500319-99,grama,1,true
8500319-99,pedaco,45,false
8500319-99,quilo,1000,false
8500319-99,unidade,90,false
8500320-99,fatia,60,false
8500320-99,grama,1,true
8500320-99,pedaco,60,false
8500320-99,quilo,1000,false
8500320-99,unidade,120,false
8500321-99,grama,1,true
8500321-99,quilo,1000,false
8500321-99,unidade,140,false
8500322-99,grama,1,true
8500322-99,quilo,1000,false
8500322-99,unidade,140,false
8500323-99,grama,1,true
8500323-99,quilo,1000,false
8500323-99,unidade,120,false
8500401-99,caneca,300,false
8500401-99,caneco,300,false
8500401-99,copo americano,150,false
8500401-99,copo de cafezinho,50,false
8500401-99,copo de requeijao,240,false
8500401-99,copo grande,300,false
8500401-99,copo medio,240,false
8500401-99,copo tulipa,290,false
8500401-99,garrafa (200 ml),200,false
8500401-99,garrafa (248 ml),248,false
8500401-99,garrafa (250 ml),250,false
8500401-99,garrafa (290 ml),290,false
8500401-99,garrafa (300 ml),300,false
8500401-99,garrafa (350 ml),350,false
8500401-99,garrafa (400 ml),400,false
8500401-99,garrafa (450 ml),450,false
8500401-99,garrafa (500 ml),500,false
8500401-99,garrafa (600 ml),600,false
8500401-99,garrafa (1 l),1000,false
8500401-99,grama,1,true
8500401-99,lata (335 ml),335,false
8500401-99,lata (350 ml),350,false
8500401-99,litro,1000,false
8500401-99,mililitro,1,false
8500401-99,quilo,1000,false
8500401-99,taca,150,false
8500402-99,caneca,300,false
8500402-99,copo americano,150,false
8500402-99,copo de cafezinho,50,false
8500402-99,copo de requeijao,240,false
8500402-99,copo grande,300,false
8500402-99,copo medio,240,false
8500402-99,copo tulipa,290,false
8500402-99,garrafa (200 ml),200,false
8500402-99,garrafa (1 l),1000,false
8500402-99,grama,1,true
8500402-99,mililitro,1,false
8500402-99,quilo,1000,false
8500402-99,unidade,300,false
8500403-99,caneca,300,false
8500403-99,caneco,300,false
8500403-99,copo americano,150,false
8500403-99,copo de requeijao,240,false
8500403-99,copo grande,300,false
8500403-99,copo medio,240,false
8500403-99,copo tulipa,290,false
8500403-99,garrafa (330 ml),330,false
8500403-99,garrafa (350 ml),350,false
8500403-99,garrafa (450 ml),450,false
8500403-99,garrafa (500 ml),500,false
8500403-99,grama,1,true
8500403-99,litro,1000,false
8500403-99,quilo,1000,false
8500403-99,xicara de cha,200,false
8500404-99,copo americano,150,false
8500404-99,copo grande,300,false
8500404-99,copo medio,240,false
8500404-99,grama,1,true
8500404-99,quilo,1000,false
8500404-99,xicara de cafe,50,false
8500404-99,xicara de cha,200,false
8500405-99,caneca,300,false
8500405-99,caneco,300,false
8500405-99,copo americano,150,false
8500405-99,copo de requeijao,240,false
8500405-99,copo grande,300,false
8500405-99,copo medio,240,false
8500405-99,copo tulipa,290,false
8500405-99,grama,1,true
8500405-99,quilo,1000,false
8500406-99,caneco,300,false
8500406-99,copo americano,150,false
8500406-99,copo de cafezinho,50,false
8500406-99,copo de requeijao,240,false
8500406-99,copo grande,300,false
8500406-99,copo medio,240,false
8500406-99,copo tulipa,290,false
8500406-99,garrafa (350 ml),350,false
8500406-99,grama,1,true
8500406-99,lata (250 ml),250,false
8500406-99,lata (350 ml),350,false
8500406-99,litro,1000,false
8500406-99,mililitro,1,false
8500406-99,quilo,1000,false
8500406-99,taca,150,false
8500406-99,xicara de cha,200,false
8500407-99,caneca,300,false
8500407-99,caneco,300,false
8500407-99,copo americano,150,false
8500407-99,copo de requeijao,240,false
8500407-99,copo grande,300,false
8500407-99,copo medio,240,false
8500407-99,copo tulipa,290,false
8500407-99,garrafa (200 ml),200,false
8500407-99,garrafa (237 ml),237,false
8500407-99,garrafa (250 ml),250,false
8500407-99,garrafa (275 ml),275,false
8500407-99,garrafa (290 ml),290,false
8500407-99,garrafa (350 ml),350,false
8500407-99,garrafa (450 ml),450,false
8500407-99,garrafa (500 ml),500,false
8500407-99,garrafa (600 ml),600,false
8500407-99,garrafa (1 l),1000,false
8500407-99,grama,1,true
8500407-99,lata (350 ml),350,false
8500407-99,litro,1000,false
8500407-99,mililitro,1,false
8500407-99,quilo,1000,false
8500407-99,taca,150,false
8500407-99,xicara de cafe,50,false
8500407-99,xicara de cha,200,false
8500408-99,copo grande,300,false
8500408-99,copo medio,240,false
8500408-99,grama,1,true
8500408-99,quilo,1000,false
8500409-99,copo americano,150,false
8500409-99,copo de requeijao,240,false
8500409-99,copo grande,300,false
8500409-99,copo medio,240,false
8500409-99,grama,1,true
8500409-99,quilo,1000,false
8500410-99,copo americano,150,false
8500410-99,copo grande,300,false
8500410-99,copo medio,240,false
8500410-99,garrafa (500 ml),500,false
8500410-99,grama,1,true
8500410-99,quilo,1000,false
8500411-99,copo americano,150,false
8500411-99,copo grande,300,false
8500411-99,copo medio,240,false
8500411-99,grama,1,true
8500411-99,quilo,1000,false
8500412-99,copo americano,150,false
8500412-99,copo de requeijao,240,false
8500412-99,copo grande,300,false
8500412-99,copo medio,240,false
8500412-99,grama,1,true
8500412-99,quilo,1000,false
8500413-99,copo americano,150,false
8500413-99,copo de requeijao,240,false
8500413-99,copo grande,300,false
8500413-99,copo medio,240,false
8500413-99,copo tulipa,290,false
8500413-99,garrafa (300 ml),300,false
8500413-99,garrafa (400 ml),400,false
8500413-99,garrafa (500 ml),500,false
8500413-99,garrafa (600 ml),600,false
8500413-99,grama,1,true
8500413-99,lata (350 ml),350,false
8500413-99,mililitro,1,false
8500413-99,quilo,1000,false
8500413-99,xicara de cha,200,false
8500414-99,caneca,300,false
8500414-99,caneco,300,false
8500414-99,copo americano,150,false
8500414-99,copo de cafezinho,50,false
8500414-99,copo de requeijao,240,false
8500414-99,copo grande,300,false
8500414-99,copo medio,240,false
8500414-99,copo tulipa,290,false
8500414-99,garrafa (200 ml),200,false
8500414-99,grama,1,true
8500414-99,lata (350 ml),350,false
8500414-99,litro,1000,false
8500414-99,quilo,1000,false
8500414-99,taca,150,false
8500414-99,xicara de cafe,50,false
8500414-99,xicara de cha,200,false
8500415-99,copo americano,150,false
8500415-99,copo de requeijao,240,false
8500415-99,copo grande,300,false
8500415-99,copo medio,240,false
8500415-99,grama,1,true
8500415-99,quilo,1000,false
8500415-99,taca,150,false
8500416-99,copo americano,150,false
8500416-99,copo de requeijao,240,false
8500416-99,copo grande,300,false
8500416-99,copo medio,240,false
8500416-99,copo tulipa,290,false
8500416-99,garrafa (500 ml),500,false
8500416-99,grama,1,true
8500416-99,lata (350 ml),350,false
8500416-99,mililitro,1,false
8500416-99,quilo,1000,false
8500417-99,copo americano,150,false
8500417-99,copo de requeijao,240,false
8500417-99,copo grande,300,false
8500417-99,copo medio,240,false
8500417-99,copo tulipa,290,false
8500417-99,grama,1,true
8500417-99,lata (250 ml),250,false
8500417-99,lata (350 ml),350,false
8500417-99,quilo,1000,false
8500418-99,copo americano,150,false
8500418-99,copo medio,240,false
8500418-99,grama,1,true
8500418-99,quilo,1000,false
8500501-99,copo americano,150,false
8500501-99,copo de requeijao,240,false
8500501-99,copo grande,300,false
8500501-99,copo medio,240,false
8500501-99,copo tulipa,290,false
8500501-99,grama,1,true
8500501-99,mililitro,1,false
8500501-99,quilo,1000,false
8500501-99,xicara de cafe,50,false
8500503-99,caneca,300,false
8500503-99,caneco,300,false
8500503-99,copo americano,150,false
8500503-99,copo de requeijao,240,false
8500503-99,copo grande,300,false
8500503-99,copo medio,240,false
8500503-99,copo tulipa,290,false
8500503-99,grama,1,true
8500503-99,litro,1000,false
8500503-99,mililitro,1,false
8500503-99,quilo,1000,false
8500504-99,caneca,300,false
8500504-99,copo americano,150,false
8500504-99,copo de requeijao,240,false
8500504-99,copo grande,300,false
8500504-99,copo medio,240,false
8500504-99,grama,1,true
8500504-99,quilo,1000,false
8500505-99,copo americano,150,false
8500505-99,copo de cafezinho,50,false
8500505-99,copo de requeijao,240,false
8500505-99,copo grande,300,false
8500505-99,copo medio,240,false
8500505-99,grama,1,true
8500505-99,quilo,1000,false
8500505-99,xicara de cafe,50,false
8500505-99,xicara de cha,200,false
8500506-99,copo americano,150,false
8500506-99,copo de requeijao,240,false
8500506-99,copo grande,300,false
8500506-99,copo medio,240,false
8500506-99,copo tulipa,290,false
8500506-99,grama,1,true
8500506-99,litro,1000,false
8500506-99,mililitro,1,false
8500506-99,quilo,1000,false
8500507-99,copo americano,150,false
8500507-99,copo grande,300,false
8500507-99,copo medio,240,false
8500507-99,grama,1,true
8500507-99,quilo,1000,false
8500507-99,xicara de cha,200,false
8500508-99,copo americano,150,false
8500508-99,copo de requeijao,240,false
8500508-99,copo grande,300,false
8500508-99,copo medio,240,false
8500508-99,grama,1,true
8500508-99,mililitro,1,false
8500508-99,quilo,1000,false
8500508-99,xicara de cha,200,false
8500509-99,copo americano,150,false
8500509-99,copo grande,300,false
8500509-99,copo medio,240,false
8500509-99,grama,1,true
8500509-99,quilo,1000,false
8500601-99,caneca,300,false
8500601-99,copo americano,150,false
8500601-99,copo de requeijao,240,false
8500601-99,copo grande,300,false
8500601-99,copo medio,240,false
8500601-99,copo tulipa,290,false
8500601-99,garrafa (500 ml),500,false
8500601-99,garrafa (600 ml),600,false
8500601-99,grama,1,true
8500601-99,lata (250 ml),250,false
8500601-99,litro,1000,false
8500601-99,quilo,1000,false
8500602-99,caneca,300,false
8500602-99,copo americano,150,false
8500602-99,copo de requeijao,240,false
8500602-99,copo grande,300,false
8500602-99,copo medio,240,false
8500602-99,copo tulipa,290,false
8500602-99,garrafa (300 ml),300,false
8500602-99,grama,1,true
8500602-99,litro,1000,false
8500602-99,mililitro,1,false
8500602-99,quilo,1000,false
8500603-99,copo americano,150,false
8500603-99,copo grande,300,false
8500603-99,copo medio,240,false
8500603-99,grama,1,true
8500603-99,quilo,1000,false
8500604-99,copo americano,150,false
8500604-99,copo de requeijao,240,false
8500604-99,copo grande,300,false
8500604-99,copo medio,240,false
8500604-99,copo tulipa,290,false
8500604-99,garrafa (290 ml),290,false
8500604-99,grama,1,true
8500604-99,mililitro,1,false
8500604-99,quilo,1000,false
8500605-99,copo americano,150,false
8500605-99,copo de requeijao,240,false
8500605-99,copo grande,300,false
8500605-99,copo medio,240,false
8500605-99,copo tulipa,290,false
8500605-99,grama,1,true
8500605-99,quilo,1000,false
8500606-99,caneca,300,false
8500606-99,copo americano,150,false
8500606-99,copo de requeijao,240,false
8500606-99,copo grande,300,false
8500606-99,copo medio,240,false
8500606-99,copo tulipa,290,false
8500606-99,garrafa (200 ml),200,false
8500606-99,garrafa (500 ml),500,false
8500606-99,grama,1,true
8500606-99,lata (250 ml),250,false
8500606-99,lata (350 ml),350,false
8500606-99,quilo,1000,false
8500606-99,xicara de cafe,50,false
8500801-99,colher de arroz/servir,42,false
8500801-99,colher de cafe,2.5,false
8500801-99,colher de cha,5,false
8500801-99,colher de sobremesa,10,false
8500801-99,colher de sopa,20,false
8500801-99,concha,84,false
8500801-99,escumadeira,42,false
8500801-99,folha,25,false
8500801-99,garfada,20,false
8500801-99,grama,1,true
8500801-99,pegador,20,false
8500801-99,pires,38,false
8500801-99,porcao,42,false
8500801-99,prato de sobremesa,38,false
8500801-99,prato fundo,98,false
8500801-99,prato raso,90,false
8500801-99,quilo,1000,false
8500801-99,tigela,90,false
8500802-99,colher de arroz/servir,70,false
8500802-99,colher de cha,9.5,false
8500802-99,colher de sobremesa,19,false
8500802-99,colher de sopa,38,false
8500802-99,concha,90,false
8500802-99,escumadeira,90,false
8500802-99,grama,1,true
8500802-99,pegador,38,false
8500802-99,porcao,76,false
8500802-99,prato de sobremesa,90,false
8500802-99,prato raso,90,false
8500802-99,quilo,1000,false
8500802-99,xicara de cha,90,false
8500903-99,fatia,100,false
8500903-99,grama,1,true
8500903-99,metade,200,false
8500903-99,pedaco,100,false
8500903-99,quilo,1000,false
8500903-99,unidade,400,false
8500904-99,colher de arroz/servir,100,false
8500904-99,colher de sopa,50,false
8500904-99,concha,170,false
8500904-99,escumadeira,170,false
8500904-99,grama,1,true
8500904-99,pedaco,190,false
8500904-99,pegador,50,false
8500904-99,porcao,500,false
8500904-99,quilo,1000,false
8500905-99,colher de arroz/servir,70,false
8500905-99,colher de sopa,30,false
8500905-99,concha,100,false
8500905-99,escumadeira,100,false
8500905-99,grama,1,true
8500905-99,quilo,1000,false
8500906-99,grama,1,true
8500906-99,quilo,1000,false
8500906-99,unidade,45,false
8500907-99,colher de arroz/servir,79,false
8500907-99,colher de sopa,39.5,false
8500907-99,escumadeira,79,false
8500907-99,grama,1,true
8500907-99,quilo,1000,false
8500909-99,colher de arroz/servir,70,false
8500909-99,grama,1,true
8500909-99,quilo,1000,false
8500910-99,grama,1,true
8500910-99,quilo,1000,false
8500910-99,unidade,167,false
8500913-99,fatia,40,false
8500913-99,grama,1,true
8500913-99,metade,40,false
8500913-99,pedaco,40,false
8500913-99,quilo,1000,false
8500913-99,unidade,80,false
8500914-99,fatia,90,false
8500914-99,grama,1,true
8500914-99,pedaco,90,false
8500914-99,quilo,1000,false
8500914-99,unidade,360,false
8500915-99,fatia,100,false
8500915-99,grama,1,true
8500915-99,pedaco,100,false
8500915-99,quilo,1000,false
8500915-99,unidade,400,false
8500916-99,fatia,110,false
8500916-99,grama,1,true
8500916-99,pedaco,110,false
8500916-99,quilo,1000,false
8500916-99,unidade,440,false
8500917-99,fatia,125,false
8500917-99,grama,1,true
8500917-99,pedaco,125,false
8500917-99,quilo,1000,false
8500917-99,unidade,500,false
8500919-99,colher de arroz/servir,50,false
8500919-99,colher de sopa,25,false
8500919-99,concha,100,false
8500919-99,escumadeira,110,false
8500919-99,garfada,30,false
8500919-99,grama,1,true
8500919-99,pegador,110,false
8500919-99,pires,160,false
8500919-99,prato de sobremesa,200,false
8500919-99,prato fundo,400,false
8500919-99,prato raso,320,false
8500919-99,quilo,1000,false
8501004-99,asa,40,false
8501004-99,coxa,40,false
8501004-99,grama,1,true
8501004-99,pedaco,40,false
8501004-99,porcao,100,false
8501004-99,quilo,1000,false
8501004-99,unidade,300,false
8501104-99,bife,150,false
8501104-99,colher de arroz/servir,70,false
8501104-99,colher de sopa,30,false
8501104-99,concha,140,false
8501104-99,costela,40,false
8501104-99,espetinho,46,false
8501104-99,grama,1,true
8501104-99,pedaco,40,false
8501104-99,porcao,40,false
8501104-99,quilo,1000,false
8501202-99,colher de arroz/servir,3,false
8501202-99,concha,6,false
8501202-99,copo americano,6,false
8501202-99,copo de requeijao,7,false
8501202-99,copo grande,11,false
8501202-99,copo medio,7,false
8501202-99,cumbuca,10,false
8501202-99,grama,1,true
8501202-99,pacote,20,false
8501202-99,pires,7,false
8501202-99,porcao,30,false
8501202-99,punhado,2,false
8501202-99,pote,9,false
8501202-99,prato de sobremesa,10,false
8501202-99,prato fundo,24,false
8501202-99,prato raso,14,false
8501202-99,quilo,1000,false
8501202-99,saco,20,false
8501202-99,tigela,10,false
8501202-99,xicara de cafe,2,false
8501202-99,xicara de cha,6,false
8501302-99,caneca,300,false
8501302-99,caneco,300,false
8501302-99,copo americano,150,false
8501302-99,copo de cafezinho,50,false
8501302-99,copo de requeijao,240,false
8501302-99,copo grande,300,false
8501302-99,copo medio,240,false
8501302-99,copo tulipa,290,false
8501302-99,dose,50,false
8501302-99,garrafa (350 ml),350,false
8501302-99,garrafa (400 ml),400,false
8501302-99,garrafa (1 l),1000,false
8501302-99,garrafa (n. e.),1000,false
8501302-99,grama,1,true
8501302-99,mililitro,1,false
8501302-99,quilo,1000,false
8501302-99,taca,150,false
8501302-99,xicara de cafe,50,false
8501302-99,xicara de cha,200,false
8501303-99,caneca,300,false
8501303-99,caneco,300,false
8501303-99,copo americano,150,false
8501303-99,copo de cafezinho,50,false
8501303-99,copo de requeijao,240,false
8501303-99,copo grande,300,false
8501303-99,copo medio,240,false
8501303-99,copo tulipa,290,false
8501303-99,garrafa (450 ml),450,false
8501303-99,grama,1,true
8501303-99,litro,1000,false
8501303-99,mililitro,1,false
8501303-99,quilo,1000,false
8501303-99,taca,150,false
8501303-99,xicara de cafe,50,false
8501303-99,xicara de cha,200,false
8501304-99,copo americano,150,false
8501304-99,copo de cafezinho,50,false
8501304-99,grama,1,true
8501304-99,quilo,1000,false
8501304-99,xicara de cafe,50,false
8501304-99,xicara de cha,200,false
8501305-99,caneca,300,false
8501305-99,copo americano,150,false
8501305-99,copo de cafezinho,50,false
8501305-99,copo de requeijao,240,false
8501305-99,copo grande,300,false
8501305-99,copo medio,240,false
8501305-99,grama,1,true
8501305-99,quilo,1000,false
8501305-99,xicara de cafe,50,false
8501305-99,xicara de cha,200,false
8501402-99,colher de arroz/servir,60,false
8501402-99,colher de sopa,24,false
8501402-99,concha,120,false
8501402-99,escumadeira,48,false
8501402-99,espiga,100,false
8501402-99,grama,1,true
8501402-99,metade,50,false
8501402-99,pedaco,50,false
8501402-99,porcao,100,false
8501402-99,quilo,1000,false
8501402-99,unidade,100,false
8501402-99,unidade pequena,50,false
8501502-99,colher de arroz/servir,50,false
8501502-99,colher de sopa,25,false
8501502-99,concha,65,false
8501502-99,escumadeira,65,false
8501502-99,garfada,25,false
8501502-99,grama,1,true
8501502-99,pegador,25,false
8501502-99,porcao,110,false
8501502-99,quilo,1000,false
8501503-99,colher de arroz/servir,27,false
8501503-99,colher de sobremesa,6.8,false
8501503-99,colher de sopa,13.5,false
8501503-99,escumadeira,27,false
8501503-99,grama,1,true
8501503-99,pacote,80,false
8501503-99,pegador,13.5,false
8501503-99,porcao,27,false
8501503-99,quilo,1000,false
8501503-99,saco,80,false
8501902-99,caneco,230,false
8501902-99,colher de arroz/servir,55,false
8501902-99,colher de sopa,37,false
8501902-99,concha,110,false
8501902-99,copo americano,195,false
8501902-99,copo grande,230,false
8501902-99,copo medio,230,false
8501902-99,grama,1,true
8501902-99,prato de sobremesa,105,false
8501902-99,prato fundo,375,false
8501902-99,prato raso,195,false
8501902-99,quilo,1000,false
8501902-99,xicara de cafe,57.5,false
8501902-99,xicara de cha,195,false
8501903-99,caneca,240,false
8501903-99,caneco,240,false
8501903-99,colher de arroz/servir,50,false
8501903-99,colher de sopa,25,false
8501903-99,concha,120,false
8501903-99,copo americano,180,false
8501903-99,copo de cafezinho,60,false
8501903-99,copo de requeijao,240,false
8501903-99,copo grande,240,false
8501903-99,copo medio,240,false
8501903-99,cumbuca,120,false
8501903-99,escumadeira,120,false
8501903-99,fatia,25,false
8501903-99,grama,1,true
8501903-99,pedaco,25,false
8501903-99,pires,120,false
8501903-99,pote,120,false
8501903-99,prato de sobremesa,150,false
8501903-99,prato fundo,460,false
8501903-99,prato raso,300,false
8501903-99,quilo,1000,false
8501903-99,xicara de cafe,60,false
8501903-99,xicara de cha,180,false
8501904-99,colher de sopa,35,false
8501904-99,grama,1,true
8501904-99,pedaco,150,false
8501904-99,pires,150,false
8501904-99,prato fundo,500,false
8501904-99,prato raso,300,false
8501904-99,quilo,1000,false
8502201-99,colher de arroz/servir,45,false
8502201-99,colher de cafe,2.5,false
8502201-99,colher de cha,5,false
8502201-99,colher de sobremesa,10,false
8502201-99,colher de sopa,15,false
8502201-99,concha,58,false
8502201-99,copo americano,58,false
8502201-99,copo de cafezinho,42.3,false
8502201-99,copo medio,58,false
8502201-99,cumbuca,58,false
8502201-99,escumadeira,58,false
8502201-99,grama,1,true
8502201-99,pires,58,false
8502201-99,pote,58,false
8502201-99,prato de sobremesa,58,false
8502201-99,prato fundo,58,false
8502201-99,prato raso,58,false
8502201-99,quilo,1000,false
8502201-99,tigela,58,false
8502201-99,xicara de cafe,42.3,false
8502201-99,xicara de cha,58,false
8502301-99,caneca,230,false
8502301-99,caneco,230,false
8502301-99,colher de arroz/servir,55,false
8502301-99,colher de sobremesa,27,false
8502301-99,colher de sopa,37,false
8502301-99,concha,110,false
8502301-99,copo americano,115,false
8502301-99,copo de cafezinho,37,false
8502301-99,copo de requeijao,230,false
8502301-99,copo grande,230,false
8502301-99,copo medio,230,false
8502301-99,cumbuca,195,false
8502301-99,grama,1,true
8502301-99,ponta de faca,6,false
8502301-99,pote,195,false
8502301-99,prato de sobremesa,105,false
8502301-99,prato fundo,375,false
8502301-99,prato raso,195,false
8502301-99,quilo,1000,false
8502301-99,taca,105,false
8502301-99,tigela,195,false
8502301-99,xicara de cafe,57.5,false
8502301-99,xicara de cha,115,false
8502401-99,cumbuca,300,false
8502401-99,grama,1,true
8502401-99,quilo,1000,false
8502501-99,grama,1,true
8502501-99,quilo,1000,false
8502501-99,unidade,35,false
8502701-99,colher de arroz/servir,50,false
8502701-99,colher de sobremesa,12.5,false
8502701-99,colher de sopa,25,false
8502701-99,concha,85,false
8502701-99,escumadeira,85,false
8502701-99,garfada,25,false
8502701-99,grama,1,true
8502701-99,porcao,50,false
8502701-99,prato fundo,200,false
8502701-99,prato raso,100,false
8502701-99,quilo,1000,false
8502801-99,colher de arroz/servir,77,false
8502801-99,colher de sopa,25,false
8502801-99,concha,150,false
8502801-99,copo medio,150,false
8502801-99,grama,1,true
8502801-99,porcao,50,false
8502801-99,prato fundo,300,false
8502801-99,prato raso,150,false
8502801-99,quilo,1000,false
8502901-99,colher de arroz/servir,45,false
8502901-99,colher de cha,5,false
8502901-99,colher de sobremesa,10,false
8502901-99,colher de sopa,15,false
8502901-99,concha,58,false
8502901-99,cumbuca,58,false
8502901-99,escumadeira,58,false
8502901-99,grama,1,true
8502901-99,prato fundo,116,false
8502901-99,prato raso,58,false
8502901-99,quilo,1000,false
8503202-99,caneca,130,false
8503202-99,caneco,130,false
8503202-99,colher de arroz/servir,40,false
8503202-99,colher de sobremesa,10,false
8503202-99,colher de sopa,20,false
8503202-99,concha,130,false
8503202-99,copo americano,130,false
8503202-99,copo grande,520,false
8503202-99,copo medio,325,false
8503202-99,grama,1,true
8503202-99,prato fundo,520,false
8503202-99,prato raso,325,false
8503202-99,quilo,1000,false
8503202-99,tigela,300,false
8503203-99,caneca,130,false
8503203-99,caneco,130,false
8503203-99,colher de arroz/servir,40,false
8503203-99,colher de sopa,20,false
8503203-99,concha,130,false
8503203-99,copo americano,130,false
8503203-99,copo grande,520,false
8503203-99,copo medio,325,false
8503203-99,cumbuca,300,false
8503203-99,grama,1,true
8503203-99,pote,300,false
8503203-99,prato fundo,520,false
8503203-99,prato raso,325,false
8503203-99,quilo,1000,false
8503203-99,tigela,300,false
8503204-99,caneca,130,false
8503204-99,concha,130,false
8503204-99,copo grande,520,false
8503204-99,copo medio,325,false
8503204-99,cumbuca,300,false
8503204-99,grama,1,true
8503204-99,prato fundo,520,false
8503204-99,prato raso,325,false
8503204-99,quilo,1000,false
8503204-99,tigela,300,false
8503501-99,colher de arroz/servir,55,false
8503501-99,colher de cha,5.3,false
8503501-99,colher de sobremesa,10.5,false
8503501-99,colher de sopa,21,false
8503501-99,concha,95,false
8503501-99,cumbuca,95,false
8503501-99,escumadeira,111,false
8503501-99,grama,1,true
8503501-99,porcao,42,false
8503501-99,prato fundo,222,false
8503501-99,prato raso,111,false
8503501-99,quilo,1000,false
8503801-99,espetinho,46,false
8503801-99,espeto,46,false
8503801-99,grama,1,true
8503801-99,quilo,1000,false
8503801-99,unidade,46,false
8504201-99,grama,1,true
8504201-99,quilo,1000,false
8504201-99,unidade,30,false
8504401-99,caneca,210,false
8504401-99,colher de arroz/servir,76,false
8504401-99,colher de sobremesa,19,false
8504401-99,colher de sopa,38,false
8504401-99,concha,76,false
8504401-99,copo americano,150,false
8504401-99,copo de requeijao,210,false
8504401-99,copo grande,210,false
8504401-99,copo medio,210,false
8504401-99,copo tulipa,210,false
8504401-99,cumbuca,210,false
8504401-99,escumadeira,76,false
8504401-99,grama,1,true
8504401-99,porcao,125,false
8504401-99,prato fundo,210,false
8504401-99,prato raso,150,false
8504401-99,quilo,1000,false
8504401-99,taca,150,false
8504401-99,xicara de cafe,50,false
8504401-99,xicara de cha,150,false
8504501-99,caneca,130,false
8504501-99,caneco,130,false
8504501-99,colher de arroz/servir,40,false
8504501-99,colher de cha,5,false
8504501-99,colher de sopa,20,false
8504501-99,concha,130,false
8504501-99,copo americano,130,false
8504501-99,copo grande,300,false
8504501-99,copo medio,325,false
8504501-99,cumbuca,300,false
8504501-99,escumadeira,130,false
8504501-99,grama,1,true
8504501-99,mililitro,1,false
8504501-99,prato de sobremesa,150,false
8504501-99,prato fundo,520,false
8504501-99,prato raso,325,false
8504501-99,quilo,1000,false
8504501-99,tigela,300,false
8504501-99,xicara de cafe,20,false
8504501-99,xicara de cha,130,false
8504801-99,colher de arroz/servir,40,false
8504801-99,colher de cha,6.3,false
8504801-99,colher de sopa,25,false
8504801-99,concha,50,false
8504801-99,escumadeira,50,false
8504801-99,grama,1,true
8504801-99,pegador,25,false
8504801-99,porcao,50,false
8504801-99,prato raso,50,false
8504801-99,quilo,1000,false
8505201-99,grama,1,true
8505201-99,quilo,1000,false
8505201-99,unidade,30,false
8505401-99,colher de arroz/servir,45,false
8505401-99,colher de sobremesa,12.5,false
8505401-99,colher de sopa,25,false
8505401-99,concha,85,false
8505401-99,escumadeira,85,false
8505401-99,grama,1,true
8505401-99,prato fundo,170,false
8505401-99,prato raso,85,false
8505401-99,quilo,1000,false
8505501-99,colher de arroz/servir,35,false
8505501-99,colher de sopa,17,false
8505501-99,concha,140,false
8505501-99,grama,1,true
8505501-99,prato fundo,280,false
8505501-99,quilo,1000,false
8505601-99,colher de arroz/servir,110,false
8505601-99,colher de sopa,28,false
8505601-99,concha,190,false
8505601-99,escumadeira,110,false
8505601-99,grama,1,true
8505601-99,quilo,1000,false
8505701-99,colher de sopa,40,false
8505701-99,grama,1,true
8505701-99,prato fundo,80,false
8505701-99,prato raso,80,false
8505701-99,quilo,1000,false
8505801-99,colher de arroz/servir,60,false
8505801-99,colher de sopa,35,false
8505801-99,fatia,150,false
8505801-99,grama,1,true
8505801-99,prato fundo,500,false
8505801-99,prato raso,300,false
8505801-99,quilo,1000,false
8505901-99,fatia,110,false
8505901-99,grama,1,true
8505901-99,pedaco,110,false
8505901-99,quilo,1000,false
8505901-99,unidade,110,false
8506001-99,colher de arroz/servir,45,false
8506001-99,colher de sopa,15,false
8506001-99,concha,58,false
8506001-99,grama,1,true
8506001-99,prato de sobremesa,58,false
8506001-99,quilo,1000,false
8506101-99,caneco,140,false
8506101-99,colher de arroz/servir,35,false
8506101-99,colher de sopa,17,false
8506101-99,concha,140,false
8506101-99,escumadeira,70,false
8506101-99,grama,1,true
8506101-99,prato fundo,280,false
8506101-99,prato raso,140,false
8506101-99,quilo,1000,false
8506201-99,colher de arroz/servir,50,false
8506201-99,colher de sopa,25,false
8506201-99,concha,85,false
8506201-99,escumadeira,85,false
8506201-99,grama,1,true
8506201-99,prato fundo,170,false
8506201-99,prato raso,85,false
8506201-99,quilo,1000,false
8506201-99,tigela,85,false
8506301-99,caneca,60,false
8506301-99,colher de arroz/servir,60,false
8506301-99,colher de sopa,30,false
8506301-99,concha,120,false
8506301-99,cumbuca,60,false
8506301-99,escumadeira,120,false
8506301-99,grama,1,true
8506301-99,prato fundo,120,false
8506301-99,prato raso,60,false
8506301-99,quilo,1000,false
8506301-99,tigela,60,false
8506401-99,colher de arroz/servir,76,false
8506401-99,colher de sopa,25,false
8506401-99,concha,141,false
8506401-99,grama,1,true
8506401-99,porcao,411,false
8506401-99,prato fundo,411,false
8506401-99,prato raso,205.5,false
8506401-99,quilo,1000,false
8506501-99,colher de arroz/servir,45,false
8506501-99,colher de sobremesa,7.5,false
8506501-99,colher de sopa,15,false
8506501-99,escumadeira,45,false
8506501-99,fatia,10,false
8506501-99,grama,1,true
8506501-99,pedaco,25,false
8506501-99,porcao,110,false
8506501-99,quilo,1000,false
8506501-99,unidade,65,false
8506601-99,colher de arroz/servir,40,false
8506601-99,colher de cafe,3.8,false
8506601-99,colher de cha,7.5,false
8506601-99,colher de sopa,30,false
8506601-99,concha,165,false
8506601-99,copo medio,165,false
8506601-99,grama,1,true
8506601-99,prato de sobremesa,165,false
8506601-99,prato fundo,500,false
8506601-99,prato raso,300,false
8506601-99,quilo,1000,false
8506601-99,tigela,165,false
8506701-99,colher de arroz/servir,100,false
8506701-99,colher de sobremesa,24,false
8506701-99,colher de sopa,35,false
8506701-99,concha,100,false
8506701-99,escumadeira,100,false
8506701-99,grama,1,true
8506701-99,quilo,1000,false
8506801-99,fatia,113,false
8506801-99,grama,1,true
8506801-99,quilo,1000,false
8506901-99,colher de arroz/servir,85,false
8506901-99,colher de sopa,55,false
8506901-99,grama,1,true
8506901-99,pedaco,90,false
8506901-99,quilo,1000,false
8507001-99,colher de arroz/servir,85,false
8507001-99,colher de sopa,35,false
8507001-99,concha,190,false
8507001-99,escumadeira,140,false
8507001-99,grama,1,true
8507001-99,prato fundo,560,false
8507001-99,prato raso,280,false
8507001-99,quilo,1000,false
8507101-99,colher de arroz/servir,76,false
8507101-99,colher de sopa,25,false
8507101-99,concha,141,false
8507101-99,grama,1,true
8507101-99,porcao,411,false
8507101-99,quilo,1000,false
8507201-99,colher de arroz/servir,70,false
8507201-99,concha,225,false
8507201-99,grama,1,true
8507201-99,quilo,1000,false
8507301-99,caneco,130,false
8507301-99,concha,130,false
8507301-99,copo grande,300,false
8507301-99,copo medio,325,false
8507301-99,grama,1,true
8507301-99,prato fundo,520,false
8507301-99,prato raso,325,false
8507301-99,quilo,1000,false
8507301-99,tigela,300,false
8507401-99,colher de arroz/servir,50,false
8507401-99,colher de sopa,25,false
8507401-99,concha,85,false
8507401-99,escumadeira,85,false
8507401-99,grama,1,true
8507401-99,pires,85,false
8507401-99,prato de sobremesa,85,false
8507401-99,prato fundo,200,false
8507401-99,prato raso,100,false
8507401-99,quilo,1000,false
8507501-99,colher de sopa,35,false
8507501-99,concha,60,false
8507501-99,grama,1,true
8507501-99,pedaco,150,false
8507501-99,quilo,1000,false
8507601-99,barra,170,false
8507601-99,colher de sobremesa,6.3,false
8507601-99,grama,1,true
8507601-99,pedaco,6.3,false
8507601-99,porcao,25,false
8507601-99,tablete,6.3,false
8507601-99,unidade,170,false
8507701-99,copo grande,300,false
8507701-99,copo medio,240,false
8507701-99,grama,1,true
8507701-99,quilo,1000,false
8507701-99,xicara de cafe,50,false
8507701-99,xicara de cha,200,false
8507801-99,copo americano,284,false
8507801-99,copo grande,355,false
8507801-99,copo medio,273,false
8507801-99,grama,1,true
8507801-99,quilo,1000,false
8507801-99,tigela,215,false
8507901-99,copo americano,150,false
8507901-99,copo grande,300,false
8507901-99,copo medio,240,false
8507901-99,grama,1,true
8507901-99,quilo,1000,false
8507901-99,xicara de cafe,50,false
8507901-99,xicara de cha,200,false
8507902-99,copo grande,300,false
8507902-99,copo medio,240,false
8507902-99,grama,1,true
8507902-99,quilo,1000,false
8507903-99,copo americano,150,false
8507903-99,copo grande,300,false
8507903-99,copo medio,240,false
8507903-99,grama,1,true
8507903-99,quilo,1000,false
8507906-99,copo grande,300,false
8507906-99,copo medio,240,false
8507906-99,grama,1,true
8507906-99,quilo,1000,false
8507907-99,copo grande,300,false
8507907-99,copo medio,240,false
8507907-99,grama,1,true
8507907-99,quilo,1000,false
8507911-99,copo americano,150,false
8507911-99,copo medio,240,false
8507911-99,grama,1,true
8507911-99,quilo,1000,false
8507913-99,caneca,300,false
8507913-99,copo americano,150,false
8507913-99,copo medio,240,false
8507913-99,grama,1,true
8507913-99,quilo,1000,false
8507914-99,copo americano,150,false
8507914-99,copo de requeijao,240,false
8507914-99,copo grande,300,false
8507914-99,copo medio,240,false
8507914-99,garrafa (1 l),1000,false
8507914-99,grama,1,true
8507914-99,quilo,1000,false
8507916-99,copo medio,240,false
8507916-99,grama,1,true
8507916-99,quilo,1000,false
8507917-99,copo americano,150,false
8507917-99,copo grande,300,false
8507917-99,copo medio,240,false
8507917-99,grama,1,true
8507917-99,lata (350 ml),350,false
8507917-99,quilo,1000,false
8507918-99,copo medio,240,false
8507918-99,grama,1,true
8507918-99,quilo,1000,false
8508003-99,fatia,100,false
8508003-99,grama,1,true
8508003-99,quilo,1000,false
8508004-99,grama,1,true
8508004-99,pedaco,190,false
8508004-99,quilo,1000,false
8508012-2,grama,1,true
8508012-2,pacote,320,false
8508012-2,quilo,1000,false
8508017-99,fatia,125,false
8508017-99,grama,1,true
8508017-99,quilo,1000,false
8508101-99,colher de sopa,15,false
8508101-99,grama,1,true
8508101-99,quilo,1000,false
8508301-99,colher de arroz/servir,40,false
8508301-99,concha,130,false
8508301-99,grama,1,true
8508301-99,prato fundo,520,false
8508301-99,quilo,1000,false
8508401-99,colher de arroz/servir,60,false
8508401-99,colher de cha,3.8,false
8508401-99,colher de sobremesa,7.5,false
8508401-99,colher de sopa,15,false
8508401-99,concha,120,false
8508401-99,escumadeira,60,false
8508401-99,fatia,15,false
8508401-99,garfada,30,false
8508401-99,grama,1,true
8508401-99,pedaco,15,false
8508401-99,pegador,30,false
8508401-99,porcao,80,false
8508401-99,quilo,1000,false
8508401-99,rodela,15,false
8508403-99,colher de arroz/servir,55,false
8508403-99,colher de sopa,30,false
8508403-99,concha,90,false
8508403-99,escumadeira,90,false
8508403-99,grama,1,true
8508403-99,pegador,30,false
8508403-99,quilo,1000,false
8509801-99,copo americano,150,false
8509801-99,copo medio,240,false
8509801-99,grama,1,true
8509801-99,quilo,1000,false
8509801-99,xicara de cha,200,false
8570101-99,colher de arroz/servir,35,false
8570101-99,colher de sopa,17,false
8570101-99,concha,140,false
8570101-99,grama,1,true
8570101-99,quilo,1000,false
8570101-99,unidade,380,false
8570102-99,colher de sopa,17,false
8570102-99,concha,140,false
8570102-99,grama,1,true
8570102-99,quilo,1000,false
8570102-99,unidade,360,false
8570103-99,colher de arroz/servir,35,false
8570103-99,colher de sopa,17,false
8570103-99,grama,1,true
8570103-99,quilo,1000,false
8570103-99,unidade,332,false
8570104-99,colher de arroz/servir,35,false
8570104-99,colher de sopa,17,false
8570104-99,concha,140,false
8570104-99,grama,1,true
8570104-99,quilo,1000,false
8570104-99,unidade,380,false
8570105-99,colher de sopa,17,true
8570105-99,escumadeira,35,false
8570105-99,unidade,485,false
8570106-99,colher de arroz/servir,35,false
8570106-99,concha,140,false
8570106-99,grama,1,true
8570106-99,quilo,1000,false
8570106-99,unidade,380,false
8570107-99,colher de arroz/servir,69.5,true
8570328-99,banda,30,false
8570328-99,fatia,30,false
8570328-99,grama,1,true
8570328-99,pedaco,30,false
8570328-99,quilo,1000,false
8570328-99,unidade,60,false
8570329-99,fatia,30,false
8570329-99,grama,1,true
8570329-99,pedaco,30,false
8570329-99,quilo,1000,false
8570329-99,unidade,60,false
8570330-99,grama,1,true
8570330-99,quilo,1000,false
8570330-99,unidade,100,false
8571110-99,colher de arroz/servir,60,false
8571110-99,colher de sopa,20,false
8571110-99,concha,87,false
8571110-99,grama,1,true
8571110-99,prato fundo,174,false
8571110-99,prato raso,87,false
8571110-99,quilo,1000,false
8571111-99,colher de arroz/servir,72,false
8571111-99,colher de sopa,17,false
8571111-99,concha,88,false
8571111-99,grama,1,true
8571111-99,porcao,34,false
8571111-99,quilo,1000,false
8571112-99,colher de arroz/servir,90,false
8571112-99,colher de sopa,16,false
8571112-99,concha,114,false
8571112-99,coxa,55,false
8571112-99,grama,1,true
8571112-99,quilo,1000,false
8571113-99,colher de arroz/servir,55,false
8571113-99,colher de sopa,17,false
8571113-99,concha,89,false
8571113-99,grama,1,true
8571113-99,pedaco,55,false
8571113-99,quilo,1000,false
8578404-99,colher de arroz/servir,78,false
8578404-99,colher de sopa,20,false
8578404-99,concha,103,false
8578404-99,grama,1,true
8578404-99,quilo,1000,false
8579002-99,colher de arroz/servir,60,false
8579002-99,colher de sopa,30,false
8579002-99,concha,120,false
8579002-99,escumadeira,60,false
8579002-99,grama,1,true
8579002-99,porcao,180,false
8579002-99,prato fundo,200,false
8579002-99,prato raso,100,false
8579002-99,quilo,1000,false
8579003-99,colher de arroz/servir,60,false
8579003-99,colher de sopa,30,false
8579003-99,concha,120,false
8579003-99,grama,1,true
8579003-99,prato raso,100,false
8579003-99,quilo,1000,false
8579004-99,colher de arroz/servir,90,false
8579004-99,colher de sopa,40,false
8579004-99,concha,140,false
8579004-99,escumadeira,90,false
8579004-99,grama,1,true
8579004-99,prato de sobremesa,200,false
8579004-99,prato fundo,400,false
8579004-99,prato raso,400,false
8579004-99,quilo,1000,false
8579005-99,colher de arroz/servir,45,false
8579005-99,colher de sopa,12,false
8579005-99,concha,90,false
8579005-99,grama,1,true
8579005-99,quilo,1000,false
8579006-99,colher de arroz/servir,45,false
8579006-99,colher de sopa,25,false
8579006-99,grama,1,true
8579006-99,prato fundo,200,false
8579006-99,quilo,1000,false
8800109-99,colher de arroz/servir,30,false
8800109-99,colher de sopa,15,false
8800109-99,concha,60,false
8800109-99,grama,1,true
8800109-99,quilo,1000,false
