codigo,descricao,grupo,energiaKcal,proteinaG,lipideosG,carboidratoG,fibraG,calcioMg,magnesioMg,manganesMg,fosforoMg,ferroMg,sodioMg,potassioMg,cobreMg,zincoMg,selenioMcg,retinolMcg,raeMcg,tiaminaMg,riboflavinaMg,niacinaMg,piridoxinaMg,vitaminaB12Mcg,folatoMcg,vitaminaDMcg,vitaminaEMg,vitaminaCMg,colesterolMg,gordurasSaturadasG,gordurasMonoinsaturadasG,gordurasPoliinsaturadasG,gordurasTransG,acucaresG,acucaresAdicionadosG
6300101-99,"Arroz (Polido, Parboilizado, Agulha, Agulhinha, Etc)",,135.6,2.5,1.2,27.78,1.55,3.51,2.23,0.294,17.77,0.08,1.19,14.53,0.015,0.49,0.45,,,,,,,,,,0.08,,,0.351,0.222,0.563,0.005,,
6300201-99,Arroz Integral,,130.9,2.56,1.97,25.56,2.72,5.15,58.13,0.621,104.82,0.26,1.23,74.42,0.02,0.68,0.45,,,0.079,,,0.079,,,,0.08,,,0.45,0.618,0.86,0.005,,
6300701-1,"Milho (em Grao), cru(a)",,160.1,3.32,7.18,25.11,4.25,3.15,26.01,0.159,75,0.45,244.96,212.05,0.047,0.61,2.9,,13.17,0.215,0.072,1.614,0.06,,46,,0.572,6.2,,1.12,1.718,4.009,0.031,3.16,
6300701-2,"Milho (em Grao), cozido(a)",,160.1,3.32,7.18,25.11,4.25,3.15,26.01,0.159,75,0.45,244.96,212.05,0.047,0.61,2.9,,13.17,0.215,0.072,1.614,0.06,,46,,0.572,6.2,,1.12,1.718,4.009,0.031,3.16,
6300701-3,"Milho (em Grao), grelhado(a)/brasa/churrasco",,160.1,3.32,7.18,25.11,4.25,3.15,26.01,0.159,75,0.45,244.96,212.05,0.047,0.61,2.9,,13.17,0.215,0.072,1.614,0.06,,46,,0.572,6.2,,1.12,1.718,4.009,0.031,3.16,
6300701-4,"Milho (em Grao), assado(a)",,160.1,3.32,7.18,25.11,4.25,3.15,26.01,0.159,75,0.45,244.96,212.05,0.047,0.61,2.9,,13.17,0.215,0.072,1.614,0.06,,46,,0.572,6.2,,1.12,1.718,4.009,0.031,3.16,
6300701-7,"Milho (em Grao), refogado(a)",,160.1,3.32,7.18,25.11,4.25,3,26,0.158,75,0.44,,212,0.047,0.61,2.9,,13.17,0.215,0.072,1.614,0.06,,46,,0.572,6.2,,1.12,1.718,4.009,0.031,3.16,
6300701-13,"Milho (em Grao), ensopado",,160.1,3.32,7.18,25.11,4.25,3,26,0.158,75,0.44,,212,0.047,0.61,2.9,,13.17,0.215,0.072,1.614,0.06,,46,,0.572,6.2,,1.12,1.718,4.009,0.031,3.16,
6300701-99,Milho (em Grao),,160.1,3.32,7.18,25.11,4.25,3.15,26.01,0.159,75,0.45,244.96,212.05,0.047,0.61,2.9,,13.17,0.215,0.072,1.614,0.06,,46,,0.572,6.2,,1.12,1.718,4.009,0.031,3.16,
6300706-1,"Canjiquinha de Milho em Grao, cru(a)",,79.7,1.24,2.2,13.5,0.67,3.45,6.93,0.031,17.91,0.74,131.5,25.96,0.023,0.13,2.85,,1.83,0.105,0.071,0.906,0.034,,20.81,,0.182,,,0.329,0.49,1.218,0.01,0.28,
6300706-2,"Canjiquinha de Milho em Grao, cozido(a)",,63,1.24,0.3,13.5,0.67,3.37,6.92,0.031,17.91,0.74,5.01,25.93,0.023,0.13,1.98,,1.83,0.105,0.071,0.906,0.034,,20.81,,0.027,,,0.033,0.059,0.125,,0.28,
6300706-13,"Canjiquinha de Milho em Grao, ensopado",,79.7,1.24,2.2,13.5,0.67,3.37,6.92,0.031,17.91,0.74,5.01,25.93,0.023,0.13,2.85,,1.83,0.105,0.071,0.906,0.034,,20.81,,0.182,,,0.329,0.49,1.218,0.01,0.28,
6300706-14,"Canjiquinha de Milho em Grao, mingau",,63,1.24,0.3,13.5,0.67,3.37,6.92,0.031,17.91,0.74,5.01,25.93,0.023,0.13,1.98,,1.83,0.105,0.071,0.906,0.034,,20.81,,0.027,,,0.033,0.059,0.125,,0.28,
6300706-15,"Canjiquinha de Milho em Grao, sopa",,31.4,0.95,0.12,7.01,0.71,8.55,6.35,0.068,15.76,0.28,310.43,88.31,0.039,0.12,1.34,,33.48,0.03,0.026,0.505,0.04,0.015,9.28,,0.204,2.1,,0.039,0.027,0.032,0.002,3.27,2.52
6300706-99,Canjiquinha de Milho em Grao,,63,1.24,0.3,13.5,0.67,3.37,6.92,0.031,17.91,0.74,5.01,25.93,0.023,0.13,1.98,,1.83,0.105,0.071,0.906,0.034,,20.81,,0.027,,,0.033,0.059,0.125,,0.28,
6300707-99,Xerem de Milho,,63,1.24,0.3,13.5,0.67,3.37,6.92,0.031,17.91,0.74,5.01,25.93,0.023,0.13,1.98,,1.83,0.105,0.071,0.906,0.034,,20.81,,0.027,,,0.033,0.059,0.125,,0.28,
6301001-99,Amendoim (em Grao) (In Natura),,567,25.8,49.24,16.13,8.5,92,168,1.934,376,4.58,18,705,1.144,3.27,7.2,,,0.64,0.135,12.066,0.348,,240,,8.33,,,6.834,24.429,15.559,,4,
6301101-99,Ervilha em Grao,,109.1,5.36,3.06,15.63,5.5,27,39,0.525,117,1.54,3,271,0.173,1.19,3.2,,40.08,0.259,0.149,2.021,0.216,,63,,0.372,14.2,,0.483,0.666,1.741,0.015,5.94,
6301201-99,Fava (em Grao),,85.6,4.8,3.17,10.1,3.6,18,31,0.261,73,1.5,41,193,0.06,0.47,2.22,,18.83,0.128,0.09,1.2,0.029,,58,,0.336,19.8,,0.56,0.629,1.846,0.014,1.24,
6301204-99,Mangalo Amargo em Grao,,85.6,4.8,3.17,10.1,3.6,18,31,0.261,73,1.5,41,193,0.06,0.47,2.22,,18.83,0.128,0.09,1.2,0.029,,58,,0.336,19.8,,0.56,0.629,1.846,0.014,1.24,
6301603-99,Feijao de Corda,,121.3,3.17,3.13,20.32,5,128,52,0.572,51,1.12,4,418,0.133,1.03,3.76,,39.58,0.101,0.148,1.403,0.065,,127,,0.445,2.2,,0.527,0.661,1.75,0.015,0.34,
6301634-99,Feijao Verde,,121.3,3.17,3.13,20.32,5,128,52,0.572,51,1.12,4,418,0.133,1.03,3.76,,39.58,0.101,0.148,1.403,0.065,,127,,0.445,2.2,,0.527,0.661,1.75,0.015,0.34,
6302001-99,Semente de Linhaca,,534,18.29,42.16,28.88,27.3,255,392,2.482,642,5.73,30,813,1.22,4.34,25.4,,,1.644,0.161,3.08,0.473,,87,,0.31,0.6,,3.663,7.527,28.73,,1.55,
6302602-99,Andu,,97.4,5.84,1.79,15.05,3.78,55.2,38.2,0.382,67.8,2.22,5.2,336.6,0.176,0.83,1.51,,,0.071,0.028,0.084,0.056,,48.6,,0.694,,,0.303,0.38,1.006,0.008,0.3,
6302801-99,Grao de Bico,,188.5,8.86,5.36,27.42,7.6,49,48,1.03,168,2.89,7,291,0.352,1.53,4.97,,1.33,0.116,0.063,0.526,0.139,,172,,0.577,1.3,,0.702,1.214,2.755,0.015,1.7,
6302901-99,Lentilha,,136.3,9.02,2.67,20.13,5.86,19,36,0.494,180,3.33,2,369,0.251,1.27,3.85,,0.42,0.169,0.073,1.06,0.178,,181,,0.298,1.5,,0.412,0.587,1.499,0.012,0.39,
6303001-99,Soja em Grao,,196.3,16.64,11.61,9.93,6,102,86,0.824,245,5.14,1,515,0.407,1.15,8.51,,0.42,0.155,0.285,0.399,0.234,,54,,0.566,1.7,,1.71,2.583,6.589,0.014,0.8,
6303102-99,"Feijao (Preto, Mulatinho, Roxo, Rosinha, Etc)",,97.4,5.84,1.79,15.05,3.78,55.2,38.2,0.382,67.8,2.22,5.2,336.6,0.176,0.83,1.51,,,0.071,0.028,0.084,0.056,,48.6,,0.694,,,0.303,0.38,1.006,0.008,0.3,
6303501-99,Quirera Nao Especificada,,63,1.24,0.3,13.5,0.67,3.37,6.92,0.031,17.91,0.74,5.01,25.93,0.023,0.13,1.98,,1.83,0.105,0.071,0.906,0.034,,20.81,,0.027,,,0.033,0.059,0.125,,0.28,
6304034-99,Feijao Verde Organico,,121.3,3.17,3.13,20.32,5,128,52,0.572,51,1.12,4,418,0.133,1.03,3.76,,39.58,0.101,0.148,1.403,0.065,,127,,0.445,2.2,,0.527,0.661,1.75,0.015,0.34,
6304101-99,Feijao Organico,,97.4,5.84,1.79,15.05,3.78,55.2,38.2,0.382,67.8,2.22,5.2,336.6,0.176,0.83,1.51,,,0.071,0.028,0.084,0.056,,48.6,,0.694,,,0.303,0.38,1.006,0.008,0.3,
6304201-99,Pipoca Light,,445.9,10.77,17.78,64.85,12.07,6.49,119.91,0.929,298.04,2.67,1072.51,274.11,0.219,2.57,0,,8.19,0.087,0.069,1.921,0.131,,25.81,,1.235,,,3.748,9.358,3.724,4.203,0.72,
6304301-99,Arroz Organico,,135.6,2.5,1.2,27.78,1.55,3.51,2.23,0.294,17.77,0.08,1.19,14.53,0.015,0.49,0.45,,,,,,,,,,0.08,,,0.351,0.222,0.563,0.005,,
6304401-99,Arroz Integral Organico,,130.9,2.56,1.97,25.56,2.72,5.15,58.13,0.621,104.82,0.26,1.23,74.42,0.02,0.68,0.45,,,0.079,,,0.079,,,,0.08,,,0.45,0.618,0.86,0.005,,
6304602-99,Feijao Soja Organico,,196.3,16.64,11.61,9.93,6,102,86,0.824,245,5.14,1,515,0.407,1.15,8.51,,0.42,0.155,0.285,0.399,0.234,,54,,0.566,1.7,,1.71,2.583,6.589,0.014,0.8,
6304901-99,Quinoa,,135.5,4.37,4.33,19.83,2.16,16.57,61.58,0.628,141.28,1.41,4.27,174.05,0.189,0.96,3.75,,0.22,0.111,0.098,0.47,0.151,,56.88,,0.955,,,0.602,1.058,2.435,0.013,1.89,
6400101-1,"Batata-inglesa, cru(a)",,86,1.71,0.1,20.01,2.05,8,20,0.14,40,0.31,5,328,0.167,0.27,0.3,,0.17,0.098,0.019,1.312,0.269,,9,,0.06,7.4,,0.026,0.002,0.043,,0.86,
6400101-2,"Batata-inglesa, cozido(a)",,86,1.71,0.1,20.01,2.05,8,20,0.14,40,0.31,5,328,0.167,0.27,0.3,,0.17,0.098,0.019,1.312,0.269,,9,,0.06,7.4,,0.026,0.002,0.043,,0.86,
6400101-3,"Batata-inglesa, grelhado(a)/brasa/churrasco",,86,1.71,0.1,20.01,2.05,8,20,0.14,40,0.31,5,328,0.167,0.27,0.3,,0.17,0.098,0.019,1.312,0.269,,9,,0.06,7.4,,0.026,0.002,0.043,,0.86,
6400101-4,"Batata-inglesa, assado(a)",,86,1.71,0.1,20.01,2.05,8,20,0.14,40,0.31,5,328,0.167,0.27,0.3,,0.17,0.098,0.019,1.312,0.269,,9,,0.06,7.4,,0.026,0.002,0.043,,0.86,
6400101-5,"Batata-inglesa, frito(a)",,263.5,2.87,13.64,33.6,3.44,13.43,33.58,0.235,67.17,0.53,8.4,550.76,0.28,0.46,6.68,,0.28,0.165,0.032,2.203,0.452,,15.11,,1.203,12.43,,2.152,3.073,7.851,0.072,1.44,
6400101-7,"Batata-inglesa, refogado(a)",,111.7,1.71,3.01,20.01,2.05,8,20,0.14,40,0.31,5,328,0.167,0.27,1.63,,0.17,0.098,0.019,1.312,0.269,,9,,0.298,7.4,,0.482,0.665,1.724,0.016,0.86,
6400101-8,"Batata-inglesa, molho vermelho",,73.6,1.63,0.12,17.08,1.94,9,19.2,0.133,37.2,0.45,108.8,328.6,0.157,0.26,0.28,,3.62,0.083,0.028,1.245,0.235,,9.4,,0.332,7.32,,0.026,0.007,0.049,,1.54,
6400101-9,"Batata-inglesa, molho branco",,101.4,2.15,2.57,17.86,1.68,29.28,18.31,0.122,51.69,0.32,24.92,292.45,0.138,0.3,1.41,20.7,21.21,0.097,0.058,1.145,0.223,0.09,10.8,0.227,0.113,5.92,6.83,1.553,0.639,0.147,0.097,1.72,
6400101-10,"Batata-inglesa, ao alho e oleo",,263.5,2.87,13.64,33.6,3.44,13.43,33.58,0.235,67.17,0.53,8.4,550.76,0.28,0.46,6.68,,0.28,0.165,0.032,2.203,0.452,,15.11,,1.203,12.43,,2.152,3.073,7.851,0.072,1.44,
6400101-11,"Batata-inglesa, com manteiga/oleo",,111.7,1.71,3.01,20.01,2.05,8,20,0.14,40,0.31,5,328,0.167,0.27,1.63,,0.17,0.098,0.019,1.312,0.269,,9,,0.298,7.4,,0.482,0.665,1.724,0.016,0.86,
6400101-13,"Batata-inglesa, ensopado",,111.7,1.71,3.01,20.01,2.05,8,20,0.14,40,0.31,5,328,0.167,0.27,1.63,,0.17,0.098,0.019,1.312,0.269,,9,,0.298,7.4,,0.482,0.665,1.724,0.016,0.86,
6400101-15,"Batata-inglesa, sopa",,31.4,0.95,0.12,7.01,0.71,8.55,6.35,0.068,15.76,0.28,310.43,88.31,0.039,0.12,1.34,,33.48,0.03,0.026,0.505,0.04,0.015,9.28,,0.204,2.1,,0.039,0.027,0.032,0.002,3.27,2.52
6400101-99,Batata-inglesa,,86,1.71,0.1,20.01,2.05,8,20,0.14,40,0.31,5,328,0.167,0.27,0.3,,0.17,0.098,0.019,1.312,0.269,,9,,0.06,7.4,,0.026,0.002,0.043,,0.86,
6400303-2,"Mandioquinha Salsa (Batata Baroa), cozido(a)",,76,1.37,0.14,17.72,2.5,27,18,0.27,32,0.72,27,230,0.09,0.2,0.2,,787,0.06,0.05,0.54,0.17,,6,,0.94,12.8,,0.03,,0.06,,5.74,
6400303-7,"Mandioquinha Salsa (Batata Baroa), refogado(a)",,91.7,1.37,1.92,17.72,2.5,27,18,0.27,32,0.72,27,230,0.09,0.2,1.02,,787,0.06,0.05,0.54,0.17,,6,,1.1,12.8,,0.29,0.41,1.09,,5.74,
6400303-13,"Mandioquinha Salsa (Batata Baroa), ensopado",,91.7,1.37,1.92,17.72,2.5,27,18,0.27,32,0.72,27,230,0.09,0.2,1.02,,787,0.06,0.05,0.54,0.17,,6,,1.1,12.8,,0.29,0.41,1.09,,5.74,
6400303-99,Mandioquinha Salsa (Batata Baroa),,76,1.37,0.14,17.72,2.5,27,18,0.27,32,0.72,27,230,0.09,0.2,0.2,,787,0.06,0.05,0.54,0.17,,6,,0.94,12.8,,0.03,,0.06,,5.74,
6400304-99,Cenoura Amarela (Batata Baroa),,76,1.37,0.14,17.72,2.5,27,18,0.27,32,0.72,27,230,0.09,0.2,0.2,,787,0.06,0.05,0.54,0.17,,6,,0.94,12.8,,0.03,,0.06,,5.74,
6400401-1,"Batata Doce, cru(a)",,76,1.37,0.14,17.72,2.5,27,18,0.27,32,0.72,27,230,0.09,0.2,0.2,,787,0.06,0.05,0.54,0.17,,6,,0.94,12.8,,0.03,,0.06,,5.74,
6400401-2,"Batata Doce, cozido(a)",,76,1.37,0.14,17.72,2.5,27,18,0.27,32,0.72,27,230,0.09,0.2,0.2,,787,0.06,0.05,0.54,0.17,,6,,0.94,12.8,,0.03,,0.06,,5.74,
6400401-4,"Batata Doce, assado(a)",,90,2.01,0.15,20.71,3.3,38,27,0.5,54,0.69,36,475,0.16,0.32,0.2,,960.88,0.11,0.11,1.49,0.29,,6,,0.71,19.6,,0.03,,0.06,,6.47,
6400401-5,"Batata Doce, frito(a)",,351.3,4.4,12.59,56.88,8.03,86.67,57.78,0.85,102.72,2.31,86.67,738.3,0.3,0.64,6.21,,2526.27,0.18,0.15,1.73,0.53,,19.26,,4.14,41.09,,1.85,2.83,7.22,,18.43,
6400401-7,"Batata Doce, refogado(a)",,91.7,1.37,1.92,17.72,2.5,27,18,0.27,32,0.72,27,230,0.09,0.2,1.02,,787,0.06,0.05,0.54,0.17,,6,,1.1,12.8,,0.29,0.41,1.09,,5.74,
6400401-13,"Batata Doce, ensopado",,91.7,1.37,1.92,17.72,2.5,27,18,0.27,32,0.72,27,230,0.09,0.2,1.02,,787,0.06,0.05,0.54,0.17,,6,,1.1,12.8,,0.29,0.41,1.09,,5.74,
6400401-99,Batata Doce,,76,1.37,0.14,17.72,2.5,27,18,0.27,32,0.72,27,230,0.09,0.2,0.2,,787,0.06,0.05,0.54,0.17,,6,,0.94,12.8,,0.03,,0.06,,5.74,
6400501-1,"Inhame, cru(a)",,100,1.71,0.12,23.4,1.8,35,21,0.67,44,0.54,8,377,0.18,0.3,0.6,,1043.46,0.07,0.06,0.56,0.19,,22,,0.77,9.1,,0.03,0.01,0.05,,6.47,
6400501-2,"Inhame, cozido(a)",,100,1.71,0.12,23.4,1.8,35,21,0.67,44,0.54,8,377,0.18,0.3,0.6,,1043.46,0.07,0.06,0.56,0.19,,22,,0.77,9.1,,0.03,0.01,0.05,,6.47,
6400501-4,"Inhame, assado(a)",,90,2.01,0.15,20.71,3.3,38,27,0.5,54,0.69,36,475,0.16,0.32,0.2,,960.88,0.11,0.11,1.49,0.29,,6,,0.71,19.6,,0.03,,0.06,,6.47,
6400501-5,"Inhame, frito(a)",,115.7,1.71,1.9,23.4,1.8,35,21,0.67,44,0.54,8,377,0.18,0.3,1.42,,1043.46,0.07,0.06,0.56,0.19,,22,,0.93,9.1,,0.28,0.42,1.08,,6.47,
6400501-7,"Inhame, refogado(a)",,115.7,1.71,1.9,23.4,1.8,35,21,0.67,44,0.54,8,377,0.18,0.3,1.42,,1043.46,0.07,0.06,0.56,0.19,,22,,0.93,9.1,,0.28,0.42,1.08,,6.47,
6400501-13,"Inhame, ensopado",,115.7,1.71,1.9,23.4,1.8,35,21,0.67,44,0.54,8,377,0.18,0.3,1.42,,1043.46,0.07,0.06,0.56,0.19,,22,,0.93,9.1,,0.28,0.42,1.08,,6.47,
6400501-15,"Inhame, sopa",,31.4,0.95,0.12,7.01,0.71,8.55,6.35,0.068,15.76,0.28,310.43,88.31,0.039,0.12,1.34,,33.48,0.03,0.026,0.505,0.04,0.015,9.28,,0.204,2.1,,0.039,0.027,0.032,0.002,3.27,2.52
6400508-99,Quicare,,100,1.71,0.12,23.4,1.8,35,21,0.67,44,0.54,8,377,0.18,0.3,0.6,,1043.46,0.07,0.06,0.56,0.19,,22,,0.77,9.1,,0.03,0.01,0.05,,6.47,
6400601-1,"Mandioca, cru(a)",,125,0.6,0.3,30.1,1.6,19,27,0.06,22,0.1,1,100,0.01,0.2,,,,0.06,,,0.03,,,,,11.1,,0.1,0.1,0.1,,,
6400601-2,"Mandioca, cozido(a)",,125,0.6,0.3,30.1,1.6,19,27,0.06,22,0.1,1,100,0.01,0.2,,,,0.06,,,0.03,,,,,11.1,,0.1,0.1,0.1,,,
6400601-4,"Mandioca, assado(a)",,125,0.6,0.3,30.1,1.6,19,27,0.06,22,0.1,1,100,0.01,0.2,,,,0.06,,,0.03,,,,,11.1,,0.1,0.1,0.1,,,
6400601-5,"Mandioca, frito(a)",,162.7,0.57,5.26,28.59,1.52,18.05,25.65,0.057,20.9,0.1,0.95,95,0.009,0.19,2.28,,,0.057,,,0.028,,,,0.407,10.54,,0.874,1.229,2.968,0.027,,
6400601-7,"Mandioca, refogado(a)",,162.7,0.57,5.26,28.59,1.52,18.05,25.65,0.057,20.9,0.1,0.95,95,0.009,0.19,2.28,,,0.057,,,0.028,,,,0.407,10.54,,0.874,1.229,2.968,0.027,,
6400601-8,"Mandioca, molho vermelho",,104.8,0.74,0.28,25.16,1.58,17.8,24.8,0.07,22.8,0.28,105.6,146.2,0.032,0.2,0.04,,3.48,0.052,0.014,0.196,0.044,,2.2,,0.284,10.28,,0.086,0.086,0.094,,0.85,
6400601-11,"Mandioca, com manteiga/oleo",,154.6,0.61,4.34,28.6,1.52,19.25,25.75,0.057,22.1,0.1,29.75,96.2,0.009,0.19,0.05,33.55,34.21,0.058,0.002,0.002,0.028,0.009,0.15,0.07,0.116,10.54,10.75,2.664,1.146,0.247,0.164,0.01,
6400601-13,"Mandioca, ensopado",,162.7,0.57,5.26,28.59,1.52,18.05,25.65,0.057,20.9,0.1,0.95,95,0.009,0.19,2.28,,,0.057,,,0.028,,,,0.407,10.54,,0.874,1.229,2.968,0.027,,
6400601-15,"Mandioca, sopa",,31.4,0.95,0.12,7.01,0.71,8.55,6.35,0.068,15.76,0.28,310.43,88.31,0.039,0.12,1.34,,33.48,0.03,0.026,0.505,0.04,0.015,9.28,,0.204,2.1,,0.039,0.027,0.032,0.002,3.27,2.52
6400601-99,Mandioca,,125,0.6,0.3,30.1,1.6,19,27,0.06,22,0.1,1,100,0.01,0.2,,,,0.06,,,0.03,,,,,11.1,,0.1,0.1,0.1,,,
6400609-2,"Aipim, cozido(a)",,125,0.6,0.3,30.1,1.6,19,27,0.06,22,0.1,1,100,0.01,0.2,,,,0.06,,,0.03,,,,,11.1,,0.1,0.1,0.1,,,
6400609-4,"Aipim, assado(a)",,125,0.6,0.3,30.1,1.6,19,27,0.06,22,0.1,1,100,0.01,0.2,,,,0.06,,,0.03,,,,,11.1,,0.1,0.1,0.1,,,
6400609-5,"Aipim, frito(a)",,162.7,0.57,5.26,28.59,1.52,18.05,25.65,0.057,20.9,0.1,0.95,95,0.009,0.19,2.28,,,0.057,,,0.028,,,,0.407,10.54,,0.874,1.229,2.968,0.027,,
6400609-6,"Aipim, empanado(a)/a milanesa",,162.7,0.57,5.26,28.59,1.52,18.05,25.65,0.057,20.9,0.1,0.95,95,0.009,0.19,2.28,,,0.057,,,0.028,,,,0.407,10.54,,0.874,1.229,2.968,0.027,,
6400609-7,"Aipim, refogado(a)",,162.7,0.57,5.26,28.59,1.52,18.05,25.65,0.057,20.9,0.1,0.95,95,0.009,0.19,2.28,,,0.057,,,0.028,,,,0.407,10.54,,0.874,1.229,2.968,0.027,,
6400609-8,"Aipim, molho vermelho",,104.8,0.74,0.28,25.16,1.58,17.8,24.8,0.07,22.8,0.28,105.6,146.2,0.032,0.2,0.04,,3.48,0.052,0.014,0.196,0.044,,2.2,,0.284,10.28,,0.086,0.086,0.094,,0.85,
6400609-11,"Aipim, com manteiga/oleo",,154.6,0.61,4.34,28.6,1.52,19.25,25.75,0.057,22.1,0.1,29.75,96.2,0.009,0.19,0.05,33.55,34.21,0.058,0.002,0.002,0.028,0.009,0.15,0.07,0.116,10.54,10.75,2.664,1.146,0.247,0.164,0.01,
6400609-13,"Aipim, ensopado",,162.7,0.57,5.26,28.59,1.52,18.05,25.65,0.057,20.9,0.1,0.95,95,0.009,0.19,2.28,,,0.057,,,0.028,,,,0.407,10.54,,0.874,1.229,2.968,0.027,,
6400609-15,"Aipim, sopa",,31.4,0.95,0.12,7.01,0.71,8.55,6.35,0.068,15.76,0.28,310.43,88.31,0.039,0.12,1.34,,33.48,0.03,0.026,0.505,0.04,0.015,9.28,,0.204,2.1,,0.039,0.027,0.032,0.002,3.27,2.52
6400609-99,Aipim,,125,0.6,0.3,30.1,1.6,19,27,0.06,22,0.1,1,100,0.01,0.2,,,,0.06,,,0.03,,,,,11.1,,0.1,0.1,0.1,,,
6400610-1,"Macaxeira, cru(a)",,125,0.6,0.3,30.1,1.6,19,27,0.06,22,0.1,1,100,0.01,0.2,,,,0.06,,,0.03,,,,,11.1,,0.1,0.1,0.1,,,
6400610-2,"Macaxeira, cozido(a)",,125,0.6,0.3,30.1,1.6,19,27,0.06,22,0.1,1,100,0.01,0.2,,,,0.06,,,0.03,,,,,11.1,,0.1,0.1,0.1,,,
6400610-4,"Macaxeira, assado(a)",,125,0.6,0.3,30.1,1.6,19,27,0.06,22,0.1,1,100,0.01,0.2,,,,0.06,,,0.03,,,,,11.1,,0.1,0.1,0.1,,,
6400610-5,"Macaxeira, frito(a)",,162.7,0.57,5.26,28.59,1.52,18.05,25.65,0.057,20.9,0.1,0.95,95,0.009,0.19,2.28,,,0.057,,,0.028,,,,0.407,10.54,,0.874,1.229,2.968,0.027,,
6400701-2,"Cara, cozido(a)",,100,1.71,0.12,23.4,1.8,35,21,0.67,44,0.54,8,377,0.18,0.3,0.6,,1043.46,0.07,0.06,0.56,0.19,,22,,0.77,9.1,,0.03,0.01,0.05,,6.47,
6400701-5,"Cara, frito(a)",,115.7,1.71,1.9,23.4,1.8,35,21,0.67,44,0.54,8,377,0.18,0.3,1.42,,1043.46,0.07,0.06,0.56,0.19,,22,,0.93,9.1,,0.28,0.42,1.08,,6.47,
6400701-7,"Cara, refogado(a)",,115.7,1.71,1.9,23.4,1.8,35,21,0.67,44,0.54,8,377,0.18,0.3,1.42,,1043.46,0.07,0.06,0.56,0.19,,22,,0.93,9.1,,0.28,0.42,1.08,,6.47,
6400701-13,"Cara, ensopado",,115.7,1.71,1.9,23.4,1.8,35,21,0.67,44,0.54,8,377,0.18,0.3,1.42,,1043.46,0.07,0.06,0.56,0.19,,22,,0.93,9.1,,0.28,0.42,1.08,,6.47,
6400701-14,"Cara, mingau",,100,1.71,0.12,23.4,1.8,35,21,0.67,44,0.54,8,377,0.18,0.3,0.6,,1043.46,0.07,0.06,0.56,0.19,,22,,0.77,9.1,,0.03,0.01,0.05,,6.47,
6400701-15,"Cara, sopa",,31.4,0.95,0.12,7.01,0.71,8.55,6.35,0.068,15.76,0.28,310.43,88.31,0.039,0.12,1.34,,33.48,0.03,0.026,0.505,0.04,0.015,9.28,,0.204,2.1,,0.039,0.027,0.032,0.002,3.27,2.52
6400713-2,"Inhame Caraquento (Cara), cozido(a)",,100,1.71,0.12,23.4,1.8,35,21,0.67,44,0.54,8,377,0.18,0.3,0.6,,1043.46,0.07,0.06,0.56,0.19,,22,,0.77,9.1,,0.03,0.01,0.05,,6.47,
6400802-1,"Batata (Não Especificada), cru(a)",,86,1.71,0.1,20.01,2.05,8,20,0.14,40,0.31,5,328,0.167,0.27,0.3,,0.17,0.098,0.019,1.312,0.269,,9,,0.06,7.4,,0.026,0.002,0.043,,0.86,
6400802-2,"Batata (Não Especificada), cozido(a)",,86,1.71,0.1,20.01,2.05,8,20,0.14,40,0.31,5,328,0.167,0.27,0.3,,0.17,0.098,0.019,1.312,0.269,,9,,0.06,7.4,,0.026,0.002,0.043,,0.86,
6400802-3,"Batata (Não Especificada), grelhado(a)/brasa/churrasco",,86,1.71,0.1,20.01,2.05,8,20,0.14,40,0.31,5,328,0.167,0.27,0.3,,0.17,0.098,0.019,1.312,0.269,,9,,0.06,7.4,,0.026,0.002,0.043,,0.86,
6400802-4,"Batata (Não Especificada), assado(a)",,86,1.71,0.1,20.01,2.05,8,20,0.14,40,0.31,5,328,0.167,0.27,0.3,,0.17,0.098,0.019,1.312,0.269,,9,,0.06,7.4,,0.026,0.002,0.043,,0.86,
6400802-5,"Batata (Não Especificada), frito(a)",,263.5,2.87,13.64,33.6,3.44,13.43,33.58,0.235,67.17,0.53,8.4,550.76,0.28,0.46,6.68,,0.28,0.165,0.032,2.203,0.452,,15.11,,1.203,12.43,,2.152,3.073,7.851,0.072,1.44,
6400802-7,"Batata (Não Especificada), refogado(a)",,111.7,1.71,3.01,20.01,2.05,8,20,0.14,40,0.31,5,328,0.167,0.27,1.63,,0.17,0.098,0.019,1.312,0.269,,9,,0.298,7.4,,0.482,0.665,1.724,0.016,0.86,
6400802-8,"Batata (Não Especificada), molho vermelho",,73.6,1.63,0.12,17.08,1.94,9,19.2,0.133,37.2,0.45,108.8,328.6,0.157,0.26,0.28,,3.62,0.083,0.028,1.245,0.235,,9.4,,0.332,7.32,,0.026,0.007,0.049,,1.54,
6400802-9,"Batata (Não Especificada), molho branco",,101.4,2.15,2.57,17.86,1.68,29.28,18.31,0.122,51.69,0.32,24.92,292.45,0.138,0.3,1.41,20.7,21.21,0.097,0.058,1.145,0.223,0.09,10.8,0.227,0.113,5.92,6.83,1.553,0.639,0.147,0.097,1.72,
6400802-12,"Batata (Não Especificada), ao vinagrete",,111.7,1.71,3.01,20.01,2.05,8,20,0.14,40,0.31,5,328,0.167,0.27,1.63,,0.17,0.098,0.019,1.312,0.269,,9,,0.298,7.4,,0.482,0.665,1.724,0.016,0.86,
6400802-13,"Batata (Não Especificada), ensopado",,111.7,1.71,3.01,20.01,2.05,8,20,0.14,40,0.31,5,328,0.167,0.27,1.63,,0.17,0.098,0.019,1.312,0.269,,9,,0.298,7.4,,0.482,0.665,1.724,0.016,0.86,
6400802-15,"Batata (Não Especificada), sopa",,31.4,0.95,0.12,7.01,0.71,8.55,6.35,0.068,15.76,0.28,310.43,88.31,0.039,0.12,1.34,,33.48,0.03,0.026,0.505,0.04,0.015,9.28,,0.204,2.1,,0.039,0.027,0.032,0.002,3.27,2.52
6400802-99,Batata (Não Especificada),,86,1.71,0.1,20.01,2.05,8,20,0.14,40,0.31,5,328,0.167,0.27,0.3,,0.17,0.098,0.019,1.312,0.269,,9,,0.06,7.4,,0.026,0.002,0.043,,0.86,
6400908-2,"Mandioquinha, cozido(a)",,76,1.37,0.14,17.72,2.5,27,18,0.27,32,0.72,27,230,0.09,0.2,0.2,,787,0.06,0.05,0.54,0.17,,6,,0.94,12.8,,0.03,,0.06,,5.74,
6400908-5,"Mandioquinha, frito(a)",,116.4,1.3,5.13,16.83,2.38,25.65,17.1,0.25,30.4,0.69,25.65,218.5,0.09,0.19,2.48,,747.65,0.05,0.04,0.51,0.16,,5.7,,1.35,12.16,,0.75,1.17,2.95,,5.45,
6400908-7,"Mandioquinha, refogado(a)",,91.7,1.37,1.92,17.72,2.5,27,18,0.27,32,0.72,27,230,0.09,0.2,1.02,,787,0.06,0.05,0.54,0.17,,6,,1.1,12.8,,0.29,0.41,1.09,,5.74,
6400908-13,"Mandioquinha, ensopado",,91.7,1.37,1.92,17.72,2.5,27,18,0.27,32,0.72,27,230,0.09,0.2,1.02,,787,0.06,0.05,0.54,0.17,,6,,1.1,12.8,,0.29,0.41,1.09,,5.74,
6401001-1,"Rabanete, cru(a)",,16,0.68,0.1,3.4,1.6,25,10,0.07,20,0.34,39,233,0.05,0.28,0.6,,0.33,0.01,0.04,0.25,0.07,,25,,,14.8,,0.03,0.02,0.05,,0.92,
6401001-2,"Rabanete, cozido(a)",,18,0.6,0.1,4.1,1.6,27,16,0.04,23,0.4,21,227,0.12,0.15,0.7,,,0.02,0.02,0.2,0.05,,28,,,22,,0.03,0.02,0.05,,2.89,
6401001-12,"Rabanete, ao vinagrete",,18,0.6,0.1,4.1,1.6,27,16,0.04,23,0.4,21,227,0.12,0.15,0.7,,,0.02,0.02,0.2,0.05,,28,,,22,,0.03,0.02,0.05,,2.89,
6401101-1,"Beterraba, cru(a)",,43,1.61,0.17,9.56,2.8,16,23,0.33,40,0.8,78,325,0.08,0.35,0.7,,1.67,0.03,0.04,0.33,0.07,,109,,0.04,4.9,,0.03,0.03,0.06,,6.5,
6401101-2,"Beterraba, cozido(a)",,44,1.68,0.18,9.96,2,16,23,0.33,38,0.79,77,305,0.07,0.35,0.7,,1.75,0.03,0.04,0.33,0.07,,80,,0.04,3.6,,0.03,0.04,0.06,,8.8,
6401101-7,"Beterraba, refogado(a)",,67.6,1.68,2.85,9.96,2,16,23,0.33,38,0.79,77,305,0.07,0.35,1.92,,1.75,0.03,0.04,0.33,0.07,,80,,0.29,3.6,,0.41,0.66,1.61,,8.8,
6401101-12,"Beterraba, ao vinagrete",,44,1.68,0.18,9.96,2,16,23,0.33,38,0.79,77,305,0.07,0.35,0.7,,1.75,0.03,0.04,0.33,0.07,,80,,0.04,3.6,,0.03,0.04,0.06,,8.8,
6401101-15,"Beterraba, sopa",,31.4,0.95,0.12,7.01,0.71,8.55,6.35,0.068,15.76,0.28,310.43,88.31,0.039,0.12,1.34,,33.48,0.03,0.026,0.505,0.04,0.015,9.28,,0.204,2.1,,0.039,0.027,0.032,0.002,3.27,2.52
6401101-99,Beterraba,,43,1.61,0.17,9.56,2.8,16,23,0.33,40,0.8,78,325,0.08,0.35,0.7,,1.67,0.03,0.04,0.33,0.07,,109,,0.04,4.9,,0.03,0.03,0.06,,6.5,
6401201-1,"Cenoura, cru(a)",,41,0.93,0.24,9.58,2.8,33,12,0.14,35,0.3,69,320,0.05,0.24,0.1,,840.5,0.07,0.06,0.98,0.14,,19,,0.86,5.9,,0.04,0.01,0.12,,4.73,
6401201-2,"Cenoura, cozido(a)",,35,0.76,0.18,8.22,3,30,10,0.16,30,0.34,58,235,0.02,0.2,0.7,,860.08,0.07,0.04,0.65,0.15,,14,,1.03,3.6,,0.03,0.01,0.09,,3.46,
6401201-5,"Cenoura, frito(a)",,60.5,0.74,3.17,7.97,2.91,29.1,9.7,0.15,29.1,0.33,56.26,227.95,0.02,0.19,2.05,,834.28,0.06,0.04,0.63,0.15,,13.58,,1.28,3.49,,0.46,0.7,1.82,,3.36,
6401201-7,"Cenoura, refogado(a)",,60.5,0.74,3.17,7.97,2.91,29.1,9.7,0.15,29.1,0.33,56.26,227.95,0.02,0.19,2.05,,834.28,0.06,0.04,0.63,0.15,,13.58,,1.28,3.49,,0.46,0.7,1.82,,3.36,
6401201-8,"Cenoura, molho vermelho",,32.8,0.87,0.18,7.65,2.7,26.6,11.2,0.15,29.2,0.48,151.2,254.2,0.04,0.2,0.6,,691.55,0.06,0.05,0.71,0.14,,13.4,,1.11,4.28,,0.03,0.01,0.09,,3.62,
6401201-10,"Cenoura, ao alho e oleo",,60.5,0.74,3.17,7.97,2.91,29.1,9.7,0.15,29.1,0.33,56.26,227.95,0.02,0.19,2.05,,834.28,0.06,0.04,0.63,0.15,,13.58,,1.28,3.49,,0.46,0.7,1.82,,3.36,
6401201-11,"Cenoura, com manteiga/oleo",,56.7,0.79,2.64,8.22,3,30.73,10.06,0.16,30.73,0.34,75.46,235.73,0.02,0.2,0.73,20.34,880.82,0.07,0.05,0.65,0.15,0.01,14.09,0.04,1.1,3.6,6.52,1.59,0.64,0.18,0.1,3.46,
6401201-12,"Cenoura, ao vinagrete",,35,0.76,0.18,8.22,3,30,10,0.16,30,0.34,58,235,0.02,0.2,0.7,,860.08,0.07,0.04,0.65,0.15,,14,,1.03,3.6,,0.03,0.01,0.09,,3.46,
6401201-13,"Cenoura, ensopado",,60.5,0.74,3.17,7.97,2.91,29.1,9.7,0.15,29.1,0.33,56.26,227.95,0.02,0.19,2.05,,834.28,0.06,0.04,0.63,0.15,,13.58,,1.28,3.49,,0.46,0.7,1.82,,3.36,
6401201-15,"Cenoura, sopa",,31.4,0.95,0.12,7.01,0.71,8.55,6.35,0.068,15.76,0.28,310.43,88.31,0.039,0.12,1.34,,33.48,0.03,0.026,0.505,0.04,0.015,9.28,,0.204,2.1,,0.039,0.027,0.032,0.002,3.27,2.52
6401201-99,Cenoura,,41,0.93,0.24,9.58,2.8,33,12,0.14,35,0.3,69,320,0.05,0.24,0.1,,840.5,0.07,0.06,0.98,0.14,,19,,0.86,5.9,,0.04,0.01,0.12,,4.73,
6401301-2,"Nabo, cozido(a)",,22,0.71,0.08,5.06,2,33,9,0.071,26,0.18,16,177,0.002,0.12,0.2,,,0.027,0.023,0.299,0.067,,9,,0.02,11.6,,0.008,0.005,0.042,,1.89,
6401301-7,"Nabo, refogado(a)",,47.7,0.71,2.99,5.06,2,33,9,0.071,26,0.18,16,177,0.002,0.12,1.53,,,0.027,0.023,0.299,0.067,,9,,0.258,11.6,,0.464,0.668,1.723,0.016,1.89,
6401601-1,"Acafrao, cru(a)",,310,11.43,5.85,65.37,3.9,111,264,28.408,252,11.1,148,1724,0.328,1.09,5.6,,26.5,0.115,0.267,1.46,1.01,,93,,1.69,80.8,,1.586,0.429,2.067,,,
6401801-5,"Batata Inglesa Organica, frito(a)",,263.5,2.87,13.64,33.6,3.44,13.43,33.58,0.235,67.17,0.53,8.4,550.76,0.28,0.46,6.68,,0.28,0.165,0.032,2.203,0.452,,15.11,,1.203,12.43,,2.152,3.073,7.851,0.072,1.44,
6500101-99,Creme de Arroz,,148.3,3.8,3.29,26.07,0.3,110.54,13.75,0.144,99.07,0.08,387.3,147.16,0.026,0.48,5.4,26.95,27.36,0.059,0.181,0.406,0.086,0.424,5.31,0.963,0.071,0.25,9.62,1.84,0.833,0.232,0.112,17.4,12.32
6500104-99,Arrozina,,148.3,3.8,3.29,26.07,0.3,110.54,13.75,0.144,99.07,0.08,387.3,147.16,0.026,0.48,5.4,26.95,27.36,0.059,0.181,0.406,0.086,0.424,5.31,0.963,0.071,0.25,9.62,1.84,0.833,0.232,0.112,17.4,12.32
6500105-99,Mucilon,,78.2,2.42,3.06,10.46,0.17,124.57,13.22,0.029,95.38,0.22,319.33,156.85,0.015,0.45,4.03,21.16,30.09,0.068,0.177,0.322,0.043,0.302,11.23,0.508,0.187,0.15,6.02,1.348,0.89,0.555,0.226,7.2,2.08
6500108-99,Mingau de Arroz,,148.3,3.8,3.29,26.07,0.3,110.54,13.75,0.144,99.07,0.08,387.3,147.16,0.026,0.48,5.4,26.95,27.36,0.059,0.181,0.406,0.086,0.424,5.31,0.963,0.071,0.25,9.62,1.84,0.833,0.232,0.112,17.4,12.32
6500202-99,Croquinhos de Arroz,,387,12.94,4.54,77.9,14.5,7,144,1.113,358,3.19,8,329,0.262,3.08,,,9.83,0.104,0.083,2.308,0.157,,31,,0.29,,,0.703,1.1,2.559,,0.86,
6500301-99,Farinha de Aveia,,384,16,6.3,67,9.8,52,148,3.63,474,4.2,4,350,0.34,3.07,34,,,0.73,0.14,0.78,0.12,,32,,0.7,,,1.11,1.98,2.3,,1.57,
6500401-99,Aveia em Flocos,,384,16,6.3,67,9.8,52,148,3.63,474,4.2,4,350,0.34,3.07,34,,,0.73,0.14,0.78,0.12,,32,,0.7,,,1.11,1.98,2.3,,1.57,
6500601-99,Fuba de Milho,,60.6,1.44,0.2,13,0.26,2.82,5.24,0.02,11.92,0.64,2.65,23.2,0.02,0.07,2.78,,0.02,0.1,0.06,0.81,0.02,,39.44,,0.02,,,0.03,0.05,0.08,,0.52,
6500603-99,Farinha de Milho,,351,7.2,1.5,79.1,5.5,1,31,,84,2.3,45,58,0.27,0.6,,,9,0.25,,,0.25,,,,,,,0.4,0.4,0.6,,,
6500608-99,Puba de Milho,,311,4.8,12.4,45.1,0.7,83,10,0.11,128,0.7,134,118,0.04,0.4,,57,,0.11,0.05,,,,,,,,82,4.5,3.9,1.5,1.99,8.27,5.68
6500609-99,Puba de Fuba,,311,4.8,12.4,45.1,0.7,83,10,0.11,128,0.7,134,118,0.04,0.4,,57,,0.11,0.05,,,,,,,,82,4.5,3.9,1.5,1.99,8.27,5.68
6500613-2,"Milho Moido, cozido(a)",,160.1,3.32,7.18,25.11,4.25,3.15,26.01,0.159,75,0.45,244.96,212.05,0.047,0.61,2.9,,13.17,0.215,0.072,1.614,0.06,,46,,0.572,6.2,,1.12,1.718,4.009,0.031,3.16,
6500614-99,Mingau de Milho,,78.2,2.42,3.06,10.46,0.17,124.57,13.22,0.029,95.38,0.22,319.33,156.85,0.015,0.45,4.03,21.16,30.09,0.068,0.177,0.322,0.043,0.302,11.23,0.508,0.187,0.15,6.02,1.348,0.89,0.555,0.226,7.2,2.08
6500702-99,Amido de Milho,,78.2,2.42,3.06,10.46,0.17,124.57,13.22,0.029,95.38,0.22,319.33,156.85,0.015,0.45,4.03,21.16,30.09,0.068,0.177,0.322,0.043,0.302,11.23,0.508,0.187,0.15,6.02,1.348,0.89,0.555,0.226,7.2,2.08
6500705-99,Amido de Arroz,,148.3,3.8,3.29,26.07,0.3,110.54,13.75,0.144,99.07,0.08,387.3,147.16,0.026,0.48,5.4,26.95,27.36,0.059,0.181,0.406,0.086,0.424,5.31,0.963,0.071,0.25,9.62,1.84,0.833,0.232,0.112,17.4,12.32
6500801-99,Cremogema,,78.2,2.42,3.06,10.46,0.17,124.57,13.22,0.029,95.38,0.22,319.33,156.85,0.015,0.45,4.03,21.16,30.09,0.068,0.177,0.322,0.043,0.302,11.23,0.508,0.187,0.15,6.02,1.348,0.89,0.555,0.226,7.2,2.08
6500802-99,Vitamilho,,128.3,4.35,0.22,26.42,1.71,10.74,15.82,0.27,58.01,0.37,261.48,57.49,0.09,0.28,3.75,,0.06,0.06,0.03,1.19,0.04,,6.82,,0.05,,,0.04,0.03,0.09,,0.72,
6500804-99,Creme de Milho,,78.2,2.42,3.06,10.46,0.17,124.57,13.22,0.029,95.38,0.22,319.33,156.85,0.015,0.45,4.03,21.16,30.09,0.068,0.177,0.322,0.043,0.302,11.23,0.508,0.187,0.15,6.02,1.348,0.89,0.555,0.226,7.2,2.08
6500902-99,Sucrilhos de Milho,,377,4.7,0.7,88.8,2.1,56,8,,43,3.9,405,52,0.04,8.5,,,15,0.73,1.11,10.13,0.79,,,,,,,,,,,38.02,38.67
6500903-99,Cereal Matinal de Milho em Flocos,,377,4.7,0.7,88.8,2.1,56,8,,43,3.9,405,52,0.04,8.5,,,15,0.73,1.11,10.13,0.79,,,,,,,,,,,38.02,38.67
6501301-99,Germe de Trigo,,360,23.15,9.72,51.8,13.2,39,239,13.301,842,6.26,12,892,0.796,12.29,79.2,,5.17,1.882,0.499,6.813,1.3,,281,,21.805,,,1.665,1.365,6.01,,8.7,
6501303-99,Fibra de Trigo,,216,15.55,4.25,64.51,42.8,73,611,11.5,1013,10.57,2,1182,0.998,7.27,77.6,,0.5,0.523,0.577,13.578,1.303,,79,,1.49,,,0.63,0.637,2.212,,1.6,
6501304-99,Fibra de Cereal Trigo,,216,15.55,4.25,64.51,42.8,73,611,11.5,1013,10.57,2,1182,0.998,7.27,77.6,,0.5,0.523,0.577,13.578,1.303,,79,,1.49,,,0.63,0.637,2.212,,1.6,
6501401-99,Farinha de Mandioca,,361,1.6,0.3,87.9,6.4,65,37,,42,1.1,1,340,0.08,0.4,,,,0.14,,,,,,,,,,0.1,0.1,,0.1,,
6501410-99,Farinha de Copioba,,361,1.6,0.3,87.9,6.4,65,37,,42,1.1,1,340,0.08,0.4,,,,0.14,,,,,,,,,,0.1,0.1,,0.1,,
6501415-99,Farinha de Agua,,361,1.6,0.3,87.9,6.4,65,37,,42,1.1,1,340,0.08,0.4,,,,0.14,,,,,,,,,,0.1,0.1,,0.1,,
6501416-99,Cruera,,361,1.6,0.3,87.9,6.4,65,37,,42,1.1,1,340,0.08,0.4,,,,0.14,,,,,,,,,,0.1,0.1,,0.1,,
6501502-99,Goma de Mandioca,,336,2,,82,,4,,,,0.16,1.5,,,,,,,,,,,,,,,,,,,,,,
6501505-99,Sagu de Mandioca,,117,4.33,4.1,15.51,0.03,102.17,9.79,0.011,98.87,0.23,100.38,137.7,0.012,0.48,7.16,45.19,45.71,0.046,0.222,0.1,0.046,0.513,10.01,1.005,0.183,,63.11,1.988,1.208,0.346,0.097,13.2,8.6
6501510-99,Farinha de Tapioca,,331,0.5,0.3,81.1,0.6,12,3,,60,0.1,2,48,,,,,,0.03,,,,,,,,,,,,,,,
6501511-99,Farinha Beiju,,331,0.5,0.3,81.1,0.6,12,3,,60,0.1,2,48,,,,,,0.03,,,,,,,,,,,,,,,
6501515-99,Sagu de Tapioca,,117,4.33,4.1,15.51,0.03,102.17,9.79,0.011,98.87,0.23,100.38,137.7,0.012,0.48,7.16,45.19,45.71,0.046,0.222,0.1,0.046,0.513,10.01,1.005,0.183,,63.11,1.988,1.208,0.346,0.097,13.2,8.6
6501516-99,Tapioca de Goma,,336,2,,82,,4,,,,0.16,1.5,,,,,,,,,,,,,,,,,,,,,,
6502001-99,Farinha Lactea,,396.7,12.67,6.33,73.33,2.67,2.93,,,303.33,6,126.67,,,,,443.33,,0.6,0.6,8,0.5,1.2,,5,,29.67,,,,,,,
6502101-99,Neston,,345.8,12.92,,70.8,6.25,508,,,550,12.5,550,,,,,,,1.08,1.16,14.58,1.16,2.17,,4.58,9.17,40.42,,,,,,,
6502102-99,Flocos de Cereais,,365,7.2,1,83.8,4.1,143,11,,101,3.1,655,83,0.06,7.6,,,15,0.76,1.02,11.04,2.25,,,,,,,,,,,,
6502105-99,Vitaflocos,,78.2,2.42,3.06,10.46,0.17,124.57,13.22,0.029,95.38,0.22,319.33,156.85,0.015,0.45,4.03,21.16,30.09,0.068,0.177,0.322,0.043,0.302,11.23,0.508,0.187,0.15,6.02,1.348,0.89,0.555,0.226,7.2,2.08
6502403-1,"Mini Pizza Semipronta, cru(a)",,252.5,10.17,8.22,33.73,1.75,166.42,18.91,0.319,170.57,2.22,444.42,140.69,0.094,1.02,19.27,27.2,33.64,0.367,0.324,2.99,0.071,0.476,106.53,0.033,0.799,1.93,11.04,3.284,2.105,2.329,0.102,1.73,0.58
6502403-2,"Mini Pizza Semipronta, cozido(a)",,252.5,10.17,8.22,33.73,1.75,166.42,18.91,0.319,170.57,2.22,444.42,140.69,0.094,1.02,19.27,27.2,33.64,0.367,0.324,2.99,0.071,0.476,106.53,0.033,0.799,1.93,11.04,3.284,2.105,2.329,0.102,1.73,0.58
6502403-4,"Mini Pizza Semipronta, assado(a)",,252.5,10.17,8.22,33.73,1.75,166.42,18.91,0.319,170.57,2.22,444.42,140.69,0.094,1.02,19.27,27.2,33.64,0.367,0.324,2.99,0.071,0.476,106.53,0.033,0.799,1.93,11.04,3.284,2.105,2.329,0.102,1.73,0.58
6502403-5,"Mini Pizza Semipronta, frito(a)",,252.5,10.17,8.22,33.73,1.75,166.42,18.91,0.319,170.57,2.22,444.42,140.69,0.094,1.02,19.27,27.2,33.64,0.367,0.324,2.99,0.071,0.476,106.53,0.033,0.799,1.93,11.04,3.284,2.105,2.329,0.102,1.73,0.58
6502403-99,Mini Pizza Semipronta,,252.5,10.17,8.22,33.73,1.75,166.42,18.91,0.319,170.57,2.22,444.42,140.69,0.094,1.02,19.27,27.2,33.64,0.367,0.324,2.99,0.071,0.476,106.53,0.033,0.799,1.93,11.04,3.284,2.105,2.329,0.102,1.73,0.58
6502501-99,Fibra de Soja,,70,12,2,74,73,521,234,2,193,40,20,1420,1,5,,,,,,,,,,,0.078,,,0.29,0.44,1.13,,0.21,
6502603-99,Mini Pastel,,319.8,10.38,15.68,33.51,1.45,18.34,16.77,0.31,108.95,2.48,413.19,127.61,0.094,0.93,30.81,19.18,20.35,0.421,0.303,3.33,0.1,0.28,92.2,0.491,1.212,1.19,61.19,3.161,4.244,7.28,0.068,0.36,
6503401-1,"Macarrao, cru(a)",,158,5.8,0.93,30.86,1.8,7,18,0.322,58,1.28,1,44,0.1,0.51,26.4,,,0.274,0.136,1.689,0.049,,123.3,,0.06,,,0.176,0.131,0.319,,0.56,
6503401-2,"Macarrao, cozido(a)",,158,5.8,0.93,30.86,1.8,7,18,0.322,58,1.28,1,44,0.1,0.51,26.4,,,0.274,0.136,1.689,0.049,,123.3,,0.06,,,0.176,0.131,0.319,,0.56,
6503401-3,"Macarrao, grelhado(a)/brasa/churrasco",,158,5.8,0.93,30.86,1.8,7,18,0.322,58,1.28,1,44,0.1,0.51,26.4,,,0.274,0.136,1.689,0.049,,123.3,,0.06,,,0.176,0.131,0.319,,0.56,
6503401-4,"Macarrao, assado(a)",,158,5.8,0.93,30.86,1.8,7,18,0.322,58,1.28,1,44,0.1,0.51,26.4,,,0.274,0.136,1.689,0.049,,123.3,,0.06,,,0.176,0.131,0.319,,0.56,
6503401-5,"Macarrao, frito(a)",,186.7,5.8,4.17,30.86,1.8,7,18,0.322,58,1.28,1,44,0.1,0.51,27.89,,,0.274,0.136,1.689,0.049,,123.3,,0.325,,,0.684,0.87,2.192,0.017,0.56,
6503401-6,"Macarrao, empanado(a)/a milanesa",,186.7,5.8,4.17,30.86,1.8,7,18,0.322,58,1.28,1,44,0.1,0.51,27.89,,,0.274,0.136,1.689,0.049,,123.3,,0.325,,,0.684,0.87,2.192,0.017,0.56,
6503401-7,"Macarrao, refogado(a)",,186.7,5.8,4.17,30.86,1.8,7,18,0.322,58,1.28,1,44,0.1,0.51,27.89,,,0.274,0.136,1.689,0.049,,123.3,,0.325,,,0.684,0.87,2.192,0.017,0.56,
6503401-8,"Macarrao, molho vermelho",,103.7,3.5,1.92,18.27,1.46,12.08,15.05,0.225,43.92,1.04,225.72,145.67,0.095,0.35,13.5,11.37,21.88,0.156,0.087,1.16,0.08,0.003,68.66,0.024,0.433,10.67,3.64,0.971,0.433,0.245,0.056,1.94,
6503401-9,"Macarrao, molho branco",,159,5.42,3.23,26.54,1.48,28.48,16.71,0.268,66.09,1.09,21.72,65.25,0.084,0.5,22.29,20.27,21.08,0.238,0.152,1.447,0.047,0.09,102.24,0.227,0.113,0,6.83,1.673,0.742,0.368,0.097,1.48,
6503401-10,"Macarrao, ao alho e oleo",,186.7,5.8,4.17,30.86,1.8,7,18,0.322,58,1.28,1,44,0.1,0.51,27.89,,,0.274,0.136,1.689,0.049,,123.3,,0.325,,,0.684,0.87,2.192,0.017,0.56,
6503401-11,"Macarrao, com manteiga/oleo",,182.2,5.83,3.67,30.86,1.8,7.81,18.07,0.322,58.81,1.28,20.46,44.81,0.1,0.51,26.43,22.67,23.11,0.274,0.137,1.69,0.049,0.006,123.4,0.047,0.138,,7.26,1.911,0.841,0.422,0.111,0.56,
6503401-12,"Macarrao, ao vinagrete",,158,5.8,0.93,30.86,1.8,7,18,0.322,58,1.28,1,44,0.1,0.51,26.4,,,0.274,0.136,1.689,0.049,,123.3,,0.06,,,0.176,0.131,0.319,,0.56,
6503401-13,"Macarrao, ensopado",,186.7,5.8,4.17,30.86,1.8,7,18,0.322,58,1.28,1,44,0.1,0.51,27.89,,,0.274,0.136,1.689,0.049,,123.3,,0.325,,,0.684,0.87,2.192,0.017,0.56,
6503401-15,"Macarrao, sopa",,158,5.8,0.93,30.86,1.8,7,18,0.322,58,1.28,1,44,0.1,0.51,26.4,,,0.274,0.136,1.689,0.049,,123.3,,0.06,,,0.176,0.131,0.319,,0.56,
6503401-99,Macarrao,,158,5.8,0.93,30.86,1.8,7,18,0.322,58,1.28,1,44,0.1,0.51,26.4,,,0.274,0.136,1.689,0.049,,123.3,,0.06,,,0.176,0.131,0.319,,0.56,
6503501-99,Pure de Batata,,115.2,1.81,4.36,17.76,1.78,18.21,18.34,0.122,43.95,0.27,138.26,298.44,0.146,0.27,0.64,35.45,36.28,0.089,0.034,1.15,0.237,0.047,8.4,0.158,0.171,6.42,11.45,2.712,1.107,0.204,0.171,1.22,
6503601-99,Bife Vegetal,,142.4,18.51,5.32,5.8,0.44,49.84,13.02,0.275,98,2.62,455.73,44.68,0.091,0.41,11.04,,,0.219,0.186,2.91,0.364,4.364,18.55,,0.404,,,0.828,1.158,3.018,0.026,0.22,
6503603-5,"Carne Vegetal, frito(a)",,142.4,18.51,5.32,5.8,0.44,49.84,13.02,0.275,98,2.62,455.73,44.68,0.091,0.41,11.04,,,0.219,0.186,2.91,0.364,4.364,18.55,,0.404,,,0.828,1.158,3.018,0.026,0.22,
6503604-99,Pasta de Soja,,62,6.9,2.7,2.4,0.1,32,27,0.41,90,1.03,36,194,0.203,0.61,9.38,,,0.101,0.041,0.247,0.011,,46,,0.19,,,0.406,0.539,1.485,,1.27,
6503605-99,Carne de Soja,,142.4,18.51,5.32,5.8,0.44,49.84,13.02,0.275,98,2.62,455.73,44.68,0.091,0.41,11.04,,,0.219,0.186,2.91,0.364,4.364,18.55,,0.404,,,0.828,1.158,3.018,0.026,0.22,
6503702-99,Amendoim Moido,,567,25.8,49.24,16.13,8.5,92,168,1.934,376,4.58,18,705,1.144,3.27,7.2,,,0.64,0.135,12.066,0.348,,240,,8.33,,,6.834,24.429,15.559,,4,
6504101-99,Granola,,388,9.5,6.3,73.8,8.5,33.33,317,3.23,337,2.78,50,494,0.407,1.92,17.3,,0.29,0.32,0.55,1.8,0.1,0.29,16,,1.16,0.6,,0.711,3.205,1.656,,26.22,19.32
6504601-99,Musli,,388,9.5,6.3,73.8,8.5,33.33,317,3.23,337,2.78,50,494,0.407,1.92,17.3,,0.29,0.32,0.55,1.8,0.1,0.29,16,,1.16,0.6,,0.711,3.205,1.656,,26.22,19.32
6504701-99,Mix de Cereais,,388,9.5,6.3,73.8,8.5,33.33,317,3.23,337,2.78,50,494,0.407,1.92,17.3,,0.29,0.32,0.55,1.8,0.1,0.29,16,,1.16,0.6,,0.711,3.205,1.656,,26.22,19.32
6504801-99,Miojo,,189.9,5.64,7.18,25.54,1.16,94.04,19.73,0.209,101.26,0.87,429.68,128.16,0.073,0.64,20.21,33.88,33.49,0.203,0.195,1.134,0.058,0.214,81.11,0.373,0.427,0.09,8.28,2.363,1.822,2.485,0.203,4.48,1.73
6504802-99,Macarrao Instantaneo,,189.9,5.64,7.18,25.54,1.16,94.04,19.73,0.209,101.26,0.87,429.68,128.16,0.073,0.64,20.21,33.88,33.49,0.203,0.195,1.134,0.058,0.214,81.11,0.373,0.427,0.09,8.28,2.363,1.822,2.485,0.203,4.48,1.73
6505101-99,Sustagem,,369.2,24.05,0.49,68.02,,538.29,194.44,1.853,463.3,11.11,351.16,1038.55,1.298,7.41,18.95,716.63,716.69,0.74,0.373,12.592,1.018,1.882,394.37,1.528,8.332,37.04,12.33,0.322,0.13,0.021,0.027,57.58,32.26
6505601-99,Proteina de Soja,,142.4,18.51,5.32,5.8,0.44,49.84,13.02,0.275,98,2.62,455.73,44.68,0.091,0.41,11.04,,,0.219,0.186,2.91,0.364,4.364,18.55,,0.404,,,0.828,1.158,3.018,0.026,0.22,
6505603-99,Proteina Vegetal,,142.4,18.51,5.32,5.8,0.44,49.84,13.02,0.275,98,2.62,455.73,44.68,0.091,0.41,11.04,,,0.219,0.186,2.91,0.364,4.364,18.55,,0.404,,,0.828,1.158,3.018,0.026,0.22,
6505701-99,Complemento Alimentar de Qualquer Sabor,,369.2,24.05,0.49,68.02,,538.29,194.44,1.853,463.3,11.11,351.16,1038.55,1.298,7.41,18.95,716.63,716.69,0.74,0.373,12.592,1.018,1.882,394.37,1.528,8.332,37.04,12.33,0.322,0.13,0.021,0.027,57.58,32.26
6505902-99,Sucrilhos de Milho Light,,365,7.2,1,83.8,4.1,143,11,,101,3.1,655,83,0.06,7.6,,,15,0.76,1.02,11.04,2.25,,,,,,,,,,,,
6506003-4,"Mini Pizza Semipronta Light, assado(a)",,255.6,14.6,8.45,29.82,1.74,308.77,24.06,0.288,264.19,2.16,736.75,184.62,0.106,1.59,17.98,51.25,57.59,0.326,0.355,2.566,0.097,0.896,93.33,0.08,0.545,2.17,21.88,5.116,2.355,0.43,0.168,2.19,0.44
6506302-15,"Macarrao Instantaneo Light, sopa",,189.9,5.64,7.18,25.54,1.16,94.04,19.73,0.209,101.26,0.87,429.68,128.16,0.073,0.64,20.21,33.88,33.49,0.203,0.195,1.134,0.058,0.214,81.11,0.373,0.427,0.09,8.28,2.363,1.822,2.485,0.203,4.48,1.73
6506302-99,Macarrao Instantaneo Light,,189.9,5.64,7.18,25.54,1.16,94.04,19.73,0.209,101.26,0.87,429.68,128.16,0.073,0.64,20.21,33.88,33.49,0.203,0.195,1.134,0.058,0.214,81.11,0.373,0.427,0.09,8.28,2.363,1.822,2.485,0.203,4.48,1.73
6506401-99,Proteina de Soja Organica,,142.4,18.51,5.32,5.8,0.44,49.84,13.02,0.275,98,2.62,455.73,44.68,0.091,0.41,11.04,,,0.219,0.186,2.91,0.364,4.364,18.55,,0.404,,,0.828,1.158,3.018,0.026,0.22,
6573225-99,Macarrao com Carne,,120.6,6.22,2.79,17.42,1.25,12.24,15.38,0.21,61.22,1.34,82.21,137.2,0.088,1.05,16.28,,12.71,0.156,0.096,1.614,0.094,0.274,69.11,0.049,0.341,8.94,9.43,0.742,0.827,0.828,0.081,1.4,0.16
6573226-99,Macarrao com Peixe,,163.2,14.98,4.13,15.43,0.9,12.5,38,0.171,173.5,0.81,53,194,0.063,0.57,43.63,6.5,6.5,0.177,0.125,1.934,0.145,1.255,66.15,0.55,0.598,,34,0.724,0.865,2.159,0.015,0.28,
6600101-99,Coco da Bahia (Seco ou Verde),,354,3.33,33.49,15.23,9,14,32,1.5,113,2.43,20,356,0.44,1.1,10.1,,,0.07,0.02,0.54,0.05,,26,,,3.3,,29.7,1.43,0.37,,3.5,
6600301-99,Castanha Portuguesa,,131,2,1.38,27.76,4.14,46,54,0.854,99,1.73,27,715,0.472,0.25,0.64,,,0.148,0.104,0.731,0.233,,38,,0.177,26.7,,0.26,0.476,0.545,,4.15,
6600401-99,Pinhao,,174.4,2.98,0.75,43.92,15.6,15.77,52.97,0.409,165.84,0.76,0.86,727.01,0.183,0.83,,,,,,,,,,,,27.69,,0.3,0.1,0.2,,,
6600501-99,Amendoa,,578,21.26,50.64,19.74,11.8,248,275,2.54,474,4.3,1,728,1.11,3.36,2.8,,0.25,0.24,0.81,3.93,0.13,,29,,25.87,,,3.88,32.16,12.21,,4.8,
6600601-99,Avela,,628,14.95,60.75,16.7,9.7,114,163,6.175,290,4.7,,680,1.725,2.45,2.4,,1.04,0.643,0.113,1.8,0.563,,113,,15.03,6.3,,4.464,45.652,7.92,,4.84,
6600701-99,Castanha do Para,,656,14.32,66.43,12.27,7.5,160,376,1.22,725,2.43,3,659,1.74,4.06,1917,,,0.62,0.04,0.3,0.1,,22,,5.73,0.7,,15.14,24.55,20.58,,2.33,
6600801-99,Castanha de Caju,,574,15.31,46.35,32.69,3,45,260,0.83,490,6,16,565,2.22,5.6,11.7,,,0.2,0.2,1.4,0.26,,69,,0.92,,,9.16,27.32,7.84,,6.2,
6600912-99,Butia,,105,1.9,2,22.8,7.4,20,,,36,2.2,,,,,,30,,0.04,0.04,0.5,,,,,,33,,,,,,,
6601108-99,Tucuma,,474,5.5,47.2,6.8,19.2,,,,,,,,,,,5170,,,,,,,,,,,,,,,,,
6601208-99,Coco Mucaja,,404.3,2.08,40.66,13.95,13.44,66.53,66.05,0.075,43.87,0.81,0.65,305.81,0.353,0.66,,,510,0.113,0.113,,0.03,,,,,13.44,,7.1,25.3,6.5,,,
6601501-99,Noz (Nogueira),,654,15.23,65.21,13.71,6.7,98,158,3.41,346,2.91,2,441,1.59,3.09,4.9,,1,0.34,0.15,1.13,0.54,,98,,0.7,1.3,,6.13,8.93,47.17,,2.6,
6601706-99,Acai,,262,3.6,2,57.4,5.92,118,,,58,1.09,,,,,,11.8,,0.36,0.01,0.4,,,,,,9,,,,,,,
6601707-99,Jucara,,262,3.6,2,57.4,5.92,118,,,58,1.09,,,,,,11.8,,0.36,0.01,0.4,,,,,,9,,,,,,,
6601709-99,Uacai,,262,3.6,2,57.4,5.92,118,,,58,1.09,,,,,,11.8,,0.36,0.01,0.4,,,,,,9,,,,,,,
6601712-99,Jussara,,262,3.6,2,57.4,5.92,118,,,58,1.09,,,,,,11.8,,0.36,0.01,0.4,,,,,,9,,,,,,,
6601805-99,Pupunha,,28,2.52,0.62,4.62,2.4,58,38,1.39,65,3.13,426,177,0.13,1.15,0.7,,,0.01,0.06,0.44,0.02,,39,,0.5,7.9,,0.13,0.1,0.2,,,
6601902-99,Bacaba,,212,3.12,19.8,6.6,,,,,,,,,,,,,,,,,,,,,,,,,,,,,
6601904-99,Bacabucu,,212,3.12,19.8,6.6,,,,,,,,,,,,,,,,,,,,,,,,,,,,,
6602001-99,Castanha da India,,656,14.32,66.43,12.27,7.5,160,376,1.22,725,2.43,3,659,1.74,4.06,1917,,,0.62,0.04,0.3,0.1,,22,,5.73,0.7,,15.14,24.55,20.58,,2.33,
6602201-99,Pistache,,557,20.61,44.44,27.97,10.3,107,121,1.2,490,4.15,1,1025,1.3,2.2,7,,27.67,0.87,0.16,1.3,1.7,,51,,2.3,5,,5.44,23.319,13.455,,7.64,
6602301-99,Buriti,,145,1.8,8.1,10.2,9.6,156,,,54,5,,,,,,4104,,0.03,0.23,0.7,,,,,,26,,,,,,,
6602401-99,Coco,,354,3.33,33.49,15.23,9,14,32,1.5,113,2.43,20,356,0.44,1.1,10.1,,,0.07,0.02,0.54,0.05,,26,,,3.3,,29.7,1.43,0.37,,3.5,
6602601-99,Pataua,,105,1.9,2,22.8,7.4,20,,,36,2.2,,,,,,30,,0.04,0.04,0.5,,,,,,33,,,,,,,
6700101-99,Alface,,15,1.36,0.15,2.79,1.3,36,13,0.25,29,0.86,28,194,0.03,0.18,0.6,,370.25,0.07,0.08,0.38,0.09,,38,,0.31,18,,0.02,0.01,0.08,,0.79,
6700201-7,"Bertalha, refogado(a)",,45.3,2.97,2.78,3.75,2.4,136,87,0.94,56,3.57,70,466,0.17,0.76,2.66,,524,0.1,0.24,0.49,0.24,,146,,2.31,9.8,,0.41,0.59,1.57,,0.89,
6700301-1,"Chicoria, cru(a)",,17,1.25,0.2,3.35,3.1,52,15,0.42,28,0.83,22,314,0.1,0.79,0.2,,108.33,0.08,0.08,0.4,0.02,,142,,0.44,6.5,,0.05,,0.09,,0.5,
6700301-2,"Chicoria, cozido(a)",,58.9,1.9,3.89,5.63,2,72,18,0.416,28,0.9,23,228,0.156,0.24,2.5,,681.08,0.053,0.07,0.5,0.138,,13,,1.136,41,,0.599,0.826,2.21,0.019,0.9,
6700301-7,"Chicoria, refogado(a)",,58.9,1.9,3.89,5.63,2,72,18,0.416,28,0.9,23,228,0.156,0.24,2.5,,681.08,0.053,0.07,0.5,0.138,,13,,1.136,41,,0.599,0.826,2.21,0.019,0.9,
6700301-12,"Chicoria, ao vinagrete",,58.9,1.9,3.89,5.63,2,72,18,0.416,28,0.9,23,228,0.156,0.24,2.5,,681.08,0.053,0.07,0.5,0.138,,13,,1.136,41,,0.599,0.826,2.21,0.019,0.9,
6700304-99,Escarola,,52.9,1.61,3.75,4.31,3.99,64,18,0.55,32,1.02,29,364,0.12,0.97,1.86,,80,0.09,0.09,0.46,0.02,,119,,0.97,5.02,,0.56,0.81,2.13,,0.65,
6700501-1,"Couve, cru(a)",,30,2.45,0.42,5.69,3.6,145,9,0.28,10,0.19,20,169,0.04,0.13,1.3,,333.42,0.05,0.13,0.74,0.17,,166,,2.26,35.3,,0.06,0.03,0.2,,1.63,
6700501-2,"Couve, cozido(a)",,26,2.11,0.36,4.91,2.8,140,20,0.44,30,1.16,16,116,0.04,0.23,0.5,,405.75,0.04,0.11,0.58,0.13,,93,,0.88,18.2,,0.05,0.03,0.17,,1.41,
6700501-5,"Couve, frito(a)",,47.1,2.11,2.75,4.91,2.8,140,20,0.44,30,1.16,16,116,0.04,0.23,1.6,,405.75,0.04,0.11,0.58,0.13,,93,,1.1,18.2,,0.39,0.58,1.56,,1.41,
6700501-7,"Couve, refogado(a)",,47.1,2.11,2.75,4.91,2.8,140,20,0.44,30,1.16,16,116,0.04,0.23,1.6,,405.75,0.04,0.11,0.58,0.13,,93,,1.1,18.2,,0.39,0.58,1.56,,1.41,
6700501-8,"Couve, molho vermelho",,25.6,1.95,0.32,5,2.54,114.6,19.2,0.37,29.2,1.13,117.6,159,0.054,0.22,0.44,,328.08,0.037,0.098,0.655,0.122,,76.6,,0.988,15.96,,0.043,0.026,0.153,,1.98,
6700501-10,"Couve, ao alho e oleo",,47.1,2.11,2.75,4.91,2.8,140,20,0.44,30,1.16,16,116,0.04,0.23,1.6,,405.75,0.04,0.11,0.58,0.13,,93,,1.1,18.2,,0.39,0.58,1.56,,1.41,
6700501-11,"Couve, com manteiga/oleo",,43.8,2.13,2.38,4.91,2.8,140.6,20.05,0.436,30.6,1.16,30.34,116.6,0.038,0.23,0.53,16.7,422.78,0.04,0.107,0.576,0.128,0.004,93.08,0.035,0.938,18.2,5.35,1.326,0.549,0.249,0.082,1.41,
6700501-12,"Couve, ao vinagrete",,26,2.11,0.36,4.91,2.8,140,20,0.44,30,1.16,16,116,0.04,0.23,0.5,,405.75,0.04,0.11,0.58,0.13,,93,,0.88,18.2,,0.05,0.03,0.17,,1.41,
6700501-13,"Couve, ensopado",,47.1,2.11,2.75,4.91,2.8,140,20,0.44,30,1.16,16,116,0.04,0.23,1.6,,405.75,0.04,0.11,0.58,0.13,,93,,1.1,18.2,,0.39,0.58,1.56,,1.41,
6700501-14,"Couve, mingau",,26,2.11,0.36,4.91,2.8,140,20,0.44,30,1.16,16,116,0.04,0.23,0.5,,405.75,0.04,0.11,0.58,0.13,,93,,0.88,18.2,,0.05,0.03,0.17,,1.41,
6700501-99,Couve,,26,2.11,0.36,4.91,2.8,140,20,0.44,30,1.16,16,116,0.04,0.23,0.5,,405.75,0.04,0.11,0.58,0.13,,93,,0.88,18.2,,0.05,0.03,0.17,,1.41,
6700601-1,"Couve Flor, cru(a)",,23,1.84,0.45,4.11,2.3,16,9,0.13,32,0.32,15,142,0.02,0.17,0.6,,0.58,0.04,0.05,0.41,0.17,,44,,0.07,44.3,,0.07,0.03,0.22,,1.8,
6700601-2,"Couve Flor, cozido(a)",,23,1.84,0.45,4.11,2.3,16,9,0.13,32,0.32,15,142,0.02,0.17,0.6,,0.58,0.04,0.05,0.41,0.17,,44,,0.07,44.3,,0.07,0.03,0.22,,1.8,
6700601-5,"Couve Flor, frito(a)",,55.4,1.84,4.11,4.11,2.3,16,9,0.13,32,0.32,15,142,0.02,0.17,2.28,,0.58,0.04,0.05,0.41,0.17,,44,,0.41,44.3,,0.6,0.89,2.34,,1.8,
6700601-6,"Couve Flor, empanado(a)/a milanesa",,137.4,4.17,9.21,10.31,2.08,35.86,11.92,0.19,60.14,0.86,99.57,135.48,0.04,0.39,9.94,20.36,20.94,0.14,0.14,0.97,0.15,0.17,53.01,0.16,0.83,31.32,51.39,1.59,2.27,4.63,0.01,2.04,1.23
6700601-7,"Couve Flor, refogado(a)",,55.4,1.84,4.11,4.11,2.3,16,9,0.13,32,0.32,15,142,0.02,0.17,2.28,,0.58,0.04,0.05,0.41,0.17,,44,,0.41,44.3,,0.6,0.89,2.34,,1.8,
6700601-12,"Couve Flor, ao vinagrete",,23,1.84,0.45,4.11,2.3,16,9,0.13,32,0.32,15,142,0.02,0.17,0.6,,0.58,0.04,0.05,0.41,0.17,,44,,0.07,44.3,,0.07,0.03,0.22,,1.8,
6700601-99,Couve Flor,,23,1.84,0.45,4.11,2.3,16,9,0.13,32,0.32,15,142,0.02,0.17,0.6,,0.58,0.04,0.05,0.41,0.17,,44,,0.07,44.3,,0.07,0.03,0.22,,1.8,
6700701-1,"Espinafre, cru(a)",,23,2.97,0.26,3.75,2.4,136,87,0.94,56,3.57,70,466,0.17,0.76,1.5,,524,0.1,0.24,0.49,0.24,,146,,2.08,9.8,,0.04,0.01,0.11,,0.89,
6700701-2,"Espinafre, cozido(a)",,23,2.97,0.26,3.75,2.4,136,87,0.94,56,3.57,70,466,0.17,0.76,1.5,,524,0.1,0.24,0.49,0.24,,146,,2.08,9.8,,0.04,0.01,0.11,,0.89,
6700701-7,"Espinafre, refogado(a)",,45.3,2.97,2.78,3.75,2.4,136,87,0.94,56,3.57,70,466,0.17,0.76,2.66,,524,0.1,0.24,0.49,0.24,,146,,2.31,9.8,,0.41,0.59,1.57,,0.89,
6700701-12,"Espinafre, ao vinagrete",,23,2.97,0.26,3.75,2.4,136,87,0.94,56,3.57,70,466,0.17,0.76,1.5,,524,0.1,0.24,0.49,0.24,,146,,2.08,9.8,,0.04,0.01,0.11,,0.89,
6700701-99,Espinafre,,23,2.97,0.26,3.75,2.4,136,87,0.94,56,3.57,70,466,0.17,0.76,1.5,,524,0.1,0.24,0.49,0.24,,146,,2.08,9.8,,0.04,0.01,0.11,,0.89,
6700801-1,"Mostarda (Verdura), cru(a)",,26,2.7,0.2,4.9,3.3,103,32,0.48,43,1.46,25,354,0.15,0.2,0.9,,525,0.08,0.11,0.8,0.18,,187,,2.01,70,,0.01,0.09,0.04,,0.7,
6700801-2,"Mostarda (Verdura), cozido(a)",,15,2.26,0.24,2.1,2,74,15,0.27,41,0.7,16,202,0.08,0.11,0.6,,316.17,0.04,0.06,0.43,0.1,,73,,1.21,25.3,,0.01,0.11,0.05,,0.5,
6700801-7,"Mostarda (Verdura), refogado(a)",,43.7,2.26,3.48,2.1,2,74,15,0.27,41,0.7,16,202,0.08,0.11,2.09,,316.17,0.04,0.06,0.43,0.1,,73,,1.51,25.3,,0.48,0.87,1.92,,0.5,
6700801-99,Mostarda (Verdura),,15,2.26,0.24,2.1,2,74,15,0.27,41,0.7,16,202,0.08,0.11,0.6,,316.17,0.04,0.06,0.43,0.1,,73,,1.21,25.3,,0.01,0.11,0.05,,0.5,
6700901-1,"Repolho, cru(a)",,25,1.28,0.1,5.8,2.24,40,12,0.16,26,0.47,18,170,0.02,0.18,0.3,,4.88,0.06,0.04,0.23,0.12,,43,,0.15,36.6,,0.03,0.02,0.02,,3.21,
6700901-2,"Repolho, cozido(a)",,23,1.27,0.06,5.51,1.9,48,15,0.205,33,0.17,8,196,0.017,0.2,0.6,,4,0.061,0.038,0.248,0.112,,30,,0.14,37.5,,,0.019,0.023,,2.78,
6700901-5,"Repolho, frito(a)",,49.8,1.27,3.09,5.51,1.9,48,15,0.205,33,0.17,8,196,0.017,0.2,1.99,,4,0.061,0.038,0.248,0.112,,30,,0.388,37.5,,0.474,0.709,1.771,0.016,2.78,
6700901-7,"Repolho, refogado(a)",,49.8,1.27,3.09,5.51,1.9,48,15,0.205,33,0.17,8,196,0.017,0.2,1.99,,4,0.061,0.038,0.248,0.112,,30,,0.388,37.5,,0.474,0.709,1.771,0.016,2.78,
6700901-9,"Repolho, molho branco",,23,1.27,0.06,5.51,1.9,48,15,0.205,33,0.17,8,196,0.017,0.2,0.6,,4,0.061,0.038,0.248,0.112,,30,,0.14,37.5,,,0.019,0.023,,2.78,
6700901-10,"Repolho, ao alho e oleo",,49.8,1.27,3.09,5.51,1.9,48,15,0.205,33,0.17,8,196,0.017,0.2,1.99,,4,0.061,0.038,0.248,0.112,,30,,0.388,37.5,,0.474,0.709,1.771,0.016,2.78,
6700901-12,"Repolho, ao vinagrete",,23,1.27,0.06,5.51,1.9,48,15,0.205,33,0.17,8,196,0.017,0.2,0.6,,4,0.061,0.038,0.248,0.112,,30,,0.14,37.5,,,0.019,0.023,,2.78,
6700901-13,"Repolho, ensopado",,49.8,1.27,3.09,5.51,1.9,48,15,0.205,33,0.17,8,196,0.017,0.2,1.99,,4,0.061,0.038,0.248,0.112,,30,,0.388,37.5,,0.474,0.709,1.771,0.016,2.78,
6700901-15,"Repolho, sopa",,31.4,0.95,0.12,7.01,0.71,8.55,6.35,0.068,15.76,0.28,310.43,88.31,0.039,0.12,1.34,,33.48,0.03,0.026,0.505,0.04,0.015,9.28,,0.204,2.1,,0.039,0.027,0.032,0.002,3.27,2.52
6700901-99,Repolho,,23,1.27,0.06,5.51,1.9,48,15,0.205,33,0.17,8,196,0.017,0.2,0.6,,4,0.061,0.038,0.248,0.112,,30,,0.14,37.5,,,0.019,0.023,,2.78,
6701101-99,Cebolinha,,25,1.8,0.1,5.65,3.5,61,20,0.13,33,1.92,4,260,0.06,0.45,0.5,,200,0.07,0.14,0.2,0.06,,14,,0.21,45.6,,0.02,0.01,0.04,,2.09,
6701301-1,"Agriao, cru(a)",,25,2.58,0.66,3.65,1.6,160,47,0.32,52,1.46,27,369,0.08,0.47,0.3,,118.67,0.04,0.09,0.31,0.07,,97,,0.43,15,,0.09,0.05,0.32,,1.6,
6701301-2,"Agriao, cozido(a)",,11,2.3,0.1,1.29,0.5,120.17,21.01,0.245,60,0.2,316.36,330.06,0.077,0.11,0.9,,159.5,0.09,0.12,0.2,0.129,,9,,1,30,,0.027,0.008,0.035,,0.7,
6701301-12,"Agriao, ao vinagrete",,11,2.3,0.1,1.29,0.5,120.17,21.01,0.245,60,0.2,316.36,330.06,0.077,0.11,0.9,,159.5,0.09,0.12,0.2,0.129,,9,,1,30,,0.027,0.008,0.035,,0.7,
6701301-13,"Agriao, ensopado",,35.8,2.33,2.9,1.29,0.5,120.83,21.07,0.244,60.83,0.2,60.88,330.83,0.077,0.11,0.94,23.16,183.12,0.09,0.121,0.201,0.129,0.006,9.1,0.048,1.08,30,7.42,1.8,0.734,0.14,0.113,0.7,
6701301-99,Agriao,,25,2.58,0.66,3.65,1.6,160,47,0.32,52,1.46,27,369,0.08,0.47,0.3,,118.67,0.04,0.09,0.31,0.07,,97,,0.43,15,,0.09,0.05,0.32,,1.6,
6701401-1,"Taioba, cru(a)",,34,2.9,0.9,5.4,4.5,141,38,0.66,53,1.9,1,290,0.16,0.6,,,580,,0.1,,0.1,,,,,17.9,,0.2,0.1,0.4,,,
6701401-2,"Taioba, cozido(a)",,26,2.11,0.36,4.91,2.8,140,20,0.44,30,1.16,16,116,0.04,0.23,0.5,,405.75,0.04,0.11,0.58,0.13,,93,,0.88,18.2,,0.05,0.03,0.17,,1.41,
6701401-7,"Taioba, refogado(a)",,47.1,2.11,2.75,4.91,2.8,140,20,0.44,30,1.16,16,116,0.04,0.23,1.6,,405.75,0.04,0.11,0.58,0.13,,93,,1.1,18.2,,0.39,0.58,1.56,,1.41,
6701501-1,"Acelga, cru(a)",,19,1.8,0.2,3.74,1.6,51,81,0.37,46,1.8,213,379,0.18,0.36,0.9,,305.79,0.04,0.09,0.4,0.1,,14,,1.89,30,,0.03,0.04,0.07,,0.6,
6701501-2,"Acelga, cozido(a)",,14,1.5,0.17,2.41,1.7,32,10,0.153,39,0.3,9,225,0.029,0.18,0.4,,13.46,0.044,0.044,0.5,0.177,,53,,0.12,15.8,,0.036,0.02,0.061,,0.67,
6701501-7,"Acelga, refogado(a)",,47.7,1.5,3.99,2.41,1.7,32,10,0.153,39,0.3,9,225,0.029,0.18,2.15,,13.46,0.044,0.044,0.5,0.177,,53,,0.432,15.8,,0.633,0.89,2.265,0.02,0.67,
6701501-99,Acelga,,19,1.8,0.2,3.74,1.6,51,81,0.37,46,1.8,213,379,0.18,0.36,0.9,,305.79,0.04,0.09,0.4,0.1,,14,,1.89,30,,0.03,0.04,0.07,,0.6,
6701505-2,"Beterraba Branca (Acelga), cozido(a)",,14,1.5,0.17,2.41,1.7,32,10,0.153,39,0.3,9,225,0.029,0.18,0.4,,13.46,0.044,0.044,0.5,0.177,,53,,0.12,15.8,,0.036,0.02,0.061,,0.67,
6701601-1,"Almeirao, cru(a)",,17,1.25,0.2,3.35,3.1,52,15,0.42,28,0.83,22,314,0.1,0.79,0.2,,108.33,0.08,0.08,0.4,0.02,,142,,0.44,6.5,,0.05,,0.09,,0.5,
6701601-2,"Almeirao, cozido(a)",,22,1.61,0.26,4.31,3.99,64,18,0.55,32,1.02,29,364,0.12,0.97,0.26,,80,0.09,0.09,0.46,0.02,,119,,0.65,5.02,,0.06,,0.11,,0.65,
6701601-7,"Almeirao, refogado(a)",,52.9,1.61,3.75,4.31,3.99,64,18,0.55,32,1.02,29,364,0.12,0.97,1.86,,80,0.09,0.09,0.46,0.02,,119,,0.97,5.02,,0.56,0.81,2.13,,0.65,
6701601-12,"Almeirao, ao vinagrete",,22,1.61,0.26,4.31,3.99,64,18,0.55,32,1.02,29,364,0.12,0.97,0.26,,80,0.09,0.09,0.46,0.02,,119,,0.65,5.02,,0.06,,0.11,,0.65,
6701602-1,"Radite, cru(a)",,17,1.25,0.2,3.35,3.1,52,15,0.42,28,0.83,22,314,0.1,0.79,0.2,,108.33,0.08,0.08,0.4,0.02,,142,,0.44,6.5,,0.05,,0.09,,0.5,
6701602-7,"Radite, refogado(a)",,52.9,1.61,3.75,4.31,3.99,64,18,0.55,32,1.02,29,364,0.12,0.97,1.86,,80,0.09,0.09,0.46,0.02,,119,,0.97,5.02,,0.56,0.81,2.13,,0.65,
6701602-12,"Radite, ao vinagrete",,22,1.61,0.26,4.31,3.99,64,18,0.55,32,1.02,29,364,0.12,0.97,0.26,,80,0.09,0.09,0.46,0.02,,119,,0.65,5.02,,0.06,,0.11,,0.65,
6701704-1,"Brocolis, cru(a)",,34,2.82,0.37,6.64,2.6,47,21,0.21,66,0.73,33,316,0.049,0.41,2.5,,31.17,0.071,0.117,0.639,0.175,,63,,1.44,89.2,,0.039,0.011,0.038,,1.69,
6701704-2,"Brocolis, cozido(a)",,35,2.38,0.41,7.18,3.3,40,21,0.19,67,0.67,41,293,0.06,0.45,1.6,,77.42,0.06,0.12,0.55,0.2,,108,,2.02,64.9,,0.08,0.04,0.17,,1.31,
6701704-6,"Brocolis, empanado(a)/a milanesa",,181.2,4.18,11.48,15.43,2.06,29.41,16.96,0.22,73,1.23,243.98,194.28,0.05,0.47,13.96,19.76,57.72,0.16,0.2,1.18,0.13,0.13,88.12,0.15,2.03,31.69,49.88,1.87,2.82,6.03,,1.21,
6701704-7,"Brocolis, refogado(a)",,60.7,2.38,3.32,7.18,3.3,40,21,0.19,67,0.67,41,293,0.06,0.45,2.93,,77.42,0.06,0.12,0.55,0.2,,108,,2.29,64.9,,0.5,0.72,1.86,,1.31,
6701704-10,"Brocolis, ao alho e oleo",,60.7,2.38,3.32,7.18,3.3,40,21,0.19,67,0.67,41,293,0.06,0.45,2.93,,77.42,0.06,0.12,0.55,0.2,,108,,2.29,64.9,,0.5,0.72,1.86,,1.31,
6701704-12,"Brocolis, ao vinagrete",,35,2.38,0.41,7.18,3.3,40,21,0.19,67,0.67,41,293,0.06,0.45,1.6,,77.42,0.06,0.12,0.55,0.2,,108,,2.02,64.9,,0.08,0.04,0.17,,1.31,
6701704-99,Brocolis,,35,2.38,0.41,7.18,3.3,40,21,0.19,67,0.67,41,293,0.06,0.45,1.6,,77.42,0.06,0.12,0.55,0.2,,108,,2.02,64.9,,0.08,0.04,0.17,,1.31,
6701801-1,"Serralha, cru(a)",,23,2.97,0.26,3.75,2.4,136,87,0.94,56,3.57,70,466,0.17,0.76,1.5,,524,0.1,0.24,0.49,0.24,,146,,2.08,9.8,,0.04,0.01,0.11,,0.89,
6701801-2,"Serralha, cozido(a)",,23,2.97,0.26,3.75,2.4,136,87,0.94,56,3.57,70,466,0.17,0.76,1.5,,524,0.1,0.24,0.49,0.24,,146,,2.08,9.8,,0.04,0.01,0.11,,0.89,
6701801-7,"Serralha, refogado(a)",,45.3,2.97,2.78,3.75,2.4,136,87,0.94,56,3.57,70,466,0.17,0.76,2.66,,524,0.1,0.24,0.49,0.24,,146,,2.31,9.8,,0.41,0.59,1.57,,0.89,
6701901-2,"Caruru, cozido(a)",,26,2.11,0.36,4.91,2.8,140,20,0.44,30,1.16,16,116,0.04,0.23,0.5,,405.75,0.04,0.11,0.58,0.13,,93,,0.88,18.2,,0.05,0.03,0.17,,1.41,
6701906-99,Cuxa,,26,2.11,0.36,4.91,2.8,140,20,0.44,30,1.16,16,116,0.04,0.23,0.5,,405.75,0.04,0.11,0.58,0.13,,93,,0.88,18.2,,0.05,0.03,0.17,,1.41,
6701907-99,Vinagreira,,26,2.11,0.36,4.91,2.8,140,20,0.44,30,1.16,16,116,0.04,0.23,0.5,,405.75,0.04,0.11,0.58,0.13,,93,,0.88,18.2,,0.05,0.03,0.17,,1.41,
6701913-99,Cariru,,26,2.11,0.36,4.91,2.8,140,20,0.44,30,1.16,16,116,0.04,0.23,0.5,,405.75,0.04,0.11,0.58,0.13,,93,,0.88,18.2,,0.05,0.03,0.17,,1.41,
6702001-99,Rucula,,25,2.58,0.66,3.65,1.6,160,47,0.321,52,1.46,27,369,0.076,0.47,0.3,,118.67,0.044,0.086,0.305,0.073,,97,,0.43,15,,0.086,0.049,0.319,,1.6,
6702105-99,Jambu,,32,1.9,0.3,7.2,1.3,162,,,41,4,,,,,,392,,0.03,0.21,1,,,,,,20,,,,,,,
6702201-1,"Lingua de Vaca (Verdura), cru(a)",,30,2.45,0.42,5.69,3.6,145,9,0.28,10,0.19,20,169,0.04,0.13,1.3,,333.42,0.05,0.13,0.74,0.17,,166,,2.26,35.3,,0.06,0.03,0.2,,1.63,
6702301-99,Alcachofra,,53,2.89,0.34,11.95,8.6,21,42,0.225,73,0.61,60,286,0.127,0.4,0.2,,0.67,0.05,0.089,1.11,0.081,,89,,0.19,7.4,,0.081,0.011,0.143,,0.99,
6702501-99,Bredo,,26,2.11,0.36,4.91,2.8,140,20,0.44,30,1.16,16,116,0.04,0.23,0.5,,405.75,0.04,0.11,0.58,0.13,,93,,0.88,18.2,,0.05,0.03,0.17,,1.41,
6702604-7,"Salsao (Aipo), refogado(a)",,18,0.83,0.16,4,1.6,42,12,0.106,25,0.42,91,284,0.036,0.14,1,,26.08,0.043,0.047,0.319,0.086,,22,,0.35,6.1,,0.04,0.03,0.075,,2.36,
6702801-99,Erva Doce,,31,1.24,0.2,7.29,3.1,49,17,0.191,50,0.73,52,414,0.066,0.2,0.7,,6.67,0.01,0.032,0.64,0.047,,27,,0.02,12,,,,,,1.7,
6703003-1,"Folha de Aipim, cru(a)",,30,2.45,0.42,5.69,3.6,145,9,0.28,10,0.19,20,169,0.04,0.13,1.3,,333.42,0.05,0.13,0.74,0.17,,166,,2.26,35.3,,0.06,0.03,0.2,,1.63,
6703004-2,"Folha de Macaxeira, cozido(a)",,26,2.11,0.36,4.91,2.8,140,20,0.44,30,1.16,16,116,0.04,0.23,0.5,,405.75,0.04,0.11,0.58,0.13,,93,,0.88,18.2,,0.05,0.03,0.17,,1.41,
6703101-1,"Broto de Feijao, cru(a)",,30,3.04,0.18,5.94,1.8,13,21,0.188,54,0.91,6,149,0.164,0.41,0.6,2,1,0.084,0.124,0.749,0.088,,61,,0.1,13.2,,0.046,0.022,0.058,,2.1,
6703101-2,"Broto de Feijao, cozido(a)",,53.4,2.03,3.75,4.19,0.8,12,14,0.14,28,0.65,10,101,0.122,0.47,2.28,,0.67,0.05,0.102,0.817,0.054,,29,,0.37,11.4,,0.598,0.846,2.147,0.02,1.4,
6703306-2,"Moranga, cozido(a)",,20,0.72,0.07,4.9,1.1,15,9,0.09,30,0.57,1,230,0.09,0.23,0.2,,249.58,0.03,0.08,0.41,0.04,,9,,0.8,4.7,,0.04,0.01,,,3.3,
6703306-7,"Moranga, refogado(a)",,36.4,0.72,1.92,4.9,1.1,15,9,0.09,30,0.57,1,230,0.09,0.23,1.05,,249.58,0.03,0.08,0.41,0.04,,9,,0.97,4.7,,0.3,0.44,1.08,,3.3,
6703306-13,"Moranga, ensopado",,36.4,0.72,1.92,4.9,1.1,15,9,0.09,30,0.57,1,230,0.09,0.23,1.05,,249.58,0.03,0.08,0.41,0.04,,9,,0.97,4.7,,0.3,0.44,1.08,,3.3,
6703306-99,Moranga,,20,0.72,0.07,4.9,1.1,15,9,0.09,30,0.57,1,230,0.09,0.23,0.2,,249.58,0.03,0.08,0.41,0.04,,9,,0.8,4.7,,0.04,0.01,,,3.3,
6703701-1,"Abobrinha, cru(a)",,16,1.21,0.18,3.35,1.1,15,17,0.18,38,0.35,2,262,0.05,0.29,0.2,,10,0.05,0.14,0.49,0.22,,29,,0.12,17,,0.04,0.02,0.09,,1.73,
6703701-2,"Abobrinha, cozido(a)",,20,0.91,0.31,4.31,1.4,27,24,0.21,39,0.36,1,192,0.1,0.39,0.2,,10.58,0.04,0.04,0.51,0.07,,20,,0.14,5.5,,0.06,0.02,0.13,,1.66,
6703701-3,"Abobrinha, grelhado(a)/brasa/churrasco",,20,0.91,0.31,4.31,1.4,27,24,0.21,39,0.36,1,192,0.1,0.39,0.2,,10.58,0.04,0.04,0.51,0.07,,20,,0.14,5.5,,0.06,0.02,0.13,,1.66,
6703701-4,"Abobrinha, assado(a)",,20,0.91,0.31,4.31,1.4,27,24,0.21,39,0.36,1,192,0.1,0.39,0.2,,10.58,0.04,0.04,0.51,0.07,,20,,0.14,5.5,,0.06,0.02,0.13,,1.66,
6703701-5,"Abobrinha, frito(a)",,42.3,0.91,2.83,4.31,1.4,27,24,0.21,39,0.36,1,192,0.1,0.39,1.36,,10.58,0.04,0.04,0.51,0.07,,20,,0.37,5.5,,0.43,0.61,1.59,,1.66,
6703701-6,"Abobrinha, empanado(a)/a milanesa",,160.7,4.35,8.92,16.01,1.56,43.61,21.73,0.21,78.48,1.22,93.58,212.17,0.09,0.47,12.41,23.07,10.58,0.19,0.18,1.39,0.08,0.21,20,0.24,0.8,2.84,52.96,1.67,2.24,4.32,0.02,1.66,
6703701-7,"Abobrinha, refogado(a)",,42.3,0.91,2.83,4.31,1.4,27,24,0.21,39,0.36,1,192,0.1,0.39,1.36,,10.58,0.04,0.04,0.51,0.07,,20,,0.37,5.5,,0.43,0.61,1.59,,1.66,
6703701-13,"Abobrinha, ensopado",,42.3,0.91,2.83,4.31,1.4,27,24,0.21,39,0.36,1,192,0.1,0.39,1.36,,10.58,0.04,0.04,0.51,0.07,,20,,0.37,5.5,,0.43,0.61,1.59,,1.66,
6703805-1,"Jerimum, cru(a)",,20,0.72,0.07,4.9,1.1,15,9,0.09,30,0.57,1,230,0.09,0.23,0.2,,249.58,0.03,0.08,0.41,0.04,,9,,0.8,4.7,,0.04,0.01,,,3.3,
6703805-2,"Jerimum, cozido(a)",,20,0.72,0.07,4.9,1.1,15,9,0.09,30,0.57,1,230,0.09,0.23,0.2,,249.58,0.03,0.08,0.41,0.04,,9,,0.8,4.7,,0.04,0.01,,,3.3,
6703901-1,"Abobora, cru(a)",,20,0.72,0.07,4.9,1.1,15,9,0.09,30,0.57,1,230,0.09,0.23,0.2,,249.58,0.03,0.08,0.41,0.04,,9,,0.8,4.7,,0.04,0.01,,,3.3,
6703901-2,"Abobora, cozido(a)",,20,0.72,0.07,4.9,1.1,15,9,0.09,30,0.57,1,230,0.09,0.23,0.2,,249.58,0.03,0.08,0.41,0.04,,9,,0.8,4.7,,0.04,0.01,,,3.3,
6703901-4,"Abobora, assado(a)",,20,0.72,0.07,4.9,1.1,15,9,0.09,30,0.57,1,230,0.09,0.23,0.2,,249.58,0.03,0.08,0.41,0.04,,9,,0.8,4.7,,0.04,0.01,,,3.3,
6703901-5,"Abobora, frito(a)",,36.4,0.72,1.92,4.9,1.1,15,9,0.09,30,0.57,1,230,0.09,0.23,1.05,,249.58,0.03,0.08,0.41,0.04,,9,,0.97,4.7,,0.3,0.44,1.08,,3.3,
6703901-7,"Abobora, refogado(a)",,36.4,0.72,1.92,4.9,1.1,15,9,0.09,30,0.57,1,230,0.09,0.23,1.05,,249.58,0.03,0.08,0.41,0.04,,9,,0.97,4.7,,0.3,0.44,1.08,,3.3,
6703901-8,"Abobora, molho vermelho",,20.8,0.84,0.09,5,1.18,14.6,10.4,0.093,29.2,0.66,105.6,250.2,0.096,0.22,0.2,,203.15,0.03,0.076,0.525,0.055,,9.4,,0.924,5.16,,0.035,0.013,0.018,,3.49,
6703901-13,"Abobora, ensopado",,36.4,0.72,1.92,4.9,1.1,15,9,0.09,30,0.57,1,230,0.09,0.23,1.05,,249.58,0.03,0.08,0.41,0.04,,9,,0.97,4.7,,0.3,0.44,1.08,,3.3,
6703901-15,"Abobora, sopa",,31.4,0.95,0.12,7.01,0.71,8.55,6.35,0.068,15.76,0.28,310.43,88.31,0.039,0.12,1.34,,33.48,0.03,0.026,0.505,0.04,0.015,9.28,,0.204,2.1,,0.039,0.027,0.032,0.002,3.27,2.52
6703901-99,Abobora,,20,0.72,0.07,4.9,1.1,15,9,0.09,30,0.57,1,230,0.09,0.23,0.2,,249.58,0.03,0.08,0.41,0.04,,9,,0.8,4.7,,0.04,0.01,,,3.3,
6704001-99,Pepino,,15,0.65,0.11,3.63,1.14,16,13,0.08,24,0.28,2,147,0.04,0.2,0.3,,5.29,0.03,0.03,0.1,0.04,,7,,0.03,2.8,,0.04,0.01,0.03,,1.67,
6704101-1,"Chuchu, cru(a)",,24,0.62,0.48,5.09,2.8,13,12,0.17,29,0.22,1,173,0.11,0.31,0.3,,,0.03,0.04,0.42,0.12,,18,,0.12,8,,0.09,,,,1.97,
6704101-2,"Chuchu, cozido(a)",,24,0.62,0.48,5.09,2.8,13,12,0.17,29,0.22,1,173,0.11,0.31,0.3,,,0.03,0.04,0.42,0.12,,18,,0.12,8,,0.09,,,,1.97,
6704101-4,"Chuchu, assado(a)",,24,0.76,0.42,5.15,2.54,13,12.8,0.17,28.4,0.38,105.6,204.6,0.11,0.29,0.28,,,0.03,0.05,0.53,0.11,,18,,0.38,7.8,,0.07,0.01,0.01,,1.97,
6704101-7,"Chuchu, refogado(a)",,49.1,0.62,3.32,5.09,2.8,13,12,0.17,29,0.22,1,173,0.11,0.31,1.6,,,0.03,0.04,0.42,0.12,,18,,0.38,8,,0.49,0.66,1.64,,1.97,
6704101-8,"Chuchu, molho vermelho",,24,0.76,0.42,5.15,2.54,13,12.8,0.157,28.4,0.38,105.6,204.6,0.111,0.29,0.28,,3.48,0.026,0.045,0.531,0.114,,16.6,,0.38,7.8,,0.074,0.005,0.015,,2.43,
6704101-10,"Chuchu, ao alho e oleo",,49.1,0.62,3.32,5.09,2.8,13,12,0.17,29,0.22,1,173,0.11,0.31,1.6,,,0.03,0.04,0.42,0.12,,18,,0.38,8,,0.49,0.66,1.64,,1.97,
6704101-12,"Chuchu, ao vinagrete",,24,0.62,0.48,5.09,2.8,13,12,0.17,29,0.22,1,173,0.11,0.31,0.3,,,0.03,0.04,0.42,0.12,,18,,0.12,8,,0.09,,,,1.97,
6704101-13,"Chuchu, ensopado",,49.1,0.62,3.32,5.09,2.8,13,12,0.17,29,0.22,1,173,0.11,0.31,1.6,,,0.03,0.04,0.42,0.12,,18,,0.38,8,,0.49,0.66,1.64,,1.97,
6704101-15,"Chuchu, sopa",,31.4,0.95,0.12,7.01,0.71,8.55,6.35,0.068,15.76,0.28,310.43,88.31,0.039,0.12,1.34,,33.48,0.03,0.026,0.505,0.04,0.015,9.28,,0.204,2.1,,0.039,0.027,0.032,0.002,3.27,2.52
6704201-1,"Jilo, cru(a)",,22,1.87,0.21,4.51,2.5,77,36,0.294,32,0.28,6,135,0.085,0.43,0.4,,14.17,0.132,0.055,0.871,0.187,,46,,0.27,16.3,,0.045,0.028,0.046,,2.25,
6704201-2,"Jilo, cozido(a)",,22,1.87,0.21,4.51,2.5,77,36,0.294,32,0.28,6,135,0.085,0.43,0.4,,14.17,0.132,0.055,0.871,0.187,,46,,0.27,16.3,,0.045,0.028,0.046,,2.25,
6704201-4,"Jilo, assado(a)",,22,1.87,0.21,4.51,2.5,77,36,0.294,32,0.28,6,135,0.085,0.43,0.4,,14.17,0.132,0.055,0.871,0.187,,46,,0.27,16.3,,0.045,0.028,0.046,,2.25,
6704201-5,"Jilo, frito(a)",,47.1,1.87,3.05,4.51,2.5,77,36,0.294,32,0.28,6,135,0.085,0.43,1.7,,14.17,0.132,0.055,0.871,0.187,,46,,0.502,16.3,,0.489,0.675,1.685,0.015,2.25,
6704201-7,"Jilo, refogado(a)",,47.1,1.87,3.05,4.51,2.5,77,36,0.294,32,0.28,6,135,0.085,0.43,1.7,,14.17,0.132,0.055,0.871,0.187,,46,,0.502,16.3,,0.489,0.675,1.685,0.015,2.25,
6704201-11,"Jilo, com manteiga/oleo",,43.2,1.9,2.61,4.51,2.5,77.71,36.06,0.294,32.71,0.28,23.02,135.71,0.085,0.43,0.43,19.83,34.39,0.132,0.056,0.872,0.187,0.005,46.09,0.041,0.339,16.3,6.36,1.563,0.649,0.136,0.097,2.26,
6704201-13,"Jilo, ensopado",,47.1,1.87,3.05,4.51,2.5,77,36,0.294,32,0.28,6,135,0.085,0.43,1.7,,14.17,0.132,0.055,0.871,0.187,,46,,0.502,16.3,,0.489,0.675,1.685,0.015,2.25,
6704201-99,Jilo,,22,1.87,0.21,4.51,2.5,77,36,0.294,32,0.28,6,135,0.085,0.43,0.4,,14.17,0.132,0.055,0.871,0.187,,46,,0.27,16.3,,0.045,0.028,0.046,,2.25,
6704301-1,"Maxixe, cru(a)",,14,1.4,0.1,2.7,2.2,21,10,0.07,25,0.4,11,328,0.02,0.2,,,3,0.06,0.02,,0.04,,,,,9.6,,,,,,,
6704301-2,"Maxixe, cozido(a)",,14,0.4,0.2,3.04,1,18,10,0.06,17,0.38,107,5,0.02,0.59,0.2,,,0.03,,0.38,0.03,,4,,0.39,10.5,,0.02,0.04,0.09,,1.18,
6704301-7,"Maxixe, refogado(a)",,36.9,0.4,2.8,3.04,1,18,10,0.06,17,0.38,107,5,0.02,0.59,1.39,,,0.03,,0.38,0.03,,4,,0.63,10.5,,0.39,0.64,1.59,,1.18,
6704301-13,"Maxixe, ensopado",,36.9,0.4,2.8,3.04,1,18,10,0.06,17,0.38,107,5,0.02,0.59,1.39,,,0.03,,0.38,0.03,,4,,0.63,10.5,,0.39,0.64,1.59,,1.18,
6704306-2,"Pepininho (Maxixe), cozido(a)",,14,0.4,0.2,3.04,1,18,10,0.06,17,0.38,107,5,0.02,0.59,0.2,,,0.03,,0.38,0.03,,4,,0.39,10.5,,0.02,0.04,0.09,,1.18,
6704306-12,"Pepininho (Maxixe), ao vinagrete",,14,0.4,0.2,3.04,1,18,10,0.06,17,0.38,107,5,0.02,0.59,0.2,,,0.03,,0.38,0.03,,4,,0.39,10.5,,0.02,0.04,0.09,,1.18,
6704401-1,"Palmito In Natura, cru(a)",,28,2.52,0.62,4.62,2.4,58,38,1.39,65,3.13,426,177,0.13,1.15,0.7,,,0.01,0.06,0.44,0.02,,39,,0.5,7.9,,0.13,0.1,0.2,,,
6704401-2,"Palmito In Natura, cozido(a)",,28,2.52,0.62,4.62,2.4,58,38,1.39,65,3.13,426,177,0.13,1.15,0.7,,,0.01,0.06,0.44,0.02,,39,,0.5,7.9,,0.13,0.1,0.2,,,
6704401-7,"Palmito In Natura, refogado(a)",,28,2.52,0.62,4.62,2.4,58,38,1.39,65,3.13,426,177,0.13,1.15,0.7,,,0.01,0.06,0.44,0.02,,39,,0.5,7.9,,0.13,0.1,0.2,,,
6704401-13,"Palmito In Natura, ensopado",,28,2.52,0.62,4.62,2.4,58,38,1.39,65,3.13,426,177,0.13,1.15,0.7,,,0.01,0.06,0.44,0.02,,39,,0.5,7.9,,0.13,0.1,0.2,,,
6704409-2,"Guariroba (Palmito In Natura), cozido(a)",,28,2.52,0.62,4.62,2.4,58,38,1.39,65,3.13,426,177,0.13,1.15,0.7,,,0.01,0.06,0.44,0.02,,39,,0.5,7.9,,0.13,0.1,0.2,,,
6704409-7,"Guariroba (Palmito In Natura), refogado(a)",,28,2.52,0.62,4.62,2.4,58,38,1.39,65,3.13,426,177,0.13,1.15,0.7,,,0.01,0.06,0.44,0.02,,39,,0.5,7.9,,0.13,0.1,0.2,,,
6704409-8,"Guariroba (Palmito In Natura), molho vermelho",,28,2.52,0.62,4.62,2.4,58,38,1.39,65,3.13,426,177,0.13,1.15,0.7,,,0.01,0.06,0.44,0.02,,39,,0.5,7.9,,0.13,0.1,0.2,,,
6704410-2,"Gueiroba (Palmito In Natura), cozido(a)",,28,2.52,0.62,4.62,2.4,58,38,1.39,65,3.13,426,177,0.13,1.15,0.7,,,0.01,0.06,0.44,0.02,,39,,0.5,7.9,,0.13,0.1,0.2,,,
6704410-7,"Gueiroba (Palmito In Natura), refogado(a)",,28,2.52,0.62,4.62,2.4,58,38,1.39,65,3.13,426,177,0.13,1.15,0.7,,,0.01,0.06,0.44,0.02,,39,,0.5,7.9,,0.13,0.1,0.2,,,
6704501-99,Pimentao,,20,0.86,0.17,4.64,1.7,10,10,0.12,20,0.34,3,175,0.07,0.13,,,18.5,0.06,0.03,0.48,0.22,,10,,0.08,80.4,,0.06,0.01,0.06,,2.39,
6705001-1,"Quiabo, cru(a)",,22,1.87,0.21,4.51,2.5,77,36,0.294,32,0.28,6,135,0.085,0.43,0.4,,14.17,0.132,0.055,0.871,0.187,,46,,0.27,16.3,,0.045,0.028,0.046,,2.25,
6705001-2,"Quiabo, cozido(a)",,22,1.87,0.21,4.51,2.5,77,36,0.294,32,0.28,6,135,0.085,0.43,0.4,,14.17,0.132,0.055,0.871,0.187,,46,,0.27,16.3,,0.045,0.028,0.046,,2.25,
6705001-5,"Quiabo, frito(a)",,47.1,1.87,3.05,4.51,2.5,77,36,0.294,32,0.28,6,135,0.085,0.43,1.7,,14.17,0.132,0.055,0.871,0.187,,46,,0.502,16.3,,0.489,0.675,1.685,0.015,2.25,
6705001-6,"Quiabo, empanado(a)/a milanesa",,47.1,1.87,3.05,4.51,2.5,77,36,0.294,32,0.28,6,135,0.085,0.43,1.7,,14.17,0.132,0.055,0.871,0.187,,46,,0.502,16.3,,0.489,0.675,1.685,0.015,2.25,
6705001-7,"Quiabo, refogado(a)",,47.1,1.87,3.05,4.51,2.5,77,36,0.294,32,0.28,6,135,0.085,0.43,1.7,,14.17,0.132,0.055,0.871,0.187,,46,,0.502,16.3,,0.489,0.675,1.685,0.015,2.25,
6705001-13,"Quiabo, ensopado",,47.1,1.87,3.05,4.51,2.5,77,36,0.294,32,0.28,6,135,0.085,0.43,1.7,,14.17,0.132,0.055,0.871,0.187,,46,,0.502,16.3,,0.489,0.675,1.685,0.015,2.25,
6705001-99,Quiabo,,22,1.87,0.21,4.51,2.5,77,36,0.294,32,0.28,6,135,0.085,0.43,0.4,,14.17,0.132,0.055,0.871,0.187,,46,,0.27,16.3,,0.045,0.028,0.046,,2.25,
6705101-99,Tomate,,18,0.88,0.2,3.92,1.2,10,11,0.11,24,0.27,5,237,0.06,0.17,,,41.63,0.04,0.02,0.59,0.08,,15,,0.54,12.7,,0.03,0.03,0.08,,2.62,
6705201-1,"Vagem, cru(a)",,35,1.89,0.28,7.88,3.2,44,18,0.285,29,0.65,1,146,0.057,0.25,0.2,,35,0.074,0.097,0.614,0.056,,33,,0.45,9.7,,0.062,0.012,0.145,,2.3,
6705201-2,"Vagem, cozido(a)",,35,1.89,0.28,7.88,3.2,44,18,0.285,29,0.65,1,146,0.057,0.25,0.2,,35,0.074,0.097,0.614,0.056,,33,,0.45,9.7,,0.062,0.012,0.145,,2.3,
6705201-7,"Vagem, refogado(a)",,67.1,1.89,3.91,7.88,3.2,44,18,0.285,29,0.65,1,146,0.057,0.25,1.86,,35,0.074,0.097,0.614,0.056,,33,,0.747,9.7,,0.631,0.84,2.243,0.019,2.3,
6705201-11,"Vagem, com manteiga/oleo",,67.1,1.89,3.91,7.88,3.2,44,18,0.285,29,0.65,1,146,0.057,0.25,1.86,,35,0.074,0.097,0.614,0.056,,33,,0.747,9.7,,0.631,0.84,2.243,0.019,2.3,
6705201-13,"Vagem, ensopado",,67.1,1.89,3.91,7.88,3.2,44,18,0.285,29,0.65,1,146,0.057,0.25,1.86,,35,0.074,0.097,0.614,0.056,,33,,0.747,9.7,,0.631,0.84,2.243,0.019,2.3,
6705201-99,Vagem,,35,1.89,0.28,7.88,3.2,44,18,0.285,29,0.65,1,146,0.057,0.25,0.2,,35,0.074,0.097,0.614,0.056,,33,,0.45,9.7,,0.062,0.012,0.145,,2.3,
6705301-99,Cogumelo In Natura,,28,2.17,0.47,5.29,2.2,6,12,0.115,87,1.74,2,356,0.504,0.87,11.9,,,0.073,0.3,4.46,0.095,,18,0.525,0.01,4,,0.051,0.007,0.191,,0.3,
6705401-1,"Berinjela, cru(a)",,32.9,0.78,0.22,8.21,2.35,5.64,10.34,0.11,14.1,0.24,0.94,115.62,0.06,0.11,0.09,,1.72,0.07,0.02,0.56,0.08,,13.16,,0.39,1.22,,0.04,0.02,0.09,,3.67,
6705401-2,"Berinjela, cozido(a)",,35,0.83,0.23,8.73,2.5,6,11,0.11,15,0.25,1,123,0.06,0.12,0.1,,1.83,0.08,0.02,0.6,0.09,,14,,0.41,1.3,,0.04,0.02,0.09,,3.9,
6705401-4,"Berinjela, assado(a)",,35,0.83,0.23,8.73,2.5,6,11,0.11,15,0.25,1,123,0.06,0.12,0.1,,1.83,0.08,0.02,0.6,0.09,,14,,0.41,1.3,,0.04,0.02,0.09,,3.9,
6705401-5,"Berinjela, frito(a)",,75.5,0.83,4.82,8.73,2.5,6,11,0.11,15,0.25,1,123,0.06,0.12,2.2,,1.83,0.08,0.02,0.6,0.09,,14,,0.83,1.3,,0.7,1.09,2.75,,3.9,
6705401-6,"Berinjela, empanado(a)/a milanesa",,164.9,3.69,10.18,15.86,2.71,14.81,14.26,0.18,50.82,0.86,19.95,148.42,0.07,0.34,11.76,25.45,27.43,0.16,0.14,1.15,0.11,0.17,39.55,0.19,1.32,1.26,64.24,1.74,2.57,5.12,,3.99,
6705401-7,"Berinjela, refogado(a)",,75.5,0.83,4.82,8.73,2.5,6,11,0.11,15,0.25,1,123,0.06,0.12,2.2,,1.83,0.08,0.02,0.6,0.09,,14,,0.83,1.3,,0.7,1.09,2.75,,3.9,
6705401-12,"Berinjela, ao vinagrete",,35,0.83,0.23,8.73,2.5,6,11,0.11,15,0.25,1,123,0.06,0.12,0.1,,1.83,0.08,0.02,0.6,0.09,,14,,0.41,1.3,,0.04,0.02,0.09,,3.9,
6705401-13,"Berinjela, ensopado",,75.5,0.83,4.82,8.73,2.5,6,11,0.11,15,0.25,1,123,0.06,0.12,2.2,,1.83,0.08,0.02,0.6,0.09,,14,,0.83,1.3,,0.7,1.09,2.75,,3.9,
6705401-99,Berinjela,,35,0.83,0.23,8.73,2.5,6,11,0.11,15,0.25,1,123,0.06,0.12,0.1,,1.83,0.08,0.02,0.6,0.09,,14,,0.41,1.3,,0.04,0.02,0.09,,3.9,
6705501-2,"Ervilha em Vagem, cozido(a)",,67.1,3.27,3.07,7.05,2.8,42.15,26.01,0.169,55,1.97,239.78,240.05,0.077,0.37,2,,51.5,0.128,0.076,0.539,0.144,,29,,0.622,47.9,,0.488,0.67,1.739,0.015,3.4,
6705501-7,"Ervilha em Vagem, refogado(a)",,67.1,3.27,3.07,7.05,2.8,42,26,0.168,55,1.97,4,240,0.077,0.37,2,,51.5,0.128,0.076,0.539,0.144,,29,,0.622,47.9,,0.488,0.67,1.739,0.015,3.4,
6705701-1,"Cebola, cru(a)",,40,1.1,0.1,9.34,1.93,23,10,0.13,29,0.21,4,146,0.04,0.17,0.5,,0.08,0.05,0.03,0.12,0.12,,19,,0.02,7.4,,0.04,0.01,0.02,,4.26,
6705701-2,"Cebola, cozido(a)",,44,1.36,0.19,10.15,1.4,22,11,0.153,35,0.24,3,166,0.067,0.21,0.6,,0.08,0.042,0.023,0.165,0.129,,15,,0.01,5.2,,0.031,0.027,0.073,,4.73,
6705701-3,"Cebola, grelhado(a)/brasa/churrasco",,44,1.36,0.19,10.15,1.4,22,11,0.153,35,0.24,3,166,0.067,0.21,0.6,,0.08,0.042,0.023,0.165,0.129,,15,,0.01,5.2,,0.031,0.027,0.073,,4.73,
6705701-4,"Cebola, assado(a)",,44,1.36,0.19,10.15,1.4,22,11,0.153,35,0.24,3,166,0.067,0.21,0.6,,0.08,0.042,0.023,0.165,0.129,,15,,0.01,5.2,,0.031,0.027,0.073,,4.73,
6705701-5,"Cebola, frito(a)",,63.1,1.36,2.35,10.15,1.4,22,11,0.153,35,0.24,3,166,0.067,0.21,1.59,,0.08,0.042,0.023,0.165,0.129,,15,,0.187,5.2,,0.369,0.52,1.322,0.012,4.73,
6705701-7,"Cebola, refogado(a)",,63.1,1.36,2.35,10.15,1.4,22,11,0.153,35,0.24,3,166,0.067,0.21,1.59,,0.08,0.042,0.023,0.165,0.129,,15,,0.187,5.2,,0.369,0.52,1.322,0.012,4.73,
6705701-8,"Cebola, molho vermelho",,40,1.35,0.19,9.2,1.42,20.2,12,0.144,33.2,0.4,107.2,199,0.077,0.21,0.52,,3.55,0.038,0.032,0.327,0.123,,14.2,,0.292,5.56,,0.03,0.027,0.073,,4.63,
6705701-11,"Cebola, com manteiga/oleo",,60.1,1.38,2.02,10.15,1.4,22.54,11.04,0.153,35.54,0.24,15.97,166.54,0.067,0.21,0.62,15.11,15.49,0.042,0.024,0.166,0.129,0.004,15.07,0.032,0.062,5.2,4.84,1.188,0.5,0.142,0.074,4.73,
6705701-12,"Cebola, ao vinagrete",,40,1.1,0.1,9.34,1.93,23,10,0.13,29,0.21,4,146,0.04,0.17,0.5,,0.08,0.05,0.03,0.12,0.12,,19,,0.02,7.4,,0.04,0.01,0.02,,4.26,
6705701-99,Cebola,,40,1.1,0.1,9.34,1.93,23,10,0.13,29,0.21,4,146,0.04,0.17,0.5,,0.08,0.05,0.03,0.12,0.12,,19,,0.02,7.4,,0.04,0.01,0.02,,4.26,
6705801-7,"Catalonha, refogado(a)",,42.9,1.88,2.68,4.13,2.1,58,86,0.33,33,2.26,179,549,0.16,0.33,2.09,,306.21,0.03,0.09,0.36,0.09,,9,,2.13,18,,0.39,0.62,1.53,,0.4,
6706101-99,Jardineira (Seleta),,47,2.53,0.26,9.06,2.8,22.65,12.51,0.371,45.5,0.79,482.78,176.05,0.09,0.48,1.05,,292.67,0.07,0.05,0.63,0.08,,26.75,,0.385,6.15,,0.05,0.01,0.12,,3.2,
6706102-99,Seleta (Jardineira),,47,2.53,0.26,9.06,2.8,22.65,12.51,0.371,45.5,0.79,482.78,176.05,0.09,0.48,1.05,,292.67,0.07,0.05,0.63,0.08,,26.75,,0.385,6.15,,0.05,0.01,0.12,,3.2,
6706201-99,Alho,,149,6.36,0.5,33.06,2.1,181,25,1.67,153,1.7,17,401,0.3,1.16,14.2,,,0.2,0.11,0.7,1.24,,3,,0.01,31.2,,0.09,0.01,0.25,,1.6,
6706301-99,Alho Poro,,54.5,0.81,2.86,7.62,1,30,14,0.247,17,1.1,10,87,0.062,0.06,1.72,,2.33,0.026,0.02,0.2,0.113,,24,,0.714,4.2,,0.443,0.608,1.645,0.014,1.98,
6707301-99,Broto de Alfafa,,23,3.99,0.69,2.1,1.9,32,27,0.188,70,0.96,6,79,0.157,0.92,0.6,,7.75,0.076,0.126,0.481,0.034,,36,,0.02,8.2,,0.069,0.056,0.409,,0.2,
6707801-99,Alface Organica,,15,1.36,0.15,2.79,1.3,36,13,0.25,29,0.86,28,194,0.03,0.18,0.6,,370.25,0.07,0.08,0.38,0.09,,38,,0.31,18,,0.02,0.01,0.08,,0.79,
6707901-99,Tomate Organico,,18,0.88,0.2,3.92,1.2,10,11,0.11,24,0.27,5,237,0.06,0.17,,,41.63,0.04,0.02,0.59,0.08,,15,,0.54,12.7,,0.03,0.03,0.08,,2.62,
6708001-99,Pimentao Organico,,20,0.86,0.17,4.64,1.7,10,10,0.12,20,0.34,3,175,0.07,0.13,,,18.5,0.06,0.03,0.48,0.22,,10,,0.08,80.4,,0.06,0.01,0.06,,2.39,
6709701-99,Oregano,,306,11,10.25,64.43,42.8,1576,270,4.667,200,44,15,1669,0.943,4.43,5.9,,345.17,0.341,0.32,6.22,2.32,,274,,18.86,50,,2.66,0.67,5.23,,4.09,
6801017-99,Pacova,,78,1.2,0.1,20.3,2,5,30,0.41,20,0.4,1,267,0.06,0.1,,,,0.05,0.03,,0.17,,,,,,,,,,,,
6801101-1,"Banana (Ouro, Prata, D´água, da Terra, Etc), cru(a)",,89,1.09,0.33,22.84,2.6,5,27,0.27,22,0.26,1,358,0.08,0.15,1,,3.21,0.03,0.07,0.67,0.37,,20,,0.13,8.7,,0.11,0.03,0.07,,12.23,
6801101-2,"Banana (Ouro, Prata, D´água, da Terra, Etc), cozido(a)",,89,1.09,0.33,22.84,2.6,5,27,0.27,22,0.26,1,358,0.08,0.15,1,,3.21,0.03,0.07,0.67,0.37,,20,,0.13,8.7,,0.11,0.03,0.07,,12.23,
6801101-4,"Banana (Ouro, Prata, D´água, da Terra, Etc), assado(a)",,89,1.09,0.33,22.84,2.6,5,27,0.27,22,0.26,1,358,0.08,0.15,1,,3.21,0.03,0.07,0.67,0.37,,20,,0.13,8.7,,0.11,0.03,0.07,,12.23,
6801101-5,"Banana (Ouro, Prata, D´água, da Terra, Etc), frito(a)",,213.1,1.22,13.25,25.47,2.9,5.58,30.11,0.301,24.54,0.3,1.11,399.28,0.087,0.17,7.02,,3.58,0.035,0.081,0.742,0.409,,22.31,,1.198,9.7,,2.14,2.97,7.517,0.069,13.64,
6801101-6,"Banana (Ouro, Prata, D´água, da Terra, Etc), empanado(a)/a milanesa",,213.1,1.22,13.25,25.47,2.9,5.58,30.11,0.301,24.54,0.3,1.11,399.28,0.087,0.17,7.02,,3.58,0.035,0.081,0.742,0.409,,22.31,,1.198,9.7,,2.14,2.97,7.517,0.069,13.64,
6801101-11,"Banana (Ouro, Prata, D´água, da Terra, Etc), com manteiga/oleo",,195.4,1.33,11.24,25.48,2.9,8.79,30.38,0.301,27.75,0.29,78.36,402.5,0.087,0.18,1.25,89.98,95.32,0.035,0.086,0.747,0.41,0.023,22.71,0.188,0.456,9.7,28.83,7.013,2.855,0.489,0.44,13.65,
6801101-13,"Banana (Ouro, Prata, D´água, da Terra, Etc), ensopado",,89,1.09,0.33,22.84,2.6,5,27,0.27,22,0.26,1,358,0.08,0.15,1,,3.21,0.03,0.07,0.67,0.37,,20,,0.13,8.7,,0.11,0.03,0.07,,12.23,
6801101-14,"Banana (Ouro, Prata, D´água, da Terra, Etc), mingau",,112,2.29,1.72,23.18,1.54,53.82,20.57,0.147,56.22,0.43,67.45,246.31,0.05,0.27,1.67,12.26,14.7,0.062,0.123,0.69,0.205,0.031,18.9,0.379,0.101,4.71,5.55,0.947,0.484,0.128,0.052,13.2,5.06
6801101-15,"Banana (Ouro, Prata, D´água, da Terra, Etc), sopa",,112,2.29,1.72,23.18,1.54,53.82,20.57,0.147,56.22,0.43,67.45,246.31,0.05,0.27,1.67,12.26,14.7,0.062,0.123,0.69,0.205,0.031,18.9,0.379,0.101,4.71,5.55,0.947,0.484,0.128,0.052,13.2,5.06
6801101-99,"Banana (Ouro, Prata, D´água, da Terra, Etc)",,89,1.09,0.33,22.84,2.6,5,27,0.27,22,0.26,1,358,0.08,0.15,1,,3.21,0.03,0.07,0.67,0.37,,20,,0.13,8.7,,0.11,0.03,0.07,,12.23,
6801801-99,"Laranja (Pera, Seleta, Lima, da Terra, Etc)",,47,0.94,0.12,11.75,2.35,40,10,0.03,14,0.1,,181,0.05,0.07,0.5,,11.21,0.09,0.04,0.28,0.06,,30,,0.25,53.2,,0.02,0.02,0.03,,8.37,
6801901-99,Lima,,47,0.94,0.12,11.75,2.35,40,10,0.03,14,0.1,,181,0.05,0.07,0.5,,11.21,0.09,0.04,0.28,0.06,,30,,0.25,53.2,,0.02,0.02,0.03,,8.37,
6802001-99,"Limao (Comum, Galego, Etc)",,30,0.7,0.2,10.54,2.8,33,6,0.01,18,0.6,2,102,0.07,0.11,0.4,,2.5,0.03,0.02,0.2,0.04,,8,,0.22,29.1,,0.02,0.02,0.06,,0.7,
6802201-99,Tangerina,,53,0.81,0.31,13.34,1.8,37,12,0.04,20,0.15,2,166,0.04,0.07,0.1,,34.08,0.06,0.04,0.38,0.08,,16,,0.2,26.7,,0.04,0.06,0.07,,10.58,
6802202-99,Mexerica,,53,0.81,0.31,13.34,1.8,37,12,0.04,20,0.15,2,166,0.04,0.07,0.1,,34.08,0.06,0.04,0.38,0.08,,16,,0.2,26.7,,0.04,0.06,0.07,,10.58,
6802217-99,Bergamota,,53,0.81,0.31,13.34,1.8,37,12,0.04,20,0.15,2,166,0.04,0.07,0.1,,34.08,0.06,0.04,0.38,0.08,,16,,0.2,26.7,,0.04,0.06,0.07,,10.58,
6802218-99,Mimosa,,53,0.81,0.31,13.34,1.8,37,12,0.04,20,0.15,2,166,0.04,0.07,0.1,,34.08,0.06,0.04,0.38,0.08,,16,,0.2,26.7,,0.04,0.06,0.07,,10.58,
6802223-99,Tanja,,53,0.81,0.31,13.34,1.8,37,12,0.04,20,0.15,2,166,0.04,0.07,0.1,,34.08,0.06,0.04,0.38,0.08,,16,,0.2,26.7,,0.04,0.06,0.07,,10.58,
6802227-99,Maricota,,53,0.81,0.31,13.34,1.8,37,12,0.04,20,0.15,2,166,0.04,0.07,0.1,,34.08,0.06,0.04,0.38,0.08,,16,,0.2,26.7,,0.04,0.06,0.07,,10.58,
6802407-99,Laranjinha Japonesa,,47,0.94,0.12,11.75,2.35,40,10,0.03,14,0.1,,181,0.05,0.07,0.5,,11.21,0.09,0.04,0.28,0.06,,30,,0.25,53.2,,0.02,0.02,0.03,,8.37,
6802501-99,Cana de Acucar,,73.6,,0.05,19.97,,5.6,1,,,,18.34,1,0.01,0.11,0.18,,,0.02,,,,,,,,,,,,,,9.83,19.97
6802601-99,Abacaxi,,48,0.54,0.12,12.63,1.4,13,12,1.18,8,0.28,1,115,0.1,0.1,0.1,5.67,2.83,0.08,0.03,0.49,0.11,,15,,,36.2,,0.01,0.01,0.04,,9.26,
6802602-99,Ananas,,48,0.54,0.12,12.63,1.4,13,12,1.18,8,0.28,1,115,0.1,0.1,0.1,5.67,2.83,0.08,0.03,0.49,0.11,,15,,,36.2,,0.01,0.01,0.04,,9.26,
6802701-99,Abacate,,120,2.23,10.06,7.82,5.6,10,24,0.1,40,0.17,2,351,0.31,0.4,0.4,,7.04,0.02,0.05,0.67,0.08,,35,,2.66,17.4,,1.96,5.51,1.68,,2.42,
6802801-99,Caqui,,70,0.58,0.19,18.59,3.6,8,9,0.36,17,0.15,1,161,0.11,0.11,0.6,,81.38,0.03,0.02,0.1,0.1,,8,,0.73,7.5,,0.02,0.04,0.04,,12.54,
6802901-99,Figo,,74,0.75,0.3,19.18,2.9,35,17,0.13,14,0.37,1,232,0.07,0.15,0.2,,7.08,0.06,0.05,0.4,0.11,,6,,0.11,2,,0.06,0.07,0.14,,6.9,
6803001-99,Maca,,52,0.26,0.17,13.81,2.4,6,5,0.04,11,0.12,1,107,0.03,0.04,,,2.71,0.02,0.03,0.09,0.04,,3,,0.21,4.6,,0.03,0.01,0.05,,10.4,
6803101-99,Mamao,,39,0.61,0.14,9.81,1.8,24,10,0.01,5,0.1,3,257,0.02,0.07,0.6,,54.71,0.03,0.03,0.34,0.02,,38,,0.73,61.8,,0.04,0.04,0.03,,4.86,
6803108-99,Papaia,,39,0.61,0.14,9.81,1.8,24,10,0.01,5,0.1,3,257,0.02,0.07,0.6,,54.71,0.03,0.03,0.34,0.02,,38,,0.73,61.8,,0.04,0.04,0.03,,4.86,
6803201-99,Manga,,65,0.51,0.27,17,1.76,10,9,0.03,11,0.13,2,156,0.11,0.04,0.6,,38.25,0.06,0.06,0.58,0.13,,14,,1.12,27.7,,0.07,0.1,0.05,,12.73,
6803215-99,Manguito,,65,0.51,0.27,17,1.76,10,9,0.03,11,0.13,2,156,0.11,0.04,0.6,,38.25,0.06,0.06,0.58,0.13,,14,,1.12,27.7,,0.07,0.1,0.05,,12.73,
6803301-99,Maracuja,,97,2.2,0.7,23.38,10.4,12,29,0.2,68,1.6,28,348,0.09,0.1,0.6,,63.63,,0.13,1.5,0.1,,14,,0.02,30,,0.06,0.09,0.41,,10.4,
6803401-99,Melancia,,30,0.61,0.15,7.55,0.4,7,10,0.04,11,0.24,1,112,0.04,0.1,0.4,,28.5,0.03,0.02,0.18,0.05,,3,,0.05,8.1,,0.02,0.04,0.05,,6.21,
6803501-99,Melao,,36,0.54,0.14,9.09,0.8,6,10,0.03,11,0.17,18,228,0.02,0.09,0.7,,2.5,0.04,0.01,0.42,0.09,,19,,0.03,18,,0.04,,0.06,,8.12,
6803601-99,Pera,,58,0.38,0.12,15.46,3.16,9,7,0.05,11,0.17,1,119,0.08,0.1,0.1,,1.17,0.01,0.03,0.16,0.03,,7,,0.21,4.2,,0.01,0.03,0.03,,9.79,
6803701-99,Pessego,,39,0.91,0.25,9.54,1.5,6,9,0.06,20,0.25,,190,0.07,0.17,0.1,,16.29,0.02,0.03,0.81,0.03,,4,,0.71,6.6,,0.02,0.07,0.09,,8.38,
6803801-99,Fruta de Conde,,74,1.65,0.62,17.7,2.3,8,16,0.08,26,0.3,4,269,0.07,0.18,20,,,0.09,0.12,0.57,0.21,,18,,,11.5,,0.07,0.01,0.09,,3.39,
6803802-99,Pinha (Fruta de Conde),,74,1.65,0.62,17.7,2.3,8,16,0.08,26,0.3,4,269,0.07,0.18,20,,,0.09,0.12,0.57,0.21,,18,,,11.5,,0.07,0.01,0.09,,3.39,
6803803-99,Ata,,74,1.65,0.62,17.7,2.3,8,16,0.08,26,0.3,4,269,0.07,0.18,20,,,0.09,0.12,0.57,0.21,,18,,,11.5,,0.07,0.01,0.09,,3.39,
6803901-99,Uva,,69,0.72,0.16,18.1,0.9,10,7,0.07,20,0.36,2,191,0.13,0.07,0.1,,3.29,0.07,0.07,0.19,0.09,,2,,0.38,10.8,,0.05,0.01,0.05,,15.48,
6803912-99,Uva Passa,,299,3.07,0.46,79.18,3.7,50,32,0.299,101,1.88,11,749,0.318,0.22,0.6,,,0.106,0.125,0.766,0.174,,5,,0.11,2.3,,0.058,0.051,0.037,,57.88,
6804001-99,Jenipapo,,113,5.2,0.3,25.7,9.4,40,,,58,3.6,,,,,,30,,0.04,0.04,0.5,,,,,,33,,,,,,,
6804101-99,Jaca,,94,1.47,0.3,24.01,1.6,34,37,0.2,36,0.6,3,303,0.19,0.42,0.6,,14.85,0.03,0.11,0.4,0.11,,14,,0.1,6.7,,0.06,0.04,0.09,,8.08,
6804201-99,Goiaba,,68,2.55,0.95,14.32,5.4,18,22,0.15,40,0.26,2,417,0.23,0.23,0.6,,31.17,0.07,0.04,1.08,0.11,,49,,0.73,228.3,,0.27,0.09,0.4,,8.82,
6804203-99,Araca Acu (Goiaba),,68,2.55,0.95,14.32,5.4,18,22,0.15,40,0.26,2,417,0.23,0.23,0.6,,31.17,0.07,0.04,1.08,0.11,,49,,0.73,228.3,,0.27,0.09,0.4,,8.82,
6804301-99,Ameixa,,46,0.7,0.28,11.42,1.4,6,7,0.05,16,0.17,,157,0.06,0.1,,,17.29,0.03,0.03,0.42,0.03,,5,,0.28,9.5,,0.02,0.13,0.04,,9.93,
6804401-99,Caju,,43,1,0.3,10.3,1.7,1,10,0.12,16,0.2,3,124,0.07,0.1,,,7,,,,,,,,,,,,,,,,
6804501-99,Cereja,,63,1.06,0.2,16.01,2.1,13,11,0.07,21,0.36,,222,0.06,0.07,,,3.17,0.027,0.033,0.154,0.049,,4,,0.06,7,,0.038,0.047,0.052,,12.82,
6804601-99,Caja Manga,,46,1.3,,11.4,2.6,13,11,0.05,24,0.2,1,119,0.02,0.2,,,,0.11,,,0.05,,,,,26.7,,,,,,,
6804602-99,Cajarana,,46,0.2,0.1,12.4,1.1,56,,,67,0.3,,,,,,34,,0.05,0.02,1.4,,,,,,36,,,,,,,
6804701-99,Tapereba,,70,0.8,2.1,13.8,1,26,,,31,2.2,,,,,,23,,0.08,0.06,0.5,,,,,,28,,,,,,,
6804702-99,Acaja (Tabereba),,46,1.3,,11.4,2.6,13,11,0.05,24,0.2,1,119,0.02,0.2,,,,0.11,,,0.05,,,,,26.7,,,,,,,
6804801-99,Carambola,,31,1.04,0.33,6.73,2.8,3,10,0.04,12,0.08,2,133,0.14,0.12,0.6,,3.08,0.01,0.02,0.37,0.02,,12,,0.15,34.4,,0.02,0.03,0.18,,3.75,
6804901-99,Jaboticaba,,73,0.66,0.5,18.4,7,38,5,1,39,1.6,6,280,0.06,0.11,0.6,,29.92,0.07,0.06,0.5,0.23,,6,,1,36,,0.02,0.08,0.25,,7.48,
6805001-99,Graviola,,62,0.8,0.2,15.8,1.9,40,23,0.08,19,0.2,4,250,0.04,0.1,,,,0.17,0.12,,0.03,,,,,19.1,,,0.1,,,,
6805201-99,Morango,,32,0.67,0.3,7.68,2,16,13,0.39,24,0.41,1,153,0.05,0.14,0.4,,0.58,0.02,0.02,0.39,0.05,,24,,0.28,58.8,,0.02,0.04,0.16,,4.9,
6805301-99,Jambo,,27,0.9,0.1,6.5,5.1,14,14,0.05,18,0.1,22,135,0.02,0.1,,,,0.08,,1.18,,,,,,3.8,,,,,,,
6805401-99,Atemoia,,74,1.65,0.62,17.7,2.3,8,16,0.08,26,0.3,4,269,0.07,0.18,20,,,0.09,0.12,0.57,0.21,,18,,,11.5,,0.07,0.01,0.09,,3.39,
6805601-99,Mangaba,,43,0.7,0.3,10.5,0.8,41,,,18,2.8,,,,,,30,,0.04,0.04,0.5,,,,,,33,,,,,,,
6805701-99,Araca,,68,2.55,0.95,14.32,5.4,18,22,0.15,40,0.26,2,417,0.23,0.23,0.6,,31.17,0.07,0.04,1.08,0.11,,49,,0.73,228.3,,0.27,0.09,0.4,,8.82,
6805801-99,Nespera,,47,0.43,0.2,12.14,1.7,16,13,0.15,27,0.28,1,266,0.04,0.05,0.6,,85.92,0.02,0.02,0.18,0.1,,14,,0.89,1,,0.04,0.01,0.09,,6.3,
6805901-99,Fruta Pao,,103,1.07,0.23,27.12,4.9,17,25,0.06,30,0.54,2,490,0.08,0.12,0.6,,,0.11,0.03,0.9,0.1,,14,,0.1,29,,0.05,0.03,0.07,,2.9,
6806001-99,Sapoti,,96,0.7,0.1,25.9,9.9,29,,,6,1.2,,,,,,4,,0.01,0.01,0.2,,,,,,13,,,,,,,
6806101-99,Uxi,,252,2.2,10.1,38.2,20.5,,,,,,,,,,,,,,,,,,,,,,,,,,,,
6806201-99,Tamarindo,,239,2.8,0.6,62.5,5.1,74,92,0.15,113,2.8,28,628,0.09,0.1,1.3,,1.5,0.43,0.15,1.94,0.07,,14,,0.1,3.5,,0.27,0.18,0.06,,,
6806301-99,Cacau,,74,1,0.1,19.4,2.2,12,25,0.04,9,0.3,1,72,0.15,0.6,,,,0.25,,,0.04,,,,,13.6,,,,,,,
6806401-99,Pitomba,,66,0.83,0.44,16.53,1.3,5,10,0.055,31,0.31,1,171,0.148,0.07,0.6,,,0.011,0.065,0.603,0.1,,14,,0.07,71.5,,0.099,0.12,0.132,,15,
6806501-99,Bacuri,,105,1.9,2,22.8,7.4,20,,,36,2.2,,,,,,30,,0.04,0.04,0.5,,,,,,33,,,,,,,
6806601-99,Inga,,60,1,0.1,15.5,1.2,21,,,20,0.9,,,,,,,,0.04,0.06,0.4,,,,,,9,,,,,,,
6806701-99,Pequi,,152,1.5,13.4,6.3,4.7,,,,,,,,,,,,,,,,,,,,,,,,,,,,
6806801-99,Pitanga,,41,0.9,0.2,10.2,3.2,18,12,0.36,13,0.4,2,113,0.08,0.4,,,77,0.03,0.1,,,,,,,24.9,,,,,,,
6806901-99,Ciriguela,,76,1.4,0.4,18.9,3.9,27,18,0.06,49,0.4,2,248,0.12,0.5,,,,0.14,,,,,,,,27,,0.2,,0.1,,,
6807001-99,Murici,,66,0.9,1.3,14.4,2.2,33,,,17,2,,,,,,7,,0.02,,0.4,0.04,,,,,84,,,,,,,
6807101-99,Umbu,,37,0.8,,9.4,2,12,11,0.03,13,0.1,,152,0.04,0.4,,,,0.05,0.06,,0.03,,,,,24.1,,,,,,,
6807103-99,Imbu,,37,0.8,,9.4,2,12,11,0.03,13,0.1,,152,0.04,0.4,,,,0.05,0.06,,0.03,,,,,24.1,,,,,,,
6807202-99,Biriba,,74,1.65,0.62,17.7,2.3,8,16,0.08,26,0.3,4,269,0.07,0.18,20,,,0.09,0.12,0.57,0.21,,18,,,11.5,,0.07,0.01,0.09,,3.39,
6807301-99,Cupuacu,,49,1.2,1,10.4,3.1,13,18,0.07,21,0.5,3,331,0.07,0.3,,,,0.37,0.04,4.34,0.07,,,,,24.5,,0.4,0.2,0.1,,,
6807401-99,Nectarina,,44,1.06,0.32,10.55,1.7,6,9,0.054,26,0.28,,201,0.086,0.17,,,16.58,0.034,0.027,1.125,0.025,,5,,0.7,5.4,,0.025,0.088,0.113,,7.81,
6807501-99,Mari,,281.1,2.7,21.1,20.1,,,,,,,,,,,,,,,,,,,,,,,,,,,,,
6807601-99,Roma,,56,0.4,,15.1,0.4,5,13,0.13,40,0.3,1,485,0.19,0.7,,,,0.12,0.17,,0.05,,,,,8.1,,,,,,,
6807701-99,Acerola,,32,0.4,0.3,7.69,1.1,12,18,0.09,11,0.2,7,146,0.09,0.1,0.6,,121,0.02,0.06,0.4,0.01,,14,,0.13,1677.6,,0.07,0.08,0.09,,,
6807801-99,Kiwi,,61,1.14,0.52,14.66,3,34,17,0.1,34,0.31,3,312,0.13,0.14,0.2,,4.33,0.03,0.03,0.34,0.06,,25,,1.31,92.7,,0.03,0.05,0.29,,8.97,
6808001-99,Abiu,,62,0.8,0.7,14.9,1.7,6,9,0.08,20,0.2,,128,0.09,0.1,,,,,0.04,,0.05,,,,,10.3,,0.3,0.1,0.1,,,
6808201-99,Jurubeba,,126,4.4,3.9,23.1,1.2,151,65,0.52,155,0.9,1,619,1.16,0.6,,,,0.13,0.02,,0.2,,,,,13.8,,0.5,0.5,2.1,,,
6808401-99,Fruta (Nao Especificada),,89,1.09,0.33,22.84,2.6,5,27,0.27,22,0.26,1,358,0.08,0.15,1,,3.21,0.03,0.07,0.67,0.37,,20,,0.13,8.7,,0.11,0.03,0.07,,12.23,
6808601-99,Maca Organica,,52,0.26,0.17,13.81,2.4,6,5,0.04,11,0.12,1,107,0.03,0.04,,,2.71,0.02,0.03,0.09,0.04,,3,,0.21,4.6,,0.03,0.01,0.05,,10.4,
6808901-99,Acerola Organica,,32,0.4,0.3,7.69,1.1,12,18,0.09,11,0.2,7,146,0.09,0.1,0.6,,121,0.02,0.06,0.4,0.01,,14,,0.13,1677.6,,0.07,0.08,0.09,,,
6809901-99,Amora,,43,1.39,0.49,9.61,5.3,29,20,0.646,22,0.62,1,162,0.165,0.53,0.4,21.33,10.67,0.02,0.026,0.646,0.03,,25,,1.43,21,,0.014,0.047,0.28,,4.88,
6810201-99,Jamelao (Jamburao),,73,0.66,0.5,18.4,7,38,5,1,39,1.6,6,280,0.06,0.11,0.6,,29.92,0.07,0.06,0.5,0.23,,6,,1,36,,0.02,0.08,0.25,,7.48,
6900302-99,Demerara,,387,,,99.98,,1,,,,0.01,,2,,,0.6,,,,0.02,,,,,,,,,,,,,99.91,99.98
6900304-99,Acucar Mascavo,,380,0.12,,98.09,,83,9,0.064,4,0.71,28,133,0.047,0.03,1.2,,,,,0.11,0.041,,1,,,,,,,,,97.02,98.09
6900401-99,Rapadura,,296,,,76.6,,102,115,2.62,74,5.4,4,395,0.84,0.3,,,,,0.05,,0.2,,,,,,,,,,,42.2,60.8
6900402-99,Alfenim de Cana,,296,,,76.6,,102,115,2.62,74,5.4,4,395,0.84,0.3,,,,,0.05,,0.2,,,,,,,,,,,42.2,60.8
6900403-99,Batida (Rapadura),,380,0.12,,98.09,,83,9,0.064,4,0.71,28,133,0.047,0.03,1.2,,,,,0.11,0.041,,1,,,,,,,,,97.02,98.09
6900501-99,Sorvete de Qualquer Sabor Industrializado,,206,3.6,11,25.13,0.87,121.67,19,0.052,105.67,0.37,78.67,215.65,0.06,0.65,2.03,116,117.58,0.041,0.225,0.153,0.05,0.357,8.66,0.617,0.3,0.63,40.67,6.793,3.049,0.438,0.372,18.89,20.03
6900502-99,Picole de Qualquer Sabor Industrializado,,79,,0.24,19.23,,,1,,,0.54,7,15,,0.15,0.2,,,,,,,,,,,0.7,,0.013,0.051,0.016,,13.67,19.23
6900601-99,Chiclete,,396,,,98.9,0.1,3,1,0.01,1,0.4,44,5,0.012,,0.8,,,0.006,0.013,0.01,0.005,,,,,,,,,,,58.97,60.06
6900603-99,Bala,,394,,0.2,98,,3,3,0.01,3,0.3,38,5,0.029,0.01,0.6,,,0.004,0.003,0.007,0.003,,,,,,,,,,,98.2,98
6900604-99,Caramelo (Bala),,382,4.6,8.1,77,,138,17,0.011,114,0.14,245,214,0.018,0.44,1.8,11,11.17,0.103,0.256,0.148,0.056,0.3,4,0.02,0.46,0.4,7,2.476,1.542,3.478,0.044,46.75,68.2
6900605-99,Drops,,394,,0.2,98,,3,3,0.01,3,0.3,38,5,0.029,0.01,0.6,,,0.004,0.003,0.007,0.003,,,,,,,,,,,98.2,98
6900606-99,Pastilha,,396,,,98.9,0.1,3,1,0.01,1,0.4,44,5,0.012,,0.8,,,0.006,0.013,0.01,0.005,,,,,,,,,,,58.97,60.06
6900607-99,Pirulito,,394,,0.2,98,,3,3,0.01,3,0.3,38,5,0.029,0.01,0.6,,,0.004,0.003,0.007,0.003,,,,,,,,,,,98.2,98
6900609-99,Goma de Mascar,,396,,,98.9,0.1,3,1,0.01,1,0.4,44,5,0.012,,0.8,,,0.006,0.013,0.01,0.005,,,,,,,,,,,58.97,60.06
6900610-99,Jujuba,,375,,0.05,93.55,0.2,3,2,0.035,4,0.13,50,37,0.028,0.05,1.1,,,0.004,0.011,0.008,0.004,,,,,,,,,,,46.56,84.42
6900701-99,Tablete de Chocolate,,535,7.65,29.66,59.4,3.4,189,63,0.471,208,2.35,79,372,0.491,2.3,4.5,56,56.67,0.112,0.298,0.386,0.036,0.75,11,,0.51,,23,20.78,15.869,1.256,0.09,54.8,46.99
6900702-99,Barra de Chocolate,,535,7.65,29.66,59.4,3.4,189,63,0.471,208,2.35,79,372,0.491,2.3,4.5,56,56.67,0.112,0.298,0.386,0.036,0.75,11,,0.51,,23,20.78,15.869,1.256,0.09,54.8,46.99
6900706-99,Confete,,492,4.33,21.13,71.19,2.8,105,44,0.329,146,1.11,61,261,0.344,1.61,3.3,61,61,0.079,0.213,0.27,0.025,0.53,8,,0.36,0.5,14,13.08,5.183,0.921,0.167,63.3,57.75
6900801-99,Chocolate em Po de Qualquer Marca,,364.2,2.83,3.55,85.53,1.66,149.79,38.71,0.194,132.41,0.78,350.14,840.69,0.193,0.81,3.87,1.08,1.09,0.051,0.176,0.192,0.048,0.21,4.33,,1.155,0.14,0.45,0.802,1.537,1.043,0.367,80.44,77.59
6900818-99,Ovomaltine,,388,9.17,5.19,75.13,1.98,1235,71,0.27,847,9.52,353,1235,0.32,0.71,1.6,529,529,0.53,0.6,7.05,0.11,1.32,,1.92,0.04,105.82,5.82,1.62,2.68,0.74,0.99,70.81,51.34
6900821-99,Achocolatado em Po,,400,4.55,2.27,90.28,4.5,455,53,0.71,86,,136,280,0.91,6.82,1.9,,,0.01,0.06,0.2,0.91,,4,,0.04,27.3,,2.27,,,,77.39,77.24
6900822-99,Toddynho,,83.3,3.18,3.4,10.38,0.8,112.44,13.05,0.077,101.39,0.24,60.23,167.65,0.065,0.41,1.91,26.1,26.52,0.037,0.163,0.125,0.04,0.331,5.02,1.004,0.06,0.9,12.05,2.112,0.994,0.124,0.121,10.14,5.09
6900901-99,Bombom de Qualquer Marca,,373,,0.02,93.18,,3,,,,0.01,11,4,0.003,0.04,0.6,,,0.005,0.016,,,,,,,,,,,,,84.44,93.18
6900904-99,Trufa,,487.9,3.57,36.26,49.06,4.55,35,89.79,0.618,111.74,2.42,14.32,293.23,0.542,1.29,3.37,97.82,99.47,0.046,0.086,0.337,0.031,0.035,10.76,0.944,0.516,0.08,32.32,20.832,11.775,1.885,0.882,41.35,40.34
6901001-99,Geleia de Frutas de Qualquer Marca ou Sabor,,278,0.37,0.07,68.86,1.1,20,4,0.04,19,0.49,32,77,0.1,0.06,2,,,0.016,0.076,0.036,0.02,,11,,0.12,8.8,,0.01,0.038,,,48.9,65.51
6901002-99,Mousse de Qualquer Sabor (Geléia),,331.9,5.09,21.87,32.19,1.18,49.08,28.74,0.17,97.84,0.97,49.69,214.52,0.148,0.71,9.32,160.19,162.66,0.039,0.211,0.123,0.051,0.379,15.95,0.98,0.697,0.25,159.21,12.585,6.916,0.941,0.464,29.84,28.14
6901101-99,Geleia de Mocoto,,120.2,3.04,,27.99,,4.29,1.47,,1.38,0.04,9.01,1.81,0.08,,1.57,,,,0.01,,,,1.07,,,,,,,,,27.97,27.99
6901201-99,Doce de Frutas em Pasta de Qualquer Sabor,,291.3,0.77,0.29,74.28,1.62,6.1,6.6,0.05,12,0.09,0.6,126.5,0.07,0.07,0.6,,9.35,0.02,0.03,0.33,0.03,,14.7,,0.22,68.49,,0.08,0.03,0.12,,72.58,69.99
6901203-99,Pasta de Amendoim,,588,25.09,50.39,19.56,6,43,154,1.466,358,1.87,459,649,0.473,2.91,5.6,,,0.073,0.105,13.403,0.543,,74,,8.99,,,10.51,24.216,14.161,,9.22,4.9
6901204-99,Pessegada,,77,0.54,0.14,19.79,2.2,3,5,0.05,12,0.27,6,94,0.06,0.09,0.3,,38.17,0.01,0.03,0.61,0.02,,3,,0.73,2.8,,,0.02,0.02,,16.06,11.21
6901206-99,Marmelada,,278,0.37,0.07,68.86,1.1,20,4,0.04,19,0.49,32,77,0.1,0.06,2,,,0.02,0.08,0.04,0.02,,11,,0.12,8.8,,0.01,0.04,,,48.9,65.51
6901209-99,Figada,,88,0.38,0.1,22.9,2.2,27,10,0.08,10,0.28,1,99,0.11,0.11,0.2,,1.83,0.02,0.04,0.43,0.07,,2,,0.12,1,,0.02,0.02,0.05,,16.75,13.3
6901211-99,Goiabada,,291.3,0.77,0.29,74.28,1.62,6.1,6.6,0.05,12,0.09,0.6,126.5,0.07,0.07,0.6,,9.35,0.02,0.03,0.33,0.03,,14.7,,0.22,68.49,,0.08,0.03,0.12,,72.58,69.99
6901214-99,Caju em Pasta,,291.3,0.77,0.29,74.28,1.62,6.1,6.6,0.05,12,0.09,0.6,126.5,0.07,0.07,0.6,,9.35,0.02,0.03,0.33,0.03,,14.7,,0.22,68.49,,0.08,0.03,0.12,,72.58,69.99
6901224-99,Mariola,,291.3,0.77,0.29,74.28,1.62,6.1,6.6,0.05,12,0.09,0.6,126.5,0.07,0.07,0.6,,9.35,0.02,0.03,0.33,0.03,,14.7,,0.22,68.49,,0.08,0.03,0.12,,72.58,69.99
6901301-99,Doce de Frutas em Calda de Qualquer Sabor,,77,0.54,0.14,19.79,2.2,3,5,0.05,12,0.27,6,94,0.06,0.09,0.3,,38.17,0.01,0.03,0.61,0.02,,3,,0.73,2.8,,,0.02,0.02,,16.06,11.21
6901401-99,Doce de Frutas Cristalizado de Qualquer Sabor,,291.3,0.77,0.29,74.28,1.62,6.1,6.6,0.05,12,0.09,0.6,126.5,0.07,0.07,0.6,,9.35,0.02,0.03,0.33,0.03,,14.7,,0.22,68.49,,0.08,0.03,0.12,,72.58,69.99
6901501-99,Melado,,296,,,76.6,,102,115,2.62,74,5.4,4,395,0.84,0.3,,,,,0.05,,0.2,,,,,,,,,,,42.2,60.8
6901602-99,Mel,,304,0.3,,82.4,0.2,6,2,0.08,4,0.42,4,52,0.04,0.22,0.8,,,,0.04,0.12,0.02,,2,,,0.5,,,,,,82.13,82.4
6901701-99,Gelatina de Qualquer Sabor,,278,0.37,0.07,68.86,1.1,20,4,0.04,19,0.49,32,77,0.1,0.06,2,,,0.016,0.076,0.036,0.02,,11,,0.12,8.8,,0.01,0.038,,,48.9,65.51
6901801-99,Adocante Artificial,,,,,,,,,,,,240,,,,,,,,,,,,,,,,,,,,,,
6902004-99,Merengue,,358.3,6.21,0.1,85.89,0,4.87,6.27,0.007,8.56,0.07,94.73,164.82,0.014,0.02,11.9,,,0.002,0.266,0.06,0.003,0.051,2.28,,,,,,,,,85.54,85.21
6902301-99,Schimier de Cana,,296,,,76.6,,102,115,2.62,74,5.4,4,395,0.84,0.3,,,,,0.05,,0.2,,,,,,,,,,,42.2,60.8
6902401-99,Fruta Seca ou Desidratada,,240,2.18,0.38,63.88,7.1,43,41,0.299,69,0.93,2,732,0.281,0.44,0.3,,39.08,0.051,0.186,1.882,0.205,,4,,0.37,0.6,,0.088,0.053,0.062,,38.12,
6902402-99,Passa,,299,3.07,0.46,79.18,3.7,50,32,0.299,101,1.88,11,749,0.318,0.22,0.6,,,0.106,0.125,0.766,0.174,,5,,0.11,2.3,,0.058,0.051,0.037,,57.88,
6902601-99,Pudim de Qualquer Sabor,,131.1,5.58,5.07,15.44,,89.2,9.49,0.011,107.71,0.35,60.62,131.17,0.011,0.55,10.95,64.57,65.21,0.047,0.265,0.092,0.057,0.597,15.36,1.016,0.321,,122.51,2.136,1.655,0.516,0.077,15.9,12.02
6902607-99,Danette Pudim,,131.1,5.58,5.07,15.44,,89.2,9.49,0.011,107.71,0.35,60.62,131.17,0.011,0.55,10.95,64.57,65.21,0.047,0.265,0.092,0.057,0.597,15.36,1.016,0.321,,122.51,2.136,1.655,0.516,0.077,15.9,12.02
6902701-99,Manjar,,285,8.2,10.74,40.14,0.34,201.26,23.38,0.196,206.83,0.55,129.47,289.85,0.038,0.97,14.99,85.82,86.88,0.067,0.378,0.19,0.083,0.476,17.33,0.899,0.368,1.64,118.44,6.627,2.681,0.557,0.201,38.63,31.61
6902901-99,Cuscuz,,128.3,4.35,0.22,26.42,1.71,10.74,15.82,0.27,58.01,0.37,261.48,57.49,0.09,0.28,3.75,,0.06,0.06,0.03,1.19,0.04,,6.82,,0.05,,,0.04,0.03,0.09,,0.72,
6902902-99,Cuscuz de Tapioca,,117,4.33,4.1,15.51,0.03,102.17,9.79,0.011,98.87,0.23,100.38,137.7,0.012,0.48,7.16,45.19,45.71,0.046,0.222,0.1,0.046,0.513,10.01,1.005,0.183,,63.11,1.988,1.208,0.346,0.097,13.2,8.6
6903001-99,Maria Mole,,444.9,1.64,19.94,68.84,2.59,9.93,28.32,1.393,61.18,1.11,148.99,194.42,0.181,1.03,9.72,,,0.018,0.023,0.268,0.153,,5.11,,0.226,0.89,,17.679,0.85,0.218,,61.43,61.91
6903101-99,Cocada,,404.8,1.01,12.46,75.65,1.58,8.3,17.68,0.87,37.45,0.68,107.35,119.68,0.11,0.71,6.25,,,0.02,0.02,0.17,0.1,,2.8,,0.14,0.25,,11.01,0.53,0.14,,62.21,71.44
6903102-99,Quebra Queixo,,404.8,1.01,12.46,75.65,1.58,8.3,17.68,0.87,37.45,0.68,107.35,119.68,0.11,0.71,6.25,,,0.02,0.02,0.17,0.1,,2.8,,0.14,0.25,,11.01,0.53,0.14,,62.21,71.44
6903201-99,Doce de Amendoim,,451.6,11.16,23.89,55.29,3.73,30.14,70.51,0.73,158.43,0.61,221.83,291.27,0.22,1.44,1.68,30.53,32.04,0.05,0.04,5.49,0.18,,47.66,,2.87,0.32,,4.06,11.76,6.84,0.96,39.22,49.15
6903202-99,Pe de Moleque,,474,9.1,17.91,69.2,2.42,50,64.17,0.73,141,4.5,21,236.85,0.47,2.31,3.1,,,0.22,0.1,5.71,0.09,,43.37,,2.394,5.9,,2.36,8.44,5.38,,55.51,58.45
6903203-99,Pacoca,,472.2,10.35,21.53,64.04,3.89,32.87,76.73,0.95,158.4,1.72,3.07,290.53,0.3,1.49,3.7,,,0.19,0.04,5.86,0.11,,64.7,,3,,,2.99,10.68,6.8,,15.14,13.33
6903204-99,Torrao de Amendoim,,460.3,11.01,24.64,56.27,6.13,133.59,134.44,1.159,242.7,1.96,7.08,370.23,0.506,1.59,2.26,,0.04,0.105,0.534,1.721,0.077,0.003,25.55,,13.067,0.12,,1.859,15.394,6.015,0.008,47.33,45.45
6903205-99,Pacoquinha de Amendoim,,472.2,10.35,21.53,64.04,3.89,32.87,76.73,0.95,158.4,1.72,3.07,290.53,0.3,1.49,3.7,,,0.19,0.04,5.86,0.11,,64.7,,3,,,2.99,10.68,6.8,,15.14,13.33
6903207-99,Amendoim Caramelizado,,474,9.1,17.91,69.2,2.42,50,64.17,0.73,141,4.5,21,236.85,0.47,2.31,3.1,,,0.22,0.1,5.71,0.09,,43.37,,2.394,5.9,,2.36,8.44,5.38,,55.51,58.45
6903208-99,Amendoim Amanteigado,,567,25.8,49.24,16.13,8.5,92,168,1.934,376,4.58,18,705,1.144,3.27,7.2,,,0.64,0.135,12.066,0.348,,240,,8.33,,,6.834,24.429,15.559,,4,
6903209-99,Amendoim Achocolatado,,519,13.1,33.5,49.7,4.7,104,96,0.945,212,1.31,41,502,0.544,2.6,5.4,41,41.5,0.116,0.174,4.249,0.1,0.53,51,,2.4,,9,14.6,12.92,4.33,0.044,40.9,37.88
6903303-99,Amendoim Apimentado,,567,25.8,49.24,16.13,8.5,92,168,1.934,376,4.58,18,705,1.144,3.27,7.2,,,0.64,0.135,12.066,0.348,,240,,8.33,,,6.834,24.429,15.559,,4,
6903304-99,Amendoim Cozido,,318,13.5,22.01,21.26,8.8,55,102,1.023,198,1.01,751,180,0.499,1.83,4.4,,,0.259,0.063,5.259,0.152,,75,,4.1,,,3.055,10.921,6.956,,2.02,
6903601-99,Brigadeiro,,334.5,7.52,10.14,54.86,0.23,266.19,28.88,0.039,241.57,0.33,128.59,373.64,0.048,0.95,13.87,87.31,89.36,0.085,0.394,0.22,0.048,0.411,10.48,0.121,0.24,2.45,31.69,5.493,3.197,0.941,0.59,52.59,43.9
6903701-99,Bomba de Qualquer Tipo,,339.3,6.32,26.93,18.55,0.54,45.49,9.84,0.13,93.2,1.18,50.56,92.24,0.038,0.53,15.22,250.49,254.72,0.168,0.284,1.094,0.053,0.413,50.88,0.969,0.982,0.2,194.01,15.901,7.698,1.274,0.908,4.95,3.57
6903801-99,Mil Folhas,,440.3,2.36,29.03,43.22,0.42,32.51,6.18,0.098,40.94,0.67,199.14,56.87,0.025,0.21,5.3,131.16,133.57,0.12,0.127,0.849,0.017,0.101,30.2,0.492,0.571,0.19,56.04,14.378,9.888,3.232,2.05,31.5,31.28
6903901-99,Queijadinha,,404.8,1.01,12.46,75.65,1.58,8.3,17.68,0.87,37.45,0.68,107.35,119.68,0.11,0.71,6.25,,,0.02,0.02,0.17,0.1,,2.8,,0.14,0.25,,11.01,0.53,0.14,,62.21,71.44
6904101-99,Doce a Base de Ovos,,131.1,5.58,5.07,15.44,,89.2,9.49,0.011,107.71,0.35,60.62,131.17,0.011,0.55,10.95,64.57,65.21,0.047,0.265,0.092,0.057,0.597,15.36,1.016,0.321,,122.51,2.136,1.655,0.516,0.077,15.9,12.02
6904104-99,Cacarola Italiana,,285,8.2,10.74,40.14,0.34,201.26,23.38,0.196,206.83,0.55,129.47,289.85,0.038,0.97,14.99,85.82,86.88,0.067,0.378,0.19,0.083,0.476,17.33,0.899,0.368,1.64,118.44,6.627,2.681,0.557,0.201,38.63,31.61
6904105-99,Quindim,,131.1,5.58,5.07,15.44,,89.2,9.49,0.011,107.71,0.35,60.62,131.17,0.011,0.55,10.95,64.57,65.21,0.047,0.265,0.092,0.057,0.597,15.36,1.016,0.321,,122.51,2.136,1.655,0.516,0.077,15.9,12.02
6904108-99,Fios de Ovos,,131.1,5.58,5.07,15.44,,89.2,9.49,0.011,107.71,0.35,60.62,131.17,0.011,0.55,10.95,64.57,65.21,0.047,0.265,0.092,0.057,0.597,15.36,1.016,0.321,,122.51,2.136,1.655,0.516,0.077,15.9,12.02
6904201-99,Doce a Base de Leite,,319.7,7.88,8.66,54.18,,282.85,25.89,0.006,251.97,0.19,126.48,369.49,0.015,0.94,14.74,72.7,73.86,0.09,0.414,0.209,0.051,0.438,10.96,0.129,0.159,2.59,33.86,5.464,2.417,0.336,0.309,52.51,43.02
6904202-99,Pave de Qualquer Sabor,,306.4,4.93,22.24,21.59,0.36,66.08,11.99,0.082,96.19,0.9,151.95,121.43,0.034,0.51,6.74,230.15,234.49,0.06,0.173,0.472,0.055,0.364,24.27,0.67,0.527,0.16,151.85,12.879,7.031,1.246,0.941,17.1,14.67
6904203-99,Ambrosia,,144.2,4.09,3.84,23.88,0.26,83.71,8.84,0.15,85.23,0.27,46.1,114.64,0.011,0.43,7.48,44.83,45.43,0.039,0.202,0.085,0.044,0.455,10.59,0.831,0.238,0.26,75.36,1.716,1.182,0.384,0.072,23.26,20.45
6904204-99,Leite Geleificado,,131.1,5.58,5.07,15.44,,89.2,9.49,0.011,107.71,0.35,60.62,131.17,0.011,0.55,10.95,64.57,65.21,0.047,0.265,0.092,0.057,0.597,15.36,1.016,0.321,,122.51,2.136,1.655,0.516,0.077,15.9,12.02
6904205-99,Chandele de Qualquer Sabor,,131.1,5.58,5.07,15.44,,89.2,9.49,0.011,107.71,0.35,60.62,131.17,0.011,0.55,10.95,64.57,65.21,0.047,0.265,0.092,0.057,0.597,15.36,1.016,0.321,,122.51,2.136,1.655,0.516,0.077,15.9,12.02
6904302-99,Mumu,,319.7,7.88,8.66,54.18,,282.85,25.89,0.006,251.97,0.19,126.48,369.49,0.015,0.94,14.74,72.7,73.86,0.09,0.414,0.209,0.051,0.438,10.96,0.129,0.159,2.59,33.86,5.464,2.417,0.336,0.309,52.51,43.02
6904401-99,Canudinho Recheado,,123.3,2.43,4.5,21.33,2.22,2.5,23.94,0.29,61.85,0.45,62.16,190.44,0.09,0.59,1.75,0.87,8.07,0.03,0.05,0.95,0.08,,28.33,,0.08,2.92,0.28,3.61,0.34,0.28,,8.86,5.57
6904501-99,Sarolho,,336,2,,82,,4,,,,0.16,1.5,,,,,,,,,,,,,,,,,,,,,,
6904502-99,Beiju,,336,2,,82,,4,,,,0.16,1.5,,,,,,,,,,,,,,,,,,,,,,
6904601-99,Schimier de Fruta (Exceto de Cana),,278,0.37,0.07,68.86,1.1,20,4,0.04,19,0.49,32,77,0.1,0.06,2,,,0.016,0.076,0.036,0.02,,11,,0.12,8.8,,0.01,0.038,,,48.9,65.51
6904701-99,Beijo de Moca,,387,,,99.98,,1,,,,0.01,,2,,,0.6,,,,0.02,,,,,,,,,,,,,99.91,99.98
6904801-99,Picole Ensacado,,79,,0.24,19.23,,,1,,,0.54,7,15,,0.15,0.2,,,,,,,,,,,0.7,,0.013,0.051,0.016,,13.67,19.23
6904807-99,Geladinho,,122.7,0.14,0.09,32.51,0.45,3.81,1.47,0.074,2.26,0.06,8.64,14.88,0.014,0.09,0.26,,0.5,0.015,0.012,0.079,0.01,,1.13,,0.109,1.83,,0.005,0.009,0.028,,26.13,29.77
6905001-99,Churro,,401.7,3,23.44,45.94,0.81,12.71,6.96,0.184,35.7,1.25,149.03,35.97,0.048,0.22,9.49,191.56,195.32,0.211,0.147,1.589,0.013,0.049,55.34,0.4,0.678,,61.38,14.711,6.033,0.992,0.936,24.81,25.54
6905101-99,Pamonha,,171,2.6,4.8,30.7,2.4,4,15,0.12,55,0.4,132,125,0.03,0.4,,,,,,,,,,,,,,0.5,0.7,1.4,0.11,,
6905401-99,Algodao-doce,,387,,,99.98,,1,,,,0.01,,2,,,0.6,,,,0.02,,,,,,,,,,,,,99.91,99.98
6905603-99,Ioio Creme (Chocolate em Creme),,350,4.6,8.9,62.9,2.8,49,48,0.371,97,1.3,346,284,0.348,0.83,2.3,1,1,0.034,0.091,0.25,0.02,0.06,4,,2.63,0.2,1,3.98,3.857,0.278,,48.37,38.3
6905801-99,Ovo de Pascoa,,535,7.65,29.66,59.4,3.4,189,63,0.471,208,2.35,79,372,0.491,2.3,4.5,56,56.67,0.112,0.298,0.386,0.036,0.75,11,,0.51,,23,20.78,15.869,1.256,0.09,54.8,46.99
6905804-99,Kinder Ovo,,535,7.65,29.66,59.4,3.4,189,63,0.471,208,2.35,79,372,0.491,2.3,4.5,56,56.67,0.112,0.298,0.386,0.036,0.75,11,,0.51,,23,20.78,15.869,1.256,0.09,54.8,46.99
6905901-99,Torrone,,460.3,11.01,24.64,56.27,6.13,133.59,134.44,1.159,242.7,1.96,7.08,370.23,0.506,1.59,2.26,,0.04,0.105,0.534,1.721,0.077,0.003,25.55,,13.067,0.12,,1.859,15.394,6.015,0.008,47.33,45.45
6906001-99,Arroz-doce,,108.5,3.05,2.34,18.77,0.1,82.04,10.74,0.145,76.17,0.39,50.79,109.98,0.03,0.43,4.88,19.43,19.72,0.08,0.132,0.521,0.053,0.305,16.42,0.694,0.054,,6.94,1.318,0.59,0.158,0.081,10.76,7.11
6906404-99,Polpa de Coco,,402,3.8,41.7,9.8,5,7,41,0.77,107,1.7,11,370,0.42,0.9,,,,,,,,,,,,1.6,,,,,,,
6906501-99,Diet Shake,,335.5,19.19,1.87,69.94,7.39,536.58,357.14,0.269,366.6,22.86,395.27,928.75,0.711,16.07,11.73,803.11,803.22,1.608,0.698,24.996,2.143,4.287,588.8,3.571,24.122,64.29,5.27,0.757,0.421,0.411,0.01,59.33,39.64
6906502-99,Concentrado Alimentar Diet Shake,,335.5,19.19,1.87,69.94,7.39,536.58,357.14,0.269,366.6,22.86,395.27,928.75,0.711,16.07,11.73,803.11,803.22,1.608,0.698,24.996,2.143,4.287,588.8,3.571,24.122,64.29,5.27,0.757,0.421,0.411,0.01,59.33,39.64
6906602-99,Acucar,,387,,,99.98,,1,,,,0.01,,2,,,0.6,,,,0.02,,,,,,,,,,,,,99.91,99.98
6907001-99,Acucar Light,,400,,,100,,,,,,,,,,,,,,,,,,,,,,,,,,,,,
6907201-99,Barra de Cereais,,352.9,3.17,8.55,69.44,2.32,540.54,28.55,0.683,76.79,4.86,284.16,80.58,0.081,4.05,11.34,607.36,607.49,1.015,1.149,13.514,1.351,,178.46,,3.204,0.1,,0.933,1.713,5.317,0.036,37.4,49.22
6907202-99,Barra de Cereais Salgada,,352.9,3.17,8.55,69.44,2.32,540.54,28.55,0.683,76.79,4.86,284.16,80.58,0.081,4.05,11.34,607.36,607.49,1.015,1.149,13.514,1.351,,178.46,,3.204,0.1,,0.933,1.713,5.317,0.036,37.4,49.22
6907203-99,Barra de Cereais Doce,,352.9,3.17,8.55,69.44,2.32,540.54,28.55,0.683,76.79,4.86,284.16,80.58,0.081,4.05,11.34,607.36,607.49,1.015,1.149,13.514,1.351,,178.46,,3.204,0.1,,0.933,1.713,5.317,0.036,37.4,49.22
6907301-99,Sobremesa de Qualquer Tipo (Exceto Infantil),,131.1,5.58,5.07,15.44,,89.2,9.49,0.011,107.71,0.35,60.62,131.17,0.011,0.55,10.95,64.57,65.21,0.047,0.265,0.092,0.057,0.597,15.36,1.016,0.321,,122.51,2.136,1.655,0.516,0.077,15.9,12.02
6907401-99,Rabanada,,293,4.7,16.6,31.3,0.5,101,13,,102,0.5,85,159,,0.6,,40,,0.02,0.19,0.6,0.047,,,,,,38,3.4,9,2.9,0.1,,
6907501-99,Milk Shake,,161.1,3.11,6.43,23.49,0.76,103.02,20.4,0.063,101.82,0.38,64.45,181.47,0.093,0.59,1.89,76.22,77.11,0.034,0.187,0.136,0.037,0.338,4.37,0.772,0.167,0.4,25.08,3.956,1.742,0.259,0.237,17.79,19.07
6907901-99,Geleia Diet,,52.6,0.47,0.17,12.72,1.4,11.05,7.52,0.213,13.2,0.23,1.2,85.44,0.028,0.08,0.22,,0.32,0.013,0.012,0.212,0.026,,13.2,,0.154,32.34,,0.008,0.024,0.085,,3.02,
6908001-99,Doce de Frutas Diet,,52.6,0.47,0.17,12.72,1.4,11.05,7.52,0.213,13.2,0.23,1.2,85.44,0.028,0.08,0.22,,0.32,0.013,0.012,0.212,0.026,,13.2,,0.154,32.34,,0.008,0.024,0.085,,3.02,
6908401-99,Pasteis de Santa Clara,,131.1,5.58,5.07,15.44,,89.2,9.49,0.011,107.71,0.35,60.62,131.17,0.011,0.55,10.95,64.57,65.21,0.047,0.265,0.092,0.057,0.597,15.36,1.016,0.321,,122.51,2.136,1.655,0.516,0.077,15.9,12.02
6908501-99,Suspiro,,358.3,6.21,0.1,85.89,0,4.87,6.27,0.007,8.56,0.07,94.73,164.82,0.014,0.02,11.9,,,0.002,0.266,0.06,0.003,0.051,2.28,,,,,,,,,85.54,85.21
6909301-99,Doce de Frutas Cristalizado de Qualquer Sabor Diet,,52.6,0.47,0.17,12.72,1.4,11.05,7.52,0.213,13.2,0.23,1.2,85.44,0.028,0.08,0.22,,0.32,0.013,0.012,0.212,0.026,,13.2,,0.154,32.34,,0.008,0.024,0.085,,3.02,
6909601-99,Sorvete de Qualquer Sabor Industrializado Light,,189,4.43,7.67,26.14,0.6,149.33,16,0.038,97.01,0.32,75,192.34,0.048,0.62,2,101.02,105.68,0.039,0.208,0.126,0.039,0.333,5,0.6,0.207,1,33,4.699,2.102,0.304,0.253,22.11,17.46
6909701-99,Sorvete de Qualquer Sabor Industrializado Diet,,190,3.17,12.7,15.87,4.8,128,14,0.008,105,0.09,48,199,0.023,0.69,2.6,116,117.58,0.041,0.24,0.116,0.048,0.39,5,0.444,0.3,0.6,32,6.79,3.17,0.41,0.45,5.93,
6909803-99,Bala Light,,235,,,95,,,,,,,,,,,,,,,,,,,,,,,,,,,,,
6909901-99,Chiclete Diet,,240,,,100,,,,,,,,,,,,,,,,,,,,,,,,,,,,,
6909903-99,Bala Diet,,235,,,95,,,,,,,,,,,,,,,,,,,,,,,,,,,,,
6910002-99,Barra de Chocolate Light,,539.8,10.58,41.64,40.42,4.32,246.46,107.47,0.971,285.96,3.24,165.82,495.73,0.695,2.59,5.99,0.62,0.65,0.118,0.439,0.85,0.079,0.621,19.48,,4.467,0.87,2.8,21.169,15.725,2.837,0.009,31.32,24.57
6910102-99,Barra de Chocolate Diet,,539.8,10.58,41.64,40.42,4.32,246.46,107.47,0.971,285.96,3.24,165.82,495.73,0.695,2.59,5.99,0.62,0.65,0.118,0.439,0.85,0.079,0.621,19.48,,4.467,0.87,2.8,21.169,15.725,2.837,0.009,31.32,24.57
6910221-99,Achocolatado em Po Light,,337.7,29.42,2.39,55.3,4.43,664.34,146.47,0.524,709.95,2.21,1236.82,1254.96,0.53,3.7,17.08,4.72,4.67,0.278,1.055,0.834,0.258,1.928,28.74,,0.017,2.22,7.16,1.437,0.764,0.08,0.015,46.18,14.16
6910321-99,Achocolatado em Po Diet,,337.7,29.42,2.39,55.3,4.43,664.18,146.46,0.523,709.95,2.2,978.44,1254.9,0.53,3.7,17.08,4.63,4.67,0.278,1.055,0.834,0.258,1.928,28.74,,0.017,2.22,7.16,1.437,0.764,0.08,0.015,46.18,14.16
6910322-99,Toddynho Diet,,73.3,3.48,3.51,7.09,0.39,147.69,17.76,0.082,115.69,0.17,71.79,188.49,0.089,0.97,4.12,26.86,27.26,0.053,0.21,0.143,0.113,0.461,5.66,0.959,0.066,2.36,9.59,2.007,0.901,0.214,0.111,6.24,
6910401-99,Bombom de Qualquer Marca Light,,373,,0.02,93.18,,3,,,,0.01,11,4,0.003,0.04,0.6,,,0.005,0.016,,,,,,,,,,,,,84.44,93.18
6910501-99,Bombom de Qualquer Marca Diet,,373,,0.02,93.18,,3,,,,0.01,11,4,0.003,0.04,0.6,,,0.005,0.016,,,,,,,,,,,,,84.44,93.18
6910502-99,Bombom Caramelizado de Qualquer Marca Diet,,373,,0.02,93.18,,3,,,,0.01,11,4,0.003,0.04,0.6,,,0.005,0.016,,,,,,,,,,,,,84.44,93.18
6910601-99,Geleia de Frutas de Qualquer Marca ou Sabor Light,,179,0.36,0.05,46.13,0.34,9.23,6.76,0.229,6.96,0.16,2.01,86.84,0.018,0.03,0.28,,0.26,0.016,0.03,0.166,0.041,,1.9,,,0.06,,0.016,0.002,0.014,,45.61,36.07
6910604-99,Geleia Light,,179,0.36,0.05,46.13,0.34,9.23,6.76,0.229,6.96,0.16,2.01,86.84,0.018,0.03,0.28,,0.26,0.016,0.03,0.166,0.041,,1.9,,,0.06,,0.016,0.002,0.014,,45.61,36.07
6910605-99,Geleia de Frutas Light,,179,0.36,0.05,46.13,0.34,9.23,6.76,0.229,6.96,0.16,2.01,86.84,0.018,0.03,0.28,,0.26,0.016,0.03,0.166,0.041,,1.9,,,0.06,,0.016,0.002,0.014,,45.61,36.07
6910701-99,Doce de Frutas em Barra ou Pasta Light,,179,0.36,0.05,46.13,0.34,9.23,6.76,0.229,6.96,0.16,2.01,86.84,0.018,0.03,0.28,,0.26,0.016,0.03,0.166,0.041,,1.9,,,0.06,,0.016,0.002,0.014,,45.61,36.07
6910702-99,Doce de Frutas em Pasta Light,,179,0.36,0.05,46.13,0.34,9.23,6.76,0.229,6.96,0.16,2.01,86.84,0.018,0.03,0.28,,0.26,0.016,0.03,0.166,0.041,,1.9,,,0.06,,0.016,0.002,0.014,,45.61,36.07
6910801-99,Pudim de Qualquer Sabor Light,,119.1,5.68,3.55,15.75,,93.2,10.16,0.011,110.38,0.35,63.28,135.84,0.011,0.57,10.69,84.57,85.04,0.031,0.267,0.083,0.058,0.597,15.36,1.216,0.288,,119.18,1.315,1.299,0.41,0.027,15.86,12.02
6910808-99,Pudim Danette Light,,119.1,5.68,3.55,15.75,,93.2,10.16,0.011,110.38,0.35,63.28,135.84,0.011,0.57,10.69,84.57,85.04,0.031,0.267,0.083,0.058,0.597,15.36,1.216,0.288,,119.18,1.315,1.299,0.41,0.027,15.86,12.02
6910901-99,Pudim de Qualquer Sabor Diet,,119.1,5.68,3.55,15.75,,93.2,10.16,0.011,110.38,0.35,63.28,135.84,0.011,0.57,10.69,84.57,85.04,0.031,0.267,0.083,0.058,0.597,15.36,1.216,0.288,,119.18,1.315,1.299,0.41,0.027,15.86,12.02
6911201-99,Doce de Leite Light,,292.3,7.58,3.62,58.98,,274.57,24.18,0.007,221.14,0.07,94.3,345.17,0.028,0.94,8.06,31.53,31.98,0.102,0.428,0.23,0.084,1.12,11.48,0.065,0.077,,13.25,2.081,0.905,0.215,0.138,59.91,48.07
6911301-99,Doce de Leite Diet,,292.3,7.58,3.62,58.98,,274.57,24.18,0.007,221.14,0.07,94.3,345.17,0.028,0.94,8.06,31.53,31.98,0.102,0.428,0.23,0.084,1.12,11.48,0.065,0.077,,13.25,2.081,0.905,0.215,0.138,59.91,48.07
6912501-99,Barra de Cereais Diet,,403.4,5.56,5.44,86.36,7.2,74.97,68.29,2.265,156.08,1.88,230.5,421.89,0.293,1.21,12.26,,1.3,0.231,0.095,2.257,0.278,,49.59,,1.183,37.08,,0.547,2.798,1.689,0.015,38.43,12.43
6912502-99,Barra de Cereais Doce Diet,,403.4,5.56,5.44,86.36,7.2,74.97,68.29,2.265,156.08,1.88,230.5,421.89,0.293,1.21,12.26,,1.3,0.231,0.095,2.257,0.278,,49.59,,1.183,37.08,,0.547,2.798,1.689,0.015,38.43,12.43
6912801-99,Milk Shake Diet,,335.5,19.19,1.87,69.94,7.39,536.58,357.14,0.269,366.6,22.86,395.27,928.75,0.711,16.07,11.73,803.11,803.22,1.608,0.698,24.996,2.143,4.287,588.8,3.571,24.122,64.29,5.27,0.757,0.421,0.411,0.01,59.33,39.64
6913001-99,Cocada Diet,,404.8,1.01,12.46,75.65,1.58,8.3,17.68,0.87,37.45,0.68,107.35,119.68,0.11,0.71,6.25,,,0.02,0.02,0.17,0.1,,2.8,,0.14,0.25,,11.01,0.53,0.14,,62.21,71.44
6913101-99,Doce de Amendoim Diet,,599,28.03,52.5,15.26,9.4,61,176,1.845,397,1.52,6,726,0.533,3.28,3.3,,,0.085,0.089,13.825,0.461,,120,,6.94,0.8,,8.686,25.976,15.292,,4.19,
6913103-99,Pacoca Diet,,599,28.03,52.5,15.26,9.4,61,176,1.845,397,1.52,6,726,0.533,3.28,3.3,,,0.085,0.089,13.825,0.461,,120,,6.94,0.8,,8.686,25.976,15.292,,4.19,
6913108-99,Amendoim Amanteigado Diet,,477.9,7.09,21.64,64.64,2.96,28.39,46.65,0.55,110.61,1.53,309.23,191.09,0.34,0.92,3.86,71.01,72.4,0.17,0.04,3.2,0.09,0.02,63.81,0.15,2.45,,22.75,7.25,8.7,4.45,0.35,1.07,
6913801-99,Doce a Base de Leite Diet,,292.3,7.58,3.62,58.98,,274.57,24.18,0.007,221.14,0.07,94.3,345.17,0.028,0.94,8.06,31.53,31.98,0.102,0.428,0.23,0.084,1.12,11.48,0.065,0.077,,13.25,2.081,0.905,0.215,0.138,59.91,48.07
6913901-99,Gelatina de Qualquer Sabor Light,,179,0.36,0.05,46.13,0.34,9.23,6.76,0.229,6.96,0.16,2.01,86.84,0.018,0.03,0.28,,0.26,0.016,0.03,0.166,0.041,,1.9,,,0.06,,0.016,0.002,0.014,,45.61,36.07
6914001-99,Adocante Light,,365,2.17,,89.08,,,,,,0.04,,4,,0.01,0.5,,,,,,,,,,,,,,,,,80.72,85.67
6914002-99,Adocante em Po Light,,365,2.17,,89.08,,,,,,0.04,,4,,0.01,0.5,,,,,,,,,,,,,,,,,80.72,85.67
6914003-99,Adocante Liquido Light,,,,,,,,,,,,240,,,,,,,,,,,,,,,,,,,,,,
7001501-99,Mostarda Molho,,67,4.37,4.01,5.33,3.3,58,49,0.417,106,1.51,1135,138,0.085,0.64,32.9,,3.5,0.343,0.03,0.523,0.063,,7,,0.36,1.5,,0.248,2.627,0.954,0.013,0.86,
7002304-99,Hortela,,1,,,0.2,,2,1,0.044,,0.08,1,9.01,0.015,0.04,,,,0.01,0.004,,,,1,,,,,0.002,0.001,0.005,,,
7002401-99,Alcaparra em Conserva,,23,2.36,0.86,4.89,3.2,40,33,0.078,10,1.67,2964,40,0.374,0.32,1.2,,6.92,0.018,0.139,0.652,0.023,,23,,0.88,4.3,,0.233,0.063,0.304,,2.53,
7002601-99,Coentro,,279,21.93,4.78,52.1,10.4,1246,694,6.36,481,42.46,211,4466,1.79,4.72,29.3,,292.5,1.25,1.5,10.71,0.61,,274,,1.03,566.7,,0.12,2.23,0.33,,34.75,
7003601-99,Molho de Soja,,53,6.28,0.04,7.61,0.8,19,43,0.42,125,1.93,5637,217,0.1,0.52,0.5,,,0.03,0.17,2.2,0.15,,14,,,,,0.01,0.01,0.02,,2,
7003604-99,Shoyo,,53,6.28,0.04,7.61,0.8,19,43,0.42,125,1.93,5637,217,0.1,0.52,0.5,,,0.03,0.17,2.2,0.15,,14,,,,,0.01,0.01,0.02,,2,
7003801-99,Leite de Coco,,202.5,1.61,20.85,5.59,0.91,4.01,32.07,0.811,59.13,0.81,12.03,232.53,0.236,0.59,3.71,,,0.023,,0.673,0.03,,14.03,,0.008,1.1,,18.487,0.887,0.229,,4.68,
7004301-99,Maionese (Molho),,261.1,0.47,23.33,13.38,0.06,5.76,0.78,0.015,11.68,0.13,831.34,7.92,0.006,0.08,12.02,9.89,13.68,0.006,0.019,0.022,0.019,0.052,4.04,0.071,1.959,0.12,32.91,3.796,5.465,13.177,0.12,10.24,10.44
7004701-99,Massa de Tomate,,38,1.65,0.21,8.98,1.9,18,23,0.169,40,1.78,393,439,0.287,0.36,0.7,,25.5,0.025,0.08,1.466,0.126,,11,,1.95,10.6,,0.029,0.031,0.086,,4.83,
7004801-99,Molho de Tomate,,24,1.32,0.18,5.38,1.5,13,16,0.11,26,1.02,524,331,0.12,0.2,0.2,,17.42,0.02,0.07,0.98,0.1,,11,,1.42,7,,0.03,0.03,0.07,,4.25,
7004802-99,Ketchup,,97,1.74,0.31,25.15,0.3,18,19,0.128,33,0.51,1114,382,0.181,0.26,0.3,,46.67,0.011,0.132,1.426,0.149,,10,,1.46,15.1,,0.043,0.047,0.126,,22.77,16.3
7004803-99,Catchup,,97,1.74,0.31,25.15,0.3,18,19,0.128,33,0.51,1114,382,0.181,0.26,0.3,,46.67,0.011,0.132,1.426,0.149,,10,,1.46,15.1,,0.043,0.047,0.126,,22.77,16.3
7006101-99,Pimenta em Po,,255,10.95,3.26,64.81,26.5,437,194,5.625,173,28.86,44,1259,1.127,1.42,3.1,,15,0.109,0.24,1.142,0.29,,10,,0.72,21,,0.98,1.01,1.13,,,
7007101-99,Tucupi em Caldo sem Pimenta,,4.9,0.01,0,1.3,0.01,2.4,0.61,0.004,0.47,0.01,400.06,3.33,0.001,0,0.02,21.28,10.64,0.001,0.001,0.004,0.002,,0.04,,0.013,0.1,,,,0.001,,1.19,1.2
7007502-99,Creme de Queijo,,209.7,10.34,15.81,6.72,0.1,287.52,15.68,0.027,217.1,0.24,208.56,138.69,0.021,1.19,9.55,127.23,130.14,0.064,0.25,0.306,0.05,0.596,13.29,0.891,0.256,,51.12,9.836,4.292,0.609,0.485,4.84,
7007701-99,Caldo de Peixe,,16,2,0.6,0.4,,30,1,0.026,30,0.21,318,86,0.051,0.1,0.7,1,1,,0.03,1.37,0.01,0.1,4,0.192,0.15,,,0.142,0.121,0.162,,0.16,
7007901-99,Caldo de Tomate,,37.7,0.75,0.78,7.39,0.46,6.2,5.16,0.055,11.02,0.43,305.05,88.3,0.046,0.09,1.95,,6.33,0.035,0.032,0.481,0.02,,8.79,,0.494,5.68,,0.14,0.215,0.366,0.034,3.75,2.9
7009102-99,Gergelim,,631,20.45,61.21,11.73,11.6,60,345,1.44,667,6.36,47,370,1.4,6.73,97.5,,3.33,0.7,0.09,5.8,0.4,,115,,1.68,,,9.06,23.92,25.49,,0.52,
7010301-99,Tomate Seco,,213,5.06,14.08,23.33,5.8,47,81,0.466,139,2.68,266,1565,0.473,0.78,3,,64.33,0.193,0.383,3.63,0.319,,23,,1.847,101.8,,1.893,8.663,2.06,0.01,13.9,
7010401-99,Maionese (Molho) Light,,156.6,0.59,9.46,18.77,1.24,12.72,1.86,0.022,11.99,0.19,876.69,14.56,0.008,0.08,5.85,10.11,13.62,0.006,0.025,0.022,0.018,0.057,3.7,0.074,0.822,0.11,31.09,1.613,2.292,5.168,0.047,12.48,12.71
7010501-99,Molho de Soja Light,,53.1,5.18,0.08,8.53,0.8,17.04,34.08,0.425,110.26,2.02,3341.01,180.43,0.115,0.37,0.8,,,0.05,0.13,3.368,0.17,,16.04,,,,,0.01,0.012,0.036,,2.1,
7010601-99,Leite de Coco Light,,202.5,1.61,20.85,5.59,0.91,4.01,32.07,0.811,59.13,0.81,12.03,232.53,0.236,0.59,3.71,,,0.023,,0.673,0.03,,14.03,,0.008,1.1,,18.487,0.887,0.229,,4.68,
7079202-99,Vinagrete,,76.8,0.65,6.21,3.68,0.93,19.92,10.15,0.162,19.03,0.65,1299.77,156.7,0.037,0.17,0.15,,39.19,0.025,0.017,0.269,0.051,,17.93,,1.071,13.73,,0.865,4.471,0.674,0.01,3.42,
7100101-2,"File Mignon, cozido(a)",,204,30.67,9,,,7,20,0.011,193,2.53,41,252,0.074,5.2,31.7,,,0.07,0.163,5.36,0.403,1.71,10,0.6,0.43,,58,3.415,3.918,0.347,0.409,,
7100101-3,"File Mignon, grelhado(a)/brasa/churrasco",,204,30.67,9,,,7,20,0.011,193,2.53,41,252,0.074,5.2,31.7,,,0.07,0.163,5.36,0.403,1.71,10,0.6,0.43,,58,3.415,3.918,0.347,0.409,,
7100101-4,"File Mignon, assado(a)",,204,30.67,9,,,7,20,0.011,193,2.53,41,252,0.074,5.2,31.7,,,0.07,0.163,5.36,0.403,1.71,10,0.6,0.43,,58,3.415,3.918,0.347,0.409,,
7100101-5,"File Mignon, frito(a)",,226.7,30.67,11.56,,,7,20,0.011,193,2.53,41,252,0.074,5.2,32.88,,,0.07,0.163,5.36,0.403,1.71,10,0.6,0.64,,58,3.816,4.502,1.827,0.423,,
7100101-6,"File Mignon, empanado(a)/a milanesa",,242.8,31.13,11.61,3.39,0.14,7.67,20.98,0.041,197.8,2.74,41.09,256.76,0.08,5.23,34.38,,,0.105,0.185,5.622,0.405,1.71,19.07,0.6,0.642,,58,3.823,4.506,1.845,0.423,0.01,
7100101-7,"File Mignon, refogado(a)",,226.7,30.67,11.56,,,7,20,0.011,193,2.53,41,252,0.074,5.2,32.88,,,0.07,0.163,5.36,0.403,1.71,10,0.6,0.64,,58,3.816,4.502,1.827,0.423,,
7100101-8,"File Mignon, molho vermelho",,168,24.8,7.24,1.08,0.3,8.2,19.2,0.03,159.6,2.23,137.6,267.8,0.083,4.2,25.4,,3.48,0.061,0.144,4.483,0.342,1.368,10.2,0.48,0.628,1.4,46.4,2.737,3.14,0.292,0.327,0.85,
7100101-9,"File Mignon, molho branco",,195.8,25.32,9.69,1.85,0.04,28.48,18.31,0.019,174.09,2.09,53.72,231.65,0.063,4.25,26.53,20.7,21.08,0.075,0.173,4.384,0.33,1.458,11.6,0.707,0.409,0,53.23,4.264,3.771,0.39,0.424,1.03,
7100101-11,"File Mignon, com manteiga/oleo",,223.1,30.69,11.16,0,,7.64,20.05,0.011,193.64,2.53,56.37,252.64,0.074,5.2,31.73,17.91,18.26,0.07,0.164,5.361,0.403,1.715,10.08,0.637,0.492,,63.74,4.786,4.479,0.428,0.496,0,
7100101-99,File Mignon,,204,30.67,9,,,7,20,0.011,193,2.53,41,252,0.074,5.2,31.7,,,0.07,0.163,5.36,0.403,1.71,10,0.6,0.43,,58,3.415,3.918,0.347,0.409,,
7100201-2,"Contrafile, cozido(a)",,204,30.67,9,,,7,20,0.011,193,2.53,41,252,0.074,5.2,31.7,,,0.07,0.163,5.36,0.403,1.71,10,0.6,0.43,,58,3.415,3.918,0.347,0.409,,
7100201-3,"Contrafile, grelhado(a)/brasa/churrasco",,204,30.67,9,,,7,20,0.011,193,2.53,41,252,0.074,5.2,31.7,,,0.07,0.163,5.36,0.403,1.71,10,0.6,0.43,,58,3.415,3.918,0.347,0.409,,
7100201-4,"Contrafile, assado(a)",,204,30.67,9,,,7,20,0.011,193,2.53,41,252,0.074,5.2,31.7,,,0.07,0.163,5.36,0.403,1.71,10,0.6,0.43,,58,3.415,3.918,0.347,0.409,,
7100201-5,"Contrafile, frito(a)",,226.7,30.67,11.56,,,7,20,0.011,193,2.53,41,252,0.074,5.2,32.88,,,0.07,0.163,5.36,0.403,1.71,10,0.6,0.64,,58,3.816,4.502,1.827,0.423,,
7100201-6,"Contrafile, empanado(a)/a milanesa",,242.8,31.13,11.61,3.39,0.14,7.67,20.98,0.041,197.8,2.74,41.09,256.76,0.08,5.23,34.38,,,0.105,0.185,5.622,0.405,1.71,19.07,0.6,0.642,,58,3.823,4.506,1.845,0.423,0.01,
7100201-7,"Contrafile, refogado(a)",,226.7,30.67,11.56,,,7,20,0.011,193,2.53,41,252,0.074,5.2,32.88,,,0.07,0.163,5.36,0.403,1.71,10,0.6,0.64,,58,3.816,4.502,1.827,0.423,,
7100201-8,"Contrafile, molho vermelho",,168,24.8,7.24,1.08,0.3,8.2,19.2,0.03,159.6,2.23,137.6,267.8,0.083,4.2,25.4,,3.48,0.061,0.144,4.483,0.342,1.368,10.2,0.48,0.628,1.4,46.4,2.737,3.14,0.292,0.327,0.85,
7100205-1,"Bisteca Bovina, cru(a)",,471,21.57,41.98,,,12,15,0.013,162,2.31,50,224,0.099,4.88,20.8,,,0.05,0.15,2.452,0.22,2.62,5,0.6,0.29,,94,17.8,18.88,1.53,1.91,,
7100205-2,"Bisteca Bovina, cozido(a)",,471,21.57,41.98,,,12,15,0.013,162,2.31,50,224,0.099,4.88,20.8,,,0.05,0.15,2.452,0.22,2.62,5,0.6,0.29,,94,17.8,18.88,1.53,1.91,,
7100205-3,"Bisteca Bovina, grelhado(a)/brasa/churrasco",,471,21.57,41.98,,,12,15,0.013,162,2.31,50,224,0.099,4.88,20.8,,,0.05,0.15,2.452,0.22,2.62,5,0.6,0.29,,94,17.8,18.88,1.53,1.91,,
7100205-4,"Bisteca Bovina, assado(a)",,471,21.57,41.98,,,12,15,0.013,162,2.31,50,224,0.099,4.88,20.8,,,0.05,0.15,2.452,0.22,2.62,5,0.6,0.29,,94,17.8,18.88,1.53,1.91,,
7100205-5,"Bisteca Bovina, frito(a)",,471,21.57,41.98,,,12,15,0.013,162,2.31,50,224,0.099,4.88,20.8,,,0.05,0.15,2.452,0.22,2.62,5,0.6,0.29,,94,17.8,18.88,1.53,1.91,,
7100205-6,"Bisteca Bovina, empanado(a)/a milanesa",,329.8,26.31,22.65,3.39,0.14,19.67,22.98,0.039,205.8,1.87,53.09,327.76,0.084,4.7,30.68,,,0.105,0.147,7.143,0.543,1.52,17.07,0.6,0.702,,105,8.302,9.243,2.24,0.924,0.01,
7100205-7,"Bisteca Bovina, refogado(a)",,471,21.57,41.98,,,12,15,0.013,162,2.31,50,224,0.099,4.88,20.8,,,0.05,0.15,2.452,0.22,2.62,5,0.6,0.29,,94,17.8,18.88,1.53,1.91,,
7100205-8,"Bisteca Bovina, molho vermelho",,381.6,17.52,33.62,1.08,0.3,12.2,15.2,0.032,134.8,2.05,144.8,245.4,0.103,3.94,16.68,,3.48,0.045,0.133,2.157,0.195,2.096,6.2,0.48,0.516,1.4,75.2,14.245,15.109,1.239,1.528,0.85,
7100301-1,"Alcatra, cru(a)",,204,30.67,9,,,7,20,0.011,193,2.53,41,252,0.074,5.2,31.7,,,0.07,0.163,5.36,0.403,1.71,10,0.6,0.43,,58,3.415,3.918,0.347,0.409,,
7100301-2,"Alcatra, cozido(a)",,204,30.67,9,,,7,20,0.011,193,2.53,41,252,0.074,5.2,31.7,,,0.07,0.163,5.36,0.403,1.71,10,0.6,0.43,,58,3.415,3.918,0.347,0.409,,
7100301-3,"Alcatra, grelhado(a)/brasa/churrasco",,204,30.67,9,,,7,20,0.011,193,2.53,41,252,0.074,5.2,31.7,,,0.07,0.163,5.36,0.403,1.71,10,0.6,0.43,,58,3.415,3.918,0.347,0.409,,
7100301-4,"Alcatra, assado(a)",,204,30.67,9,,,7,20,0.011,193,2.53,41,252,0.074,5.2,31.7,,,0.07,0.163,5.36,0.403,1.71,10,0.6,0.43,,58,3.415,3.918,0.347,0.409,,
7100301-5,"Alcatra, frito(a)",,253.6,30.67,14.61,,,7,20,0.011,193,2.53,41,252,0.074,5.2,34.27,,,0.07,0.163,5.36,0.403,1.71,10,0.6,0.889,,58,4.293,5.195,3.585,0.439,,
7100301-6,"Alcatra, empanado(a)/a milanesa",,253.6,30.67,14.61,,,7,20,0.011,193,2.53,41,252,0.074,5.2,34.27,,,0.07,0.163,5.36,0.403,1.71,10,0.6,0.889,,58,4.293,5.195,3.585,0.439,,
7100301-7,"Alcatra, refogado(a)",,253.6,30.67,14.61,,,7,20,0.011,193,2.53,41,252,0.074,5.2,34.27,,,0.07,0.163,5.36,0.403,1.71,10,0.6,0.889,,58,4.293,5.195,3.585,0.439,,
7100301-8,"Alcatra, molho vermelho",,168,24.8,7.24,1.08,0.3,8.2,19.2,0.03,159.6,2.23,137.6,267.8,0.083,4.2,25.4,,3.48,0.061,0.144,4.483,0.342,1.368,10.2,0.48,0.628,1.4,46.4,2.737,3.14,0.292,0.327,0.85,
7100301-12,"Alcatra, ao vinagrete",,204,30.67,9,,,7,20,0.011,193,2.53,41,252,0.074,5.2,31.7,,,0.07,0.163,5.36,0.403,1.71,10,0.6,0.43,,58,3.415,3.918,0.347,0.409,,
7100301-13,"Alcatra, ensopado",,253.6,30.67,14.61,,,7,20,0.011,193,2.53,41,252,0.074,5.2,34.27,,,0.07,0.163,5.36,0.403,1.71,10,0.6,0.889,,58,4.293,5.195,3.585,0.439,,
7100303-3,"Maminha, grelhado(a)/brasa/churrasco",,199,36.12,5,,,4,26,0.018,226,3.32,45,334,0.124,4.56,33,,,0.07,0.25,3.81,0.28,2.7,9,0.7,0.14,,90,1.72,2,0.22,0.227,,
7100303-4,"Maminha, assado(a)",,199,36.12,5,,,4,26,0.018,226,3.32,45,334,0.124,4.56,33,,,0.07,0.25,3.81,0.28,2.7,9,0.7,0.14,,90,1.72,2,0.22,0.227,,
7100303-5,"Maminha, frito(a)",,248.6,36.12,10.61,,,4,26,0.018,226,3.32,45,334,0.124,4.56,35.57,,,0.07,0.25,3.81,0.28,2.7,9,0.7,0.599,,90,2.598,3.277,3.458,0.257,,
7100303-8,"Maminha, molho vermelho",,164,29.16,4.04,1.08,0.3,5.8,24,0.036,186,2.86,140.8,333.4,0.123,3.69,26.44,,3.48,0.061,0.213,3.243,0.243,2.16,9.4,0.56,0.396,1.4,72,1.381,1.605,0.191,0.182,0.85,
7100304-2,"Picanha, cozido(a)",,204,30.67,9,,,7,20,0.011,193,2.53,41,252,0.074,5.2,31.7,,,0.07,0.163,5.36,0.403,1.71,10,0.6,0.43,,58,3.415,3.918,0.347,0.409,,
7100304-3,"Picanha, grelhado(a)/brasa/churrasco",,204,30.67,9,,,7,20,0.011,193,2.53,41,252,0.074,5.2,31.7,,,0.07,0.163,5.36,0.403,1.71,10,0.6,0.43,,58,3.415,3.918,0.347,0.409,,
7100304-4,"Picanha, assado(a)",,204,30.67,9,,,7,20,0.011,193,2.53,41,252,0.074,5.2,31.7,,,0.07,0.163,5.36,0.403,1.71,10,0.6,0.43,,58,3.415,3.918,0.347,0.409,,
7100304-5,"Picanha, frito(a)",,253.6,30.67,14.61,,,7,20,0.011,193,2.53,41,252,0.074,5.2,34.27,,,0.07,0.163,5.36,0.403,1.71,10,0.6,0.889,,58,4.293,5.195,3.585,0.439,,
7100304-13,"Picanha, ensopado",,253.6,30.67,14.61,,,7,20,0.011,193,2.53,41,252,0.074,5.2,34.27,,,0.07,0.163,5.36,0.403,1.71,10,0.6,0.889,,58,4.293,5.195,3.585,0.439,,
7100501-2,"Patinho, cozido(a)",,199,36.12,5,,,4,26,0.018,226,3.32,45,334,0.124,4.56,33,,,0.07,0.25,3.81,0.28,2.7,9,0.7,0.14,,90,1.72,2,0.22,0.227,,
7100501-3,"Patinho, grelhado(a)/brasa/churrasco",,199,36.12,5,,,4,26,0.018,226,3.32,45,334,0.124,4.56,33,,,0.07,0.25,3.81,0.28,2.7,9,0.7,0.14,,90,1.72,2,0.22,0.227,,
7100501-4,"Patinho, assado(a)",,199,36.12,5,,,4,26,0.018,226,3.32,45,334,0.124,4.56,33,,,0.07,0.25,3.81,0.28,2.7,9,0.7,0.14,,90,1.72,2,0.22,0.227,,
7100501-5,"Patinho, frito(a)",,248.6,36.12,10.61,,,4,26,0.018,226,3.32,45,334,0.124,4.56,35.57,,,0.07,0.25,3.81,0.28,2.7,9,0.7,0.599,,90,2.598,3.277,3.458,0.257,,
7100501-6,"Patinho, empanado(a)/a milanesa",,248.6,36.12,10.61,,,4,26,0.018,226,3.32,45,334,0.124,4.56,35.57,,,0.07,0.25,3.81,0.28,2.7,9,0.7,0.599,,90,2.598,3.277,3.458,0.257,,
7100501-8,"Patinho, molho vermelho",,164,29.16,4.04,1.08,0.3,5.8,24,0.036,186,2.86,140.8,333.4,0.123,3.69,26.44,,3.48,0.061,0.213,3.243,0.243,2.16,9.4,0.56,0.396,1.4,72,1.381,1.605,0.191,0.182,0.85,
7100501-13,"Patinho, ensopado",,248.6,36.12,10.61,,,4,26,0.018,226,3.32,45,334,0.124,4.56,35.57,,,0.07,0.25,3.81,0.28,2.7,9,0.7,0.599,,90,2.598,3.277,3.458,0.257,,
7100502-2,"Cabeca de Lombo (Carne Bovina), cozido(a)",,199,36.12,5,,,4,26,0.018,226,3.32,45,334,0.124,4.56,33,,,0.07,0.25,3.81,0.28,2.7,9,0.7,0.14,,90,1.72,2,0.22,0.227,,
7100502-3,"Cabeca de Lombo (Carne Bovina), grelhado(a)/brasa/churrasco",,199,36.12,5,,,4,26,0.018,226,3.32,45,334,0.124,4.56,33,,,0.07,0.25,3.81,0.28,2.7,9,0.7,0.14,,90,1.72,2,0.22,0.227,,
7100502-4,"Cabeca de Lombo (Carne Bovina), assado(a)",,199,36.12,5,,,4,26,0.018,226,3.32,45,334,0.124,4.56,33,,,0.07,0.25,3.81,0.28,2.7,9,0.7,0.14,,90,1.72,2,0.22,0.227,,
7100502-5,"Cabeca de Lombo (Carne Bovina), frito(a)",,248.6,36.12,10.61,,,4,26,0.018,226,3.32,45,334,0.124,4.56,35.57,,,0.07,0.25,3.81,0.28,2.7,9,0.7,0.599,,90,2.598,3.277,3.458,0.257,,
7100502-6,"Cabeca de Lombo (Carne Bovina), empanado(a)/a milanesa",,248.6,36.12,10.61,,,4,26,0.018,226,3.32,45,334,0.124,4.56,35.57,,,0.07,0.25,3.81,0.28,2.7,9,0.7,0.599,,90,2.598,3.277,3.458,0.257,,
7100502-7,"Cabeca de Lombo (Carne Bovina), refogado(a)",,248.6,36.12,10.61,,,4,26,0.018,226,3.32,45,334,0.124,4.56,35.57,,,0.07,0.25,3.81,0.28,2.7,9,0.7,0.599,,90,2.598,3.277,3.458,0.257,,
7100604-2,"Posta Branca, cozido(a)",,199,36.12,5,,,4,26,0.018,226,3.32,45,334,0.124,4.56,33,,,0.07,0.25,3.81,0.28,2.7,9,0.7,0.14,,90,1.72,2,0.22,0.227,,
7100604-5,"Posta Branca, frito(a)",,248.6,36.12,10.61,,,4,26,0.018,226,3.32,45,334,0.124,4.56,35.57,,,0.07,0.25,3.81,0.28,2.7,9,0.7,0.599,,90,2.598,3.277,3.458,0.257,,
7100604-8,"Posta Branca, molho vermelho",,164,29.16,4.04,1.08,0.3,5.8,24,0.036,186,2.86,140.8,333.4,0.123,3.69,26.44,,3.48,0.061,0.213,3.243,0.243,2.16,9.4,0.56,0.396,1.4,72,1.381,1.605,0.191,0.182,0.85,
7100606-2,"Tatu (Lagarto Redondo), cozido(a)",,199,36.12,5,,,4,26,0.018,226,3.32,45,334,0.124,4.56,33,,,0.07,0.25,3.81,0.28,2.7,9,0.7,0.14,,90,1.72,2,0.22,0.227,,
7100606-4,"Tatu (Lagarto Redondo), assado(a)",,199,36.12,5,,,4,26,0.018,226,3.32,45,334,0.124,4.56,33,,,0.07,0.25,3.81,0.28,2.7,9,0.7,0.14,,90,1.72,2,0.22,0.227,,
7100606-7,"Tatu (Lagarto Redondo), refogado(a)",,248.6,36.12,10.61,,,4,26,0.018,226,3.32,45,334,0.124,4.56,35.57,,,0.07,0.25,3.81,0.28,2.7,9,0.7,0.599,,90,2.598,3.277,3.458,0.257,,
7100606-99,Tatu (Lagarto Redondo),,199,36.12,5,,,4,26,0.018,226,3.32,45,334,0.124,4.56,33,,,0.07,0.25,3.81,0.28,2.7,9,0.7,0.14,,90,1.72,2,0.22,0.227,,
7100607-2,"Paulista, cozido(a)",,199,36.12,5,,,4,26,0.018,226,3.32,45,334,0.124,4.56,33,,,0.07,0.25,3.81,0.28,2.7,9,0.7,0.14,,90,1.72,2,0.22,0.227,,
7100607-4,"Paulista, assado(a)",,199,36.12,5,,,4,26,0.018,226,3.32,45,334,0.124,4.56,33,,,0.07,0.25,3.81,0.28,2.7,9,0.7,0.14,,90,1.72,2,0.22,0.227,,
7100608-2,"Lombo Paulista (Carne Bovina), cozido(a)",,199,36.12,5,,,4,26,0.018,226,3.32,45,334,0.124,4.56,33,,,0.07,0.25,3.81,0.28,2.7,9,0.7,0.14,,90,1.72,2,0.22,0.227,,
7100608-4,"Lombo Paulista (Carne Bovina), assado(a)",,199,36.12,5,,,4,26,0.018,226,3.32,45,334,0.124,4.56,33,,,0.07,0.25,3.81,0.28,2.7,9,0.7,0.14,,90,1.72,2,0.22,0.227,,
7100608-5,"Lombo Paulista (Carne Bovina), frito(a)",,248.6,36.12,10.61,,,4,26,0.018,226,3.32,45,334,0.124,4.56,35.57,,,0.07,0.25,3.81,0.28,2.7,9,0.7,0.599,,90,2.598,3.277,3.458,0.257,,
7100608-13,"Lombo Paulista (Carne Bovina), ensopado",,248.6,36.12,10.61,,,4,26,0.018,226,3.32,45,334,0.124,4.56,35.57,,,0.07,0.25,3.81,0.28,2.7,9,0.7,0.599,,90,2.598,3.277,3.458,0.257,,
7100702-2,"Posta Vermelha, cozido(a)",,199,36.12,5,,,4,26,0.018,226,3.32,45,334,0.124,4.56,33,,,0.07,0.25,3.81,0.28,2.7,9,0.7,0.14,,90,1.72,2,0.22,0.227,,
7100801-2,"Acem, cozido(a)",,242,24.22,15.42,,,8,20,0.001,196,2.81,67,337,0.093,5.71,28.3,,,0.081,0.226,3.207,0.255,2.83,9,0.7,0.14,,75,5.738,7.002,0.613,0.68,,
7100801-4,"Acem, assado(a)",,242,24.22,15.42,,,8,20,0.001,196,2.81,67,337,0.093,5.71,28.3,,,0.081,0.226,3.207,0.255,2.83,9,0.7,0.14,,75,5.738,7.002,0.613,0.68,,
7100801-5,"Acem, frito(a)",,264.7,24.22,17.98,,,8,20,0.001,196,2.81,67,337,0.093,5.71,29.48,,,0.081,0.226,3.207,0.255,2.83,9,0.7,0.35,,75,6.139,7.586,2.093,0.694,,
7100801-6,"Acem, empanado(a)/a milanesa",,280.8,24.68,18.03,3.39,0.14,8.67,20.98,0.031,200.8,3.02,67.09,341.76,0.099,5.74,30.98,,,0.116,0.248,3.469,0.257,2.83,18.07,0.7,0.352,,75,6.146,7.59,2.111,0.694,0.01,
7100801-7,"Acem, refogado(a)",,264.7,24.22,17.98,,,8,20,0.001,196,2.81,67,337,0.093,5.71,29.48,,,0.081,0.226,3.207,0.255,2.83,9,0.7,0.35,,75,6.139,7.586,2.093,0.694,,
7100801-13,"Acem, ensopado",,264.7,24.22,17.98,,,8,20,0.001,196,2.81,67,337,0.093,5.71,29.48,,,0.081,0.226,3.207,0.255,2.83,9,0.7,0.35,,75,6.139,7.586,2.093,0.694,,
7100803-2,"Agulha (Acem), cozido(a)",,242,24.22,15.42,,,8,20,0.001,196,2.81,67,337,0.093,5.71,28.3,,,0.081,0.226,3.207,0.255,2.83,9,0.7,0.14,,75,5.738,7.002,0.613,0.68,,
7100803-4,"Agulha (Acem), assado(a)",,242,24.22,15.42,,,8,20,0.001,196,2.81,67,337,0.093,5.71,28.3,,,0.081,0.226,3.207,0.255,2.83,9,0.7,0.14,,75,5.738,7.002,0.613,0.68,,
7100803-5,"Agulha (Acem), frito(a)",,264.7,24.22,17.98,,,8,20,0.001,196,2.81,67,337,0.093,5.71,29.48,,,0.081,0.226,3.207,0.255,2.83,9,0.7,0.35,,75,6.139,7.586,2.093,0.694,,
7100905-2,"Paleta, cozido(a)",,242,24.22,15.42,,,8,20,0.001,196,2.81,67,337,0.093,5.71,28.3,,,0.081,0.226,3.207,0.255,2.83,9,0.7,0.14,,75,5.738,7.002,0.613,0.68,,
7100905-5,"Paleta, frito(a)",,264.7,24.22,17.98,,,8,20,0.001,196,2.81,67,337,0.093,5.71,29.48,,,0.081,0.226,3.207,0.255,2.83,9,0.7,0.35,,75,6.139,7.586,2.093,0.694,,
7100905-8,"Paleta, molho vermelho",,198.4,19.64,12.37,1.08,0.3,9,19.2,0.022,162,2.45,158.4,335.8,0.098,4.61,22.68,,3.48,0.07,0.194,2.761,0.223,2.264,9.4,0.56,0.396,1.4,60,4.595,5.607,0.505,0.544,0.85,
7100905-13,"Paleta, ensopado",,264.7,24.22,17.98,,,8,20,0.001,196,2.81,67,337,0.093,5.71,29.48,,,0.081,0.226,3.207,0.255,2.83,9,0.7,0.35,,75,6.139,7.586,2.093,0.694,,
7100908-2,"Pa com Osso, cozido(a)",,242,24.22,15.42,,,8,20,0.001,196,2.81,67,337,0.093,5.71,28.3,,,0.081,0.226,3.207,0.255,2.83,9,0.7,0.14,,75,5.738,7.002,0.613,0.68,,
7100908-3,"Pa com Osso, grelhado(a)/brasa/churrasco",,242,24.22,15.42,,,8,20,0.001,196,2.81,67,337,0.093,5.71,28.3,,,0.081,0.226,3.207,0.255,2.83,9,0.7,0.14,,75,5.738,7.002,0.613,0.68,,
7100908-4,"Pa com Osso, assado(a)",,242,24.22,15.42,,,8,20,0.001,196,2.81,67,337,0.093,5.71,28.3,,,0.081,0.226,3.207,0.255,2.83,9,0.7,0.14,,75,5.738,7.002,0.613,0.68,,
7101001-2,"Musculo Bovino, cozido(a)",,199,36.12,5,,,4,26,0.018,226,3.32,45,334,0.124,4.56,33,,,0.07,0.25,3.81,0.28,2.7,9,0.7,0.14,,90,1.72,2,0.22,0.227,,
7101001-4,"Musculo Bovino, assado(a)",,199,36.12,5,,,4,26,0.018,226,3.32,45,334,0.124,4.56,33,,,0.07,0.25,3.81,0.28,2.7,9,0.7,0.14,,90,1.72,2,0.22,0.227,,
7101001-8,"Musculo Bovino, molho vermelho",,164,29.16,4.04,1.08,0.3,5.8,24,0.036,186,2.86,140.8,333.4,0.123,3.69,26.44,,3.48,0.061,0.213,3.243,0.243,2.16,9.4,0.56,0.396,1.4,72,1.381,1.605,0.191,0.182,0.85,
7101001-13,"Musculo Bovino, ensopado",,221.7,36.12,7.56,,,4,26,0.018,226,3.32,45,334,0.124,4.56,34.17,,,0.07,0.25,3.81,0.28,2.7,9,0.7,0.35,,90,2.121,2.584,1.7,0.241,,
7101001-15,"Musculo Bovino, sopa",,63.9,3.81,1.81,7.73,0.39,6.63,7.03,0.052,39.85,0.65,364.01,125.68,0.049,0.68,4.81,,0.74,0.047,0.063,1.277,0.069,0.339,10.13,0.089,0.039,1.57,7.86,0.677,0.792,0.094,0.077,0.24,
7101006-2,"Chambaril, cozido(a)",,242,24.22,15.42,,,8,20,0.001,196,2.81,67,337,0.093,5.71,28.3,,,0.081,0.226,3.207,0.255,2.83,9,0.7,0.14,,75,5.738,7.002,0.613,0.68,,
7101006-4,"Chambaril, assado(a)",,242,24.22,15.42,,,8,20,0.001,196,2.81,67,337,0.093,5.71,28.3,,,0.081,0.226,3.207,0.255,2.83,9,0.7,0.14,,75,5.738,7.002,0.613,0.68,,
7101006-7,"Chambaril, refogado(a)",,264.7,24.22,17.98,,,8,20,0.001,196,2.81,67,337,0.093,5.71,29.48,,,0.081,0.226,3.207,0.255,2.83,9,0.7,0.35,,75,6.139,7.586,2.093,0.694,,
7101009-2,"Carne Marica Bovina, cozido(a)",,199,36.12,5,,,4,26,0.018,226,3.32,45,334,0.124,4.56,33,,,0.07,0.25,3.81,0.28,2.7,9,0.7,0.14,,90,1.72,2,0.22,0.227,,
7101009-5,"Carne Marica Bovina, frito(a)",,221.7,36.12,7.56,,,4,26,0.018,226,3.32,45,334,0.124,4.56,34.17,,,0.07,0.25,3.81,0.28,2.7,9,0.7,0.35,,90,2.121,2.584,1.7,0.241,,
7101009-7,"Carne Marica Bovina, refogado(a)",,221.7,36.12,7.56,,,4,26,0.018,226,3.32,45,334,0.124,4.56,34.17,,,0.07,0.25,3.81,0.28,2.7,9,0.7,0.35,,90,2.121,2.584,1.7,0.241,,
7101011-2,"Vazio (Carne Bovina), cozido(a)",,204,30.67,9,,,7,20,0.011,193,2.53,41,252,0.074,5.2,31.7,,,0.07,0.163,5.36,0.403,1.71,10,0.6,0.43,,58,3.415,3.918,0.347,0.409,,
7101011-3,"Vazio (Carne Bovina), grelhado(a)/brasa/churrasco",,204,30.67,9,,,7,20,0.011,193,2.53,41,252,0.074,5.2,31.7,,,0.07,0.163,5.36,0.403,1.71,10,0.6,0.43,,58,3.415,3.918,0.347,0.409,,
7101011-5,"Vazio (Carne Bovina), frito(a)",,226.7,30.67,11.56,,,7,20,0.011,193,2.53,41,252,0.074,5.2,32.88,,,0.07,0.163,5.36,0.403,1.71,10,0.6,0.64,,58,3.816,4.502,1.827,0.423,,
7101101-2,"Peito Bovino, cozido(a)",,204,30.67,9,,,7,20,0.011,193,2.53,41,252,0.074,5.2,31.7,,,0.07,0.163,5.36,0.403,1.71,10,0.6,0.43,,58,3.415,3.918,0.347,0.409,,
7101101-5,"Peito Bovino, frito(a)",,226.7,30.67,11.56,,,7,20,0.011,193,2.53,41,252,0.074,5.2,32.88,,,0.07,0.163,5.36,0.403,1.71,10,0.6,0.64,,58,3.816,4.502,1.827,0.423,,
7101202-2,"Fraldinha (Capa de File), cozido(a)",,199,36.12,5,,,4,26,0.018,226,3.32,45,334,0.124,4.56,33,,,0.07,0.25,3.81,0.28,2.7,9,0.7,0.14,,90,1.72,2,0.22,0.227,,
7101202-3,"Fraldinha (Capa de File), grelhado(a)/brasa/churrasco",,199,36.12,5,,,4,26,0.018,226,3.32,45,334,0.124,4.56,33,,,0.07,0.25,3.81,0.28,2.7,9,0.7,0.14,,90,1.72,2,0.22,0.227,,
7101202-4,"Fraldinha (Capa de File), assado(a)",,199,36.12,5,,,4,26,0.018,226,3.32,45,334,0.124,4.56,33,,,0.07,0.25,3.81,0.28,2.7,9,0.7,0.14,,90,1.72,2,0.22,0.227,,
7101202-5,"Fraldinha (Capa de File), frito(a)",,221.7,36.12,7.56,,,4,26,0.018,226,3.32,45,334,0.124,4.56,34.17,,,0.07,0.25,3.81,0.28,2.7,9,0.7,0.35,,90,2.121,2.584,1.7,0.241,,
7101203-1,"Aba de Filé, cru(a)",,242,24.22,15.42,,,8,20,0.001,196,2.81,67,337,0.093,5.71,28.3,,,0.081,0.226,3.207,0.255,2.83,9,0.7,0.14,,75,5.738,7.002,0.613,0.68,,
7101203-3,"Aba de Filé, grelhado(a)/brasa/churrasco",,242,24.22,15.42,,,8,20,0.001,196,2.81,67,337,0.093,5.71,28.3,,,0.081,0.226,3.207,0.255,2.83,9,0.7,0.14,,75,5.738,7.002,0.613,0.68,,
7101203-5,"Aba de Filé, frito(a)",,264.7,24.22,17.98,,,8,20,0.001,196,2.81,67,337,0.093,5.71,29.48,,,0.081,0.226,3.207,0.255,2.83,9,0.7,0.35,,75,6.139,7.586,2.093,0.694,,
7101301-2,"Costela Bovina, cozido(a)",,365,22.6,29.79,,,11,20,0.013,176,2.35,64,302,0.084,5.4,22.4,,,0.07,0.17,3.43,0.23,2.55,7,0.6,0.24,,84,12.01,12.8,1.05,1.35,,
7101301-4,"Costela Bovina, assado(a)",,365,22.6,29.79,,,11,20,0.013,176,2.35,64,302,0.084,5.4,22.4,,,0.07,0.17,3.43,0.23,2.55,7,0.6,0.24,,84,12.01,12.8,1.05,1.35,,
7101301-7,"Costela Bovina, refogado(a)",,365,22.6,29.79,,,11,20,0.013,176,2.35,64,302,0.084,5.4,22.4,,,0.07,0.17,3.43,0.23,2.55,7,0.6,0.24,,84,12.01,12.8,1.05,1.35,,
7101301-13,"Costela Bovina, ensopado",,365,22.6,29.79,,,11,20,0.013,176,2.35,64,302,0.084,5.4,22.4,,,0.07,0.17,3.43,0.23,2.55,7,0.6,0.24,,84,12.01,12.8,1.05,1.35,,
7101704-2,"Jacare (Carne Bovina de Segunda C/ Osso), cozido(a)",,365,22.6,29.79,,,11,20,0.013,176,2.35,64,302,0.084,5.4,22.4,,,0.07,0.17,3.43,0.23,2.55,7,0.6,0.24,,84,12.01,12.8,1.05,1.35,,
7101704-4,"Jacare (Carne Bovina de Segunda C/ Osso), assado(a)",,365,22.6,29.79,,,11,20,0.013,176,2.35,64,302,0.084,5.4,22.4,,,0.07,0.17,3.43,0.23,2.55,7,0.6,0.24,,84,12.01,12.8,1.05,1.35,,
7101704-5,"Jacare (Carne Bovina de Segunda C/ Osso), frito(a)",,365,22.6,29.79,,,11,20,0.013,176,2.35,64,302,0.084,5.4,22.4,,,0.07,0.17,3.43,0.23,2.55,7,0.6,0.24,,84,12.01,12.8,1.05,1.35,,
7101706-3,"File de Segunda, grelhado(a)/brasa/churrasco",,242,24.22,15.42,,,8,20,0.001,196,2.81,67,337,0.093,5.71,28.3,,,0.081,0.226,3.207,0.255,2.83,9,0.7,0.14,,75,5.738,7.002,0.613,0.68,,
7101706-4,"File de Segunda, assado(a)",,242,24.22,15.42,,,8,20,0.001,196,2.81,67,337,0.093,5.71,28.3,,,0.081,0.226,3.207,0.255,2.83,9,0.7,0.14,,75,5.738,7.002,0.613,0.68,,
7101706-5,"File de Segunda, frito(a)",,264.7,24.22,17.98,,,8,20,0.001,196,2.81,67,337,0.093,5.71,29.48,,,0.081,0.226,3.207,0.255,2.83,9,0.7,0.35,,75,6.139,7.586,2.093,0.694,,
7101706-6,"File de Segunda, empanado(a)/a milanesa",,280.8,24.68,18.03,3.39,0.14,8.67,20.98,0.031,200.8,3.02,67.09,341.76,0.099,5.74,30.98,,,0.116,0.248,3.469,0.257,2.83,18.07,0.7,0.352,,75,6.146,7.59,2.111,0.694,0.01,
7101706-10,"File de Segunda, ao alho e oleo",,264.7,24.22,17.98,,,8,20,0.001,196,2.81,67,337,0.093,5.71,29.48,,,0.081,0.226,3.207,0.255,2.83,9,0.7,0.35,,75,6.139,7.586,2.093,0.694,,
7101801-2,"Viscera Bovina, cozido(a)",,191,29.08,5.26,5.13,,6,21,0.356,497,6.54,79,352,14.283,5.3,36.1,9428,9442.42,0.194,3.425,17.525,1.017,70.58,253,0.4,0.51,1.9,396,1.696,0.647,0.639,0.21,,
7101801-5,"Viscera Bovina, frito(a)",,213.7,29.08,7.82,5.13,,6,21,0.356,497,6.54,79,352,14.283,5.3,37.27,9428,9442.42,0.194,3.425,17.525,1.017,70.58,253,0.4,0.72,1.9,396,2.097,1.231,2.119,0.224,,
7101806-2,"Panelada (Visceras Bovinas Nao Especificadas), cozido(a)",,100,13.98,2.96,4.18,0.62,15.87,15.95,0.222,195.69,5.19,340.83,224.91,0.254,2.2,37.48,1539.87,1553.6,0.142,0.813,4.9,0.39,6.657,232.51,0.103,0.576,34.22,265.68,0.899,0.626,0.86,0.052,1.95,
7101806-13,"Panelada (Visceras Bovinas Nao Especificadas), ensopado",,100,13.98,2.96,4.18,0.62,15.87,15.95,0.222,195.69,5.19,340.83,224.91,0.254,2.2,37.48,1539.87,1553.6,0.142,0.813,4.9,0.39,6.657,232.51,0.103,0.576,34.22,265.68,0.899,0.626,0.86,0.052,1.95,
7101901-2,"Coracao Bovino, cozido(a)",,165,28.48,4.73,0.15,,5,21,0.033,254,6.38,59,219,0.559,2.87,38.9,,,0.101,1.21,6.68,0.245,10.8,5,,0.29,,212,1.404,1.011,0.985,0.16,,
7101901-3,"Coracao Bovino, grelhado(a)/brasa/churrasco",,165,28.48,4.73,0.15,,5,21,0.033,254,6.38,59,219,0.559,2.87,38.9,,,0.101,1.21,6.68,0.245,10.8,5,,0.29,,212,1.404,1.011,0.985,0.16,,
7101901-4,"Coracao Bovino, assado(a)",,165,28.48,4.73,0.15,,5,21,0.033,254,6.38,59,219,0.559,2.87,38.9,,,0.101,1.21,6.68,0.245,10.8,5,,0.29,,212,1.404,1.011,0.985,0.16,,
7101901-5,"Coracao Bovino, frito(a)",,187.7,28.48,7.29,0.15,,5,21,0.033,254,6.38,59,219,0.559,2.87,40.08,,,0.101,1.21,6.68,0.245,10.8,5,,0.5,,212,1.805,1.595,2.465,0.174,,
7102001-2,"Rim de Boi, cozido(a)",,158,27.27,4.65,,,19,12,0.185,304,5.8,94,135,0.564,2.84,168,,,0.16,2.97,3.92,0.391,24.9,83,0.8,0.08,,716,1.066,0.711,0.827,0.2,,
7102102-4,"Bofe Bovino, assado(a)",,158,27.27,4.65,,,19,12,0.185,304,5.8,94,135,0.564,2.84,168,,,0.16,2.97,3.92,0.391,24.9,83,0.8,0.08,,716,1.066,0.711,0.827,0.2,,
7102102-5,"Bofe Bovino, frito(a)",,180.7,27.27,7.21,,,19,12,0.185,304,5.8,94,135,0.564,2.84,169.18,,,0.16,2.97,3.92,0.391,24.9,83,0.8,0.29,,716,1.467,1.295,2.307,0.214,,
7102102-7,"Bofe Bovino, refogado(a)",,180.7,27.27,7.21,,,19,12,0.185,304,5.8,94,135,0.564,2.84,169.18,,,0.16,2.97,3.92,0.391,24.9,83,0.8,0.29,,716,1.467,1.295,2.307,0.214,,
7102201-2,"Miolo de Boi, cozido(a)",,151,11.67,10.53,1.48,,9,12,0.028,335,2.3,108,244,0.23,1.09,21.8,,5.83,0.069,0.217,3.62,0.143,10.1,5,,1.67,10.5,3100,2.394,1.882,1.632,0.51,,
7102401-2,"Tripa Bovina, cozido(a)",,94,11.71,4.05,1.99,,81,15,0.103,66,0.66,68,42,,1.71,11.8,,,,0.025,0.461,,0.72,3,,0.14,,157,1.357,1.604,0.208,0.2,,
7102401-3,"Tripa Bovina, grelhado(a)/brasa/churrasco",,94,11.71,4.05,1.99,,81,15,0.103,66,0.66,68,42,,1.71,11.8,,,,0.025,0.461,,0.72,3,,0.14,,157,1.357,1.604,0.208,0.2,,
7102401-4,"Tripa Bovina, assado(a)",,94,11.71,4.05,1.99,,81,15,0.103,66,0.66,68,42,,1.71,11.8,,,,0.025,0.461,,0.72,3,,0.14,,157,1.357,1.604,0.208,0.2,,
7102401-5,"Tripa Bovina, frito(a)",,116.7,11.71,6.61,1.99,,81,15,0.103,66,0.66,68,42,,1.71,12.97,,,,0.025,0.461,,0.72,3,,0.35,,157,1.758,2.188,1.688,0.214,,
7102402-2,"Dobradinha Fresca, cozido(a)",,94,11.71,4.05,1.99,,81,15,0.103,66,0.66,68,42,,1.71,11.8,,,,0.025,0.461,,0.72,3,,0.14,,157,1.357,1.604,0.208,0.2,,
7102402-4,"Dobradinha Fresca, assado(a)",,94,11.71,4.05,1.99,,81,15,0.103,66,0.66,68,42,,1.71,11.8,,,,0.025,0.461,,0.72,3,,0.14,,157,1.357,1.604,0.208,0.2,,
7102402-8,"Dobradinha Fresca, molho vermelho",,80,9.63,3.28,2.67,0.3,67.4,15.2,0.104,58,0.73,159.2,99.8,0.023,1.41,9.48,,3.48,0.005,0.033,0.564,0.019,0.576,4.6,,0.396,1.4,125.6,1.091,1.289,0.181,0.16,0.85,
7102402-13,"Dobradinha Fresca, ensopado",,116.7,11.71,6.61,1.99,,81,15,0.103,66,0.66,68,42,,1.71,12.97,,,,0.025,0.461,,0.72,3,,0.35,,157,1.758,2.188,1.688,0.214,,
7102402-99,Dobradinha Fresca,,94,11.71,4.05,1.99,,81,15,0.103,66,0.66,68,42,,1.71,11.8,,,,0.025,0.461,,0.72,3,,0.14,,157,1.357,1.604,0.208,0.2,,
7102403-2,"Fato Bovino, cozido(a)",,94,11.71,4.05,1.99,,81,15,0.103,66,0.66,68,42,,1.71,11.8,,,,0.025,0.461,,0.72,3,,0.14,,157,1.357,1.604,0.208,0.2,,
7102403-5,"Fato Bovino, frito(a)",,116.7,11.71,6.61,1.99,,81,15,0.103,66,0.66,68,42,,1.71,12.97,,,,0.025,0.461,,0.72,3,,0.35,,157,1.758,2.188,1.688,0.214,,
7102404-2,"Fato Caprino, cozido(a)",,94,11.71,4.05,1.99,,81,15,0.103,66,0.66,68,42,,1.71,11.8,,,,0.025,0.461,,0.72,3,,0.14,,157,1.357,1.604,0.208,0.2,,
7102501-1,"Figado Bovino, cru(a)",,191,29.08,5.26,5.13,,6,21,0.356,497,6.54,79,352,14.283,5.3,36.1,9428,9442.42,0.194,3.425,17.525,1.017,70.58,253,0.4,0.51,1.9,396,1.696,0.647,0.639,0.21,,
7102501-2,"Figado Bovino, cozido(a)",,191,29.08,5.26,5.13,,6,21,0.356,497,6.54,79,352,14.283,5.3,36.1,9428,9442.42,0.194,3.425,17.525,1.017,70.58,253,0.4,0.51,1.9,396,1.696,0.647,0.639,0.21,,
7102501-3,"Figado Bovino, grelhado(a)/brasa/churrasco",,191,29.08,5.26,5.13,,6,21,0.356,497,6.54,79,352,14.283,5.3,36.1,9428,9442.42,0.194,3.425,17.525,1.017,70.58,253,0.4,0.51,1.9,396,1.696,0.647,0.639,0.21,,
7102501-4,"Figado Bovino, assado(a)",,191,29.08,5.26,5.13,,6,21,0.356,497,6.54,79,352,14.283,5.3,36.1,9428,9442.42,0.194,3.425,17.525,1.017,70.58,253,0.4,0.51,1.9,396,1.696,0.647,0.639,0.21,,
7102501-5,"Figado Bovino, frito(a)",,213.7,29.08,7.82,5.13,,6,21,0.356,497,6.54,79,352,14.283,5.3,37.27,9428,9442.42,0.194,3.425,17.525,1.017,70.58,253,0.4,0.72,1.9,396,2.097,1.231,2.119,0.224,,
7102501-6,"Figado Bovino, empanado(a)/a milanesa",,229.8,29.54,7.87,8.52,0.14,6.67,21.98,0.386,501.8,6.75,79.09,356.76,14.289,5.33,38.78,9428,9442.42,0.229,3.447,17.787,1.019,70.58,262.07,0.4,0.722,1.9,396,2.104,1.235,2.137,0.224,0.01,
7102501-7,"Figado Bovino, refogado(a)",,213.7,29.08,7.82,5.13,,6,21,0.356,497,6.54,79,352,14.283,5.3,37.27,9428,9442.42,0.194,3.425,17.525,1.017,70.58,253,0.4,0.72,1.9,396,2.097,1.231,2.119,0.224,,
7102501-8,"Figado Bovino, molho vermelho",,157.6,23.53,4.24,5.18,0.3,7.4,20,0.306,402.8,5.44,168,347.8,11.45,4.28,28.92,7542.4,7557.42,0.16,2.753,14.215,0.833,56.464,204.6,0.32,0.692,2.92,316.8,1.362,0.523,0.526,0.168,0.85,
7102501-10,"Figado Bovino, ao alho e oleo",,213.7,29.08,7.82,5.13,,6,21,0.356,497,6.54,79,352,14.283,5.3,37.27,9428,9442.42,0.194,3.425,17.525,1.017,70.58,253,0.4,0.72,1.9,396,2.097,1.231,2.119,0.224,,
7102501-13,"Figado Bovino, ensopado",,213.7,29.08,7.82,5.13,,6,21,0.356,497,6.54,79,352,14.283,5.3,37.27,9428,9442.42,0.194,3.425,17.525,1.017,70.58,253,0.4,0.72,1.9,396,2.097,1.231,2.119,0.224,,
7102601-3,"Cupim, grelhado(a)/brasa/churrasco",,330.1,28.63,23.04,,,7.62,18.21,,212.27,2.7,71.59,321.07,0.08,5.29,,,,,0.077,2.163,0.14,,,,,,90.8,5.5,5.4,0.2,,,
7102601-4,"Cupim, assado(a)",,330.1,28.63,23.04,,,7.62,18.21,,212.27,2.7,71.59,321.07,0.08,5.29,,,,,0.077,2.163,0.14,,,,,,90.8,5.5,5.4,0.2,,,
7102601-5,"Cupim, frito(a)",,363.1,26.91,27.63,,,7.17,17.11,,199.53,2.54,67.29,301.81,0.075,4.97,2.74,,,,0.072,2.034,0.132,,,,0.488,,85.35,6.104,6.436,3.636,0.032,,
7102701-2,"Lingua Bovina, cozido(a)",,284,19.29,22.3,,,5,15,0.018,145,2.61,65,184,0.148,4.09,13.2,,,0.022,0.294,3.49,0.155,3.13,7,,0.3,1.3,132,8.125,10.102,0.746,0.84,,
7102701-3,"Lingua Bovina, grelhado(a)/brasa/churrasco",,284,19.29,22.3,,,5,15,0.018,145,2.61,65,184,0.148,4.09,13.2,,,0.022,0.294,3.49,0.155,3.13,7,,0.3,1.3,132,8.125,10.102,0.746,0.84,,
7102701-4,"Lingua Bovina, assado(a)",,284,19.29,22.3,,,5,15,0.018,145,2.61,65,184,0.148,4.09,13.2,,,0.022,0.294,3.49,0.155,3.13,7,,0.3,1.3,132,8.125,10.102,0.746,0.84,,
7102701-5,"Lingua Bovina, frito(a)",,306.7,19.29,24.86,,,5,15,0.018,145,2.61,65,184,0.148,4.09,14.38,,,0.022,0.294,3.49,0.155,3.13,7,,0.51,1.3,132,8.526,10.686,2.226,0.854,,
7102701-8,"Lingua Bovina, molho vermelho",,232,15.7,17.88,1.08,0.3,6.6,15.2,0.036,121.2,2.29,156.8,213.4,0.142,3.31,10.6,,3.48,0.022,0.248,2.987,0.143,2.504,7.8,,0.524,2.44,105.6,6.505,8.087,0.611,0.672,0.85,
7102701-13,"Lingua Bovina, ensopado",,306.7,19.29,24.86,,,5,15,0.018,145,2.61,65,184,0.148,4.09,14.38,,,0.022,0.294,3.49,0.155,3.13,7,,0.51,1.3,132,8.526,10.686,2.226,0.854,,
7102801-99,Rabada de Boi,,365,22.6,29.79,,,11.21,20.01,0.014,176,2.35,396.67,302.07,0.084,5.4,22.4,,,0.07,0.17,3.43,0.23,2.55,7,0.6,0.24,,84,12.01,12.8,1.05,1.35,,
7103101-2,"Mocoto Bovino, cozido(a)",,214,28.81,10.13,,,6,24,0.011,222,1,50,363,0.012,2.83,43.2,2,2,0.639,0.312,5.355,0.4,0.55,9,0.8,0.32,0.4,83,3.54,4.49,0.85,0.03,,
7103101-13,"Mocoto Bovino, ensopado",,214,28.81,10.13,,,6,24,0.011,222,1,50,363,0.012,2.83,43.2,2,2,0.639,0.312,5.355,0.4,0.55,9,0.8,0.32,0.4,83,3.54,4.49,0.85,0.03,,
7103101-15,"Mocoto Bovino, sopa",,63.9,3.81,1.81,7.73,0.39,6.63,7.03,0.052,39.85,0.65,364.01,125.68,0.049,0.68,4.81,,0.74,0.047,0.063,1.277,0.069,0.339,10.13,0.089,0.039,1.57,7.86,0.677,0.792,0.094,0.077,0.24,
7103101-99,Mocoto Bovino,,214,28.81,10.13,,,6,24,0.011,222,1,50,363,0.012,2.83,43.2,2,2,0.639,0.312,5.355,0.4,0.55,9,0.8,0.32,0.4,83,3.54,4.49,0.85,0.03,,
7103104-5,"Braco Bovino, frito(a)",,221.7,36.12,7.56,,,4,26,0.018,226,3.32,45,334,0.124,4.56,34.17,,,0.07,0.25,3.81,0.28,2.7,9,0.7,0.35,,90,2.121,2.584,1.7,0.241,,
7103105-2,"Mao Bovina, cozido(a)",,214,28.81,10.13,,,6,24,0.011,222,1,50,363,0.012,2.83,43.2,2,2,0.639,0.312,5.355,0.4,0.55,9,0.8,0.32,0.4,83,3.54,4.49,0.85,0.03,,
7103301-2,"Carre, cozido(a)",,397,29.06,30.3,,,47,24,0.014,261,1.85,93,320,0.142,4.6,37.4,3,3,0.408,0.382,5.475,0.35,1.08,4,1.1,0.34,,121,11.12,13.48,2.73,0.082,,
7103301-3,"Carre, grelhado(a)/brasa/churrasco",,397,29.06,30.3,,,47,24,0.014,261,1.85,93,320,0.142,4.6,37.4,3,3,0.408,0.382,5.475,0.35,1.08,4,1.1,0.34,,121,11.12,13.48,2.73,0.082,,
7103301-4,"Carre, assado(a)",,397,29.06,30.3,,,47,24,0.014,261,1.85,93,320,0.142,4.6,37.4,3,3,0.408,0.382,5.475,0.35,1.08,4,1.1,0.34,,121,11.12,13.48,2.73,0.082,,
7103301-5,"Carre, frito(a)",,397,29.06,30.3,,,47,24,0.014,261,1.85,93,320,0.142,4.6,37.4,3,3,0.408,0.382,5.475,0.35,1.08,4,1.1,0.34,,121,11.12,13.48,2.73,0.082,,
7103305-2,"Bisteca Suina, cozido(a)",,397,29.06,30.3,,,47,24,0.014,261,1.85,93,320,0.142,4.6,37.4,3,3,0.408,0.382,5.475,0.35,1.08,4,1.1,0.34,,121,11.12,13.48,2.73,0.082,,
7103305-3,"Bisteca Suina, grelhado(a)/brasa/churrasco",,397,29.06,30.3,,,47,24,0.014,261,1.85,93,320,0.142,4.6,37.4,3,3,0.408,0.382,5.475,0.35,1.08,4,1.1,0.34,,121,11.12,13.48,2.73,0.082,,
7103305-4,"Bisteca Suina, assado(a)",,397,29.06,30.3,,,47,24,0.014,261,1.85,93,320,0.142,4.6,37.4,3,3,0.408,0.382,5.475,0.35,1.08,4,1.1,0.34,,121,11.12,13.48,2.73,0.082,,
7103305-5,"Bisteca Suina, frito(a)",,397,29.06,30.3,,,47,24,0.014,261,1.85,93,320,0.142,4.6,37.4,3,3,0.408,0.382,5.475,0.35,1.08,4,1.1,0.34,,121,11.12,13.48,2.73,0.082,,
7103305-6,"Bisteca Suina, empanado(a)/a milanesa",,397,29.06,30.3,,,47,24,0.014,261,1.85,93,320,0.142,4.6,37.4,3,3,0.408,0.382,5.475,0.35,1.08,4,1.1,0.34,,121,11.12,13.48,2.73,0.082,,
7103305-7,"Bisteca Suina, refogado(a)",,397,29.06,30.3,,,47,24,0.014,261,1.85,93,320,0.142,4.6,37.4,3,3,0.408,0.382,5.475,0.35,1.08,4,1.1,0.34,,121,11.12,13.48,2.73,0.082,,
7103305-99,Bisteca Suina,,397,29.06,30.3,,,47,24,0.014,261,1.85,93,320,0.142,4.6,37.4,3,3,0.408,0.382,5.475,0.35,1.08,4,1.1,0.34,,121,11.12,13.48,2.73,0.082,,
7103401-2,"Pernil Suino, cozido(a)",,289,25.34,20.06,,,15,22,0.028,257,0.98,59,338,0.098,3.06,43.3,3,3,0.578,0.302,4.46,0.401,0.66,5,1.1,0.22,0.3,92,7.36,9.02,1.89,0.037,,
7103401-4,"Pernil Suino, assado(a)",,289,25.34,20.06,,,15,22,0.028,257,0.98,59,338,0.098,3.06,43.3,3,3,0.578,0.302,4.46,0.401,0.66,5,1.1,0.22,0.3,92,7.36,9.02,1.89,0.037,,
7103401-5,"Pernil Suino, frito(a)",,338.6,25.34,25.67,,,15,22,0.028,257,0.98,59,338,0.098,3.06,45.87,3,3,0.578,0.302,4.46,0.401,0.66,5,1.1,0.679,0.3,92,8.238,10.297,5.128,0.067,,
7103401-7,"Pernil Suino, refogado(a)",,338.6,25.34,25.67,,,15,22,0.028,257,0.98,59,338,0.098,3.06,45.87,3,3,0.578,0.302,4.46,0.401,0.66,5,1.1,0.679,0.3,92,8.238,10.297,5.128,0.067,,
7103403-2,"Quarto Suino, cozido(a)",,289,25.34,20.06,,,15,22,0.028,257,0.98,59,338,0.098,3.06,43.3,3,3,0.578,0.302,4.46,0.401,0.66,5,1.1,0.22,0.3,92,7.36,9.02,1.89,0.037,,
7103501-1,"Costela Suina, cru(a)",,397,29.06,30.3,,,47,24,0.014,261,1.85,93,320,0.142,4.6,37.4,3,3,0.408,0.382,5.475,0.35,1.08,4,1.1,0.34,,121,11.12,13.48,2.73,0.082,,
7103501-2,"Costela Suina, cozido(a)",,397,29.06,30.3,,,47,24,0.014,261,1.85,93,320,0.142,4.6,37.4,3,3,0.408,0.382,5.475,0.35,1.08,4,1.1,0.34,,121,11.12,13.48,2.73,0.082,,
7103501-3,"Costela Suina, grelhado(a)/brasa/churrasco",,397,29.06,30.3,,,47,24,0.014,261,1.85,93,320,0.142,4.6,37.4,3,3,0.408,0.382,5.475,0.35,1.08,4,1.1,0.34,,121,11.12,13.48,2.73,0.082,,
7103501-4,"Costela Suina, assado(a)",,397,29.06,30.3,,,47,24,0.014,261,1.85,93,320,0.142,4.6,37.4,3,3,0.408,0.382,5.475,0.35,1.08,4,1.1,0.34,,121,11.12,13.48,2.73,0.082,,
7103501-5,"Costela Suina, frito(a)",,397,29.06,30.3,,,47,24,0.014,261,1.85,93,320,0.142,4.6,37.4,3,3,0.408,0.382,5.475,0.35,1.08,4,1.1,0.34,,121,11.12,13.48,2.73,0.082,,
7103501-7,"Costela Suina, refogado(a)",,397,29.06,30.3,,,47,24,0.014,261,1.85,93,320,0.142,4.6,37.4,3,3,0.408,0.382,5.475,0.35,1.08,4,1.1,0.34,,121,11.12,13.48,2.73,0.082,,
7103501-8,"Costela Suina, molho vermelho",,322.4,23.51,24.28,1.08,0.3,40.2,22.4,0.033,214,1.68,179.2,322.2,0.137,3.72,29.96,2.4,5.88,0.331,0.319,4.575,0.299,0.864,5.4,0.88,0.556,1.4,96.8,8.901,10.789,2.199,0.066,0.85,
7103501-13,"Costela Suina, ensopado",,397,29.06,30.3,,,47,24,0.014,261,1.85,93,320,0.142,4.6,37.4,3,3,0.408,0.382,5.475,0.35,1.08,4,1.1,0.34,,121,11.12,13.48,2.73,0.082,,
7103501-99,Costela Suina,,397,29.06,30.3,,,47,24,0.014,261,1.85,93,320,0.142,4.6,37.4,3,3,0.408,0.382,5.475,0.35,1.08,4,1.1,0.34,,121,11.12,13.48,2.73,0.082,,
7103701-2,"Lombo Suino, cozido(a)",,289,25.34,20.06,,,15,22,0.028,257,0.98,59,338,0.098,3.06,43.3,3,3,0.578,0.302,4.46,0.401,0.66,5,1.1,0.22,0.3,92,7.36,9.02,1.89,0.037,,
7103701-3,"Lombo Suino, grelhado(a)/brasa/churrasco",,289,25.34,20.06,,,15,22,0.028,257,0.98,59,338,0.098,3.06,43.3,3,3,0.578,0.302,4.46,0.401,0.66,5,1.1,0.22,0.3,92,7.36,9.02,1.89,0.037,,
7103701-4,"Lombo Suino, assado(a)",,289,25.34,20.06,,,15,22,0.028,257,0.98,59,338,0.098,3.06,43.3,3,3,0.578,0.302,4.46,0.401,0.66,5,1.1,0.22,0.3,92,7.36,9.02,1.89,0.037,,
7103701-5,"Lombo Suino, frito(a)",,338.6,25.34,25.67,,,15,22,0.028,257,0.98,59,338,0.098,3.06,45.87,3,3,0.578,0.302,4.46,0.401,0.66,5,1.1,0.679,0.3,92,8.238,10.297,5.128,0.067,,
7103801-99,Toucinho,,541,37.04,41.78,1.43,,11,33,0.022,533,1.44,2310,565,0.164,3.5,62,11,11,0.404,0.264,11.099,0.349,1.23,2,0.7,0.31,,110,13.739,18.52,4.548,0.31,0.59,1.43
7103903-2,"Miudo Suino, cozido(a)",,165,26.02,4.4,3.76,,10,14,0.3,241,17.92,49,150,0.634,6.72,67.5,5405,5405,0.258,2.196,8.435,0.57,18.67,163,1.1,0.555,23.6,355,1.41,0.63,1.05,,,
7103906-99,Arrasto Suino,,100,13.98,2.96,4.18,0.62,15.87,15.95,0.222,195.69,5.19,340.83,224.91,0.254,2.2,37.48,1539.87,1553.6,0.142,0.813,4.9,0.39,6.657,232.51,0.103,0.576,34.22,265.68,0.899,0.626,0.86,0.052,1.95,
7103907-99,Sarapatel Suino Fresco,,100,13.98,2.96,4.18,0.62,15.87,15.95,0.222,195.69,5.19,340.83,224.91,0.254,2.2,37.48,1539.87,1553.6,0.142,0.813,4.9,0.39,6.657,232.51,0.103,0.576,34.22,265.68,0.899,0.626,0.86,0.052,1.95,
7104101-1,"Carne Suina, cru(a)",,289,25.34,20.06,,,15,22,0.028,257,0.98,59,338,0.098,3.06,43.3,3,3,0.578,0.302,4.46,0.401,0.66,5,1.1,0.22,0.3,92,7.36,9.02,1.89,0.037,,
7104101-2,"Carne Suina, cozido(a)",,289,25.34,20.06,,,15,22,0.028,257,0.98,59,338,0.098,3.06,43.3,3,3,0.578,0.302,4.46,0.401,0.66,5,1.1,0.22,0.3,92,7.36,9.02,1.89,0.037,,
7104101-3,"Carne Suina, grelhado(a)/brasa/churrasco",,289,25.34,20.06,,,15,22,0.028,257,0.98,59,338,0.098,3.06,43.3,3,3,0.578,0.302,4.46,0.401,0.66,5,1.1,0.22,0.3,92,7.36,9.02,1.89,0.037,,
7104101-4,"Carne Suina, assado(a)",,289,25.34,20.06,,,15,22,0.028,257,0.98,59,338,0.098,3.06,43.3,3,3,0.578,0.302,4.46,0.401,0.66,5,1.1,0.22,0.3,92,7.36,9.02,1.89,0.037,,
7104101-5,"Carne Suina, frito(a)",,338.6,25.34,25.67,,,15,22,0.028,257,0.98,59,338,0.098,3.06,45.87,3,3,0.578,0.302,4.46,0.401,0.66,5,1.1,0.679,0.3,92,8.238,10.297,5.128,0.067,,
7104101-6,"Carne Suina, empanado(a)/a milanesa",,338.6,25.34,25.67,,,15,22,0.028,257,0.98,59,338,0.098,3.06,45.87,3,3,0.578,0.302,4.46,0.401,0.66,5,1.1,0.679,0.3,92,8.238,10.297,5.128,0.067,,
7104101-7,"Carne Suina, refogado(a)",,338.6,25.34,25.67,,,15,22,0.028,257,0.98,59,338,0.098,3.06,45.87,3,3,0.578,0.302,4.46,0.401,0.66,5,1.1,0.679,0.3,92,8.238,10.297,5.128,0.067,,
7104101-8,"Carne Suina, molho vermelho",,236,20.54,16.08,1.08,0.3,14.6,20.8,0.044,210.8,0.99,152,336.6,0.102,2.49,34.68,2.4,5.88,0.467,0.255,3.763,0.34,0.528,6.2,0.88,0.46,1.64,73.6,5.893,7.221,1.527,0.03,0.85,
7104101-10,"Carne Suina, ao alho e oleo",,338.6,25.34,25.67,,,15,22,0.028,257,0.98,59,338,0.098,3.06,45.87,3,3,0.578,0.302,4.46,0.401,0.66,5,1.1,0.679,0.3,92,8.238,10.297,5.128,0.067,,
7104101-13,"Carne Suina, ensopado",,338.6,25.34,25.67,,,15,22,0.028,257,0.98,59,338,0.098,3.06,45.87,3,3,0.578,0.302,4.46,0.401,0.66,5,1.1,0.679,0.3,92,8.238,10.297,5.128,0.067,,
7104101-99,Carne Suina,,289,25.34,20.06,,,15,22,0.028,257,0.98,59,338,0.098,3.06,43.3,3,3,0.578,0.302,4.46,0.401,0.66,5,1.1,0.22,0.3,92,7.36,9.02,1.89,0.037,,
7104301-1,"Carne Moida, cru(a)",,214,26.62,11.1,,,13,21,0.01,193,2.89,61,300,0.078,6.65,21.6,,,0.037,0.172,5.228,0.348,2.5,6,0.45,0.41,,86,4.379,4.676,0.398,0.692,,
7104301-2,"Carne Moida, cozido(a)",,214,26.62,11.1,,,13,21,0.01,193,2.89,61,300,0.078,6.65,21.6,,,0.037,0.172,5.228,0.348,2.5,6,0.45,0.41,,86,4.379,4.676,0.398,0.692,,
7104301-4,"Carne Moida, assado(a)",,214,26.62,11.1,,,13,21,0.01,193,2.89,61,300,0.078,6.65,21.6,,,0.037,0.172,5.228,0.348,2.5,6,0.45,0.41,,86,4.379,4.676,0.398,0.692,,
7104301-5,"Carne Moida, frito(a)",,236.7,26.62,13.66,,,13,21,0.01,193,2.89,61,300,0.078,6.65,22.77,,,0.037,0.172,5.228,0.348,2.5,6,0.45,0.62,,86,4.78,5.26,1.878,0.706,,
7104301-6,"Carne Moida, empanado(a)/a milanesa",,236.7,26.62,13.66,,,13,21,0.01,193,2.89,61,300,0.078,6.65,22.77,,,0.037,0.172,5.228,0.348,2.5,6,0.45,0.62,,86,4.78,5.26,1.878,0.706,,
7104301-7,"Carne Moida, refogado(a)",,236.7,26.62,13.66,,,13,21,0.01,193,2.89,61,300,0.078,6.65,22.77,,,0.037,0.172,5.228,0.348,2.5,6,0.45,0.62,,86,4.78,5.26,1.878,0.706,,
7104301-8,"Carne Moida, molho vermelho",,176,21.56,8.92,1.08,0.3,13,20,0.029,159.6,2.52,153.6,306.2,0.086,5.36,17.32,,3.48,0.034,0.151,4.377,0.298,2,7,0.36,0.612,1.4,68.8,3.508,3.746,0.333,0.554,0.85,
7104301-9,"Carne Moida, molho branco",,203.8,22.07,11.37,1.85,0.04,33.28,19.11,0.018,174.09,2.38,69.72,270.05,0.067,5.41,18.45,20.7,21.08,0.048,0.18,4.278,0.286,2.09,8.4,0.587,0.393,0,75.63,5.035,4.378,0.431,0.651,1.03,
7104301-10,"Carne Moida, ao alho e oleo",,236.7,26.62,13.66,,,13,21,0.01,193,2.89,61,300,0.078,6.65,22.77,,,0.037,0.172,5.228,0.348,2.5,6,0.45,0.62,,86,4.78,5.26,1.878,0.706,,
7104301-13,"Carne Moida, ensopado",,236.7,26.62,13.66,,,13,21,0.01,193,2.89,61,300,0.078,6.65,22.77,,,0.037,0.172,5.228,0.348,2.5,6,0.45,0.62,,86,4.78,5.26,1.878,0.706,,
7104301-15,"Carne Moida, sopa",,63.9,3.81,1.81,7.73,0.39,6.63,7.03,0.052,39.85,0.65,364.01,125.68,0.049,0.68,4.81,,0.74,0.047,0.063,1.277,0.069,0.339,10.13,0.089,0.039,1.57,7.86,0.677,0.792,0.094,0.077,0.24,
7104301-99,Carne Moida,,214,26.62,11.1,,,13,21,0.01,193,2.89,61,300,0.078,6.65,21.6,,,0.037,0.172,5.228,0.348,2.5,6,0.45,0.41,,86,4.379,4.676,0.398,0.692,,
7104302-99,Guizado,,242,24.22,15.42,,,8,20,0.001,196,2.81,67,337,0.093,5.71,28.3,,,0.081,0.226,3.207,0.255,2.83,9,0.7,0.14,,75,5.738,7.002,0.613,0.68,,
7104501-3,"Tripa Suina, grelhado(a)/brasa/churrasco",,233,12.49,20.32,,,25,9,0.089,66,1.47,18,14,0.046,1.85,27,,,0.014,0.046,0.087,,0.42,1,,0.23,,277,9.52,7.073,1.217,,,
7104501-5,"Tripa Suina, frito(a)",,255.7,12.49,22.88,,,25,9,0.089,66,1.47,18,14,0.046,1.85,28.18,,,0.014,0.046,0.087,,0.42,1,,0.44,,277,9.921,7.657,2.697,0.014,,
7104601-2,"Figado Suino, cozido(a)",,165,26.02,4.4,3.76,,10,14,0.3,241,17.92,49,150,0.634,6.72,67.5,5405,5405,0.258,2.196,8.435,0.57,18.67,163,1.1,0.555,23.6,355,1.41,0.63,1.05,,,
7104601-4,"Figado Suino, assado(a)",,165,26.02,4.4,3.76,,10,14,0.3,241,17.92,49,150,0.634,6.72,67.5,5405,5405,0.258,2.196,8.435,0.57,18.67,163,1.1,0.555,23.6,355,1.41,0.63,1.05,,,
7104601-5,"Figado Suino, frito(a)",,187.7,26.02,6.96,3.76,,10,14,0.3,241,17.92,49,150,0.634,6.72,68.67,5405,5405,0.258,2.196,8.435,0.57,18.67,163,1.1,0.765,23.6,355,1.811,1.214,2.53,0.014,,
7104701-2,"Lingua Suina, cozido(a)",,271,24.1,18.6,,,19,20,0.01,174,4.99,109,237,0.11,4.53,15.5,,,0.317,0.51,5.34,0.23,2.39,4,,0.53,1.7,146,6.449,8.759,1.93,,,
7104701-3,"Lingua Suina, grelhado(a)/brasa/churrasco",,271,24.1,18.6,,,19,20,0.01,174,4.99,109,237,0.11,4.53,15.5,,,0.317,0.51,5.34,0.23,2.39,4,,0.53,1.7,146,6.449,8.759,1.93,,,
7104701-4,"Lingua Suina, assado(a)",,271,24.1,18.6,,,19,20,0.01,174,4.99,109,237,0.11,4.53,15.5,,,0.317,0.51,5.34,0.23,2.39,4,,0.53,1.7,146,6.449,8.759,1.93,,,
7104701-5,"Lingua Suina, frito(a)",,293.7,24.1,21.16,,,19,20,0.01,174,4.99,109,237,0.11,4.53,16.68,,,0.317,0.51,5.34,0.23,2.39,4,,0.74,1.7,146,6.85,9.343,3.41,0.014,,
7104701-7,"Lingua Suina, refogado(a)",,293.7,24.1,21.16,,,19,20,0.01,174,4.99,109,237,0.11,4.53,16.68,,,0.317,0.51,5.34,0.23,2.39,4,,0.74,1.7,146,6.85,9.343,3.41,0.014,,
7105001-2,"Orelha Suina Fresca, cozido(a)",,214,28.81,10.13,,,6,24,0.011,222,1,50,363,0.012,2.83,43.2,2,2,0.639,0.312,5.355,0.4,0.55,9,0.8,0.32,0.4,83,3.54,4.49,0.85,0.03,,
7105103-99,Sarrabulho,,100,13.98,2.96,4.18,0.62,15.87,15.95,0.222,195.69,5.19,340.83,224.91,0.254,2.2,37.48,1539.87,1553.6,0.142,0.813,4.9,0.39,6.657,232.51,0.103,0.576,34.22,265.68,0.899,0.626,0.86,0.052,1.95,
7105203-2,"Mocoto Suino, cozido(a)",,214,28.81,10.13,,,6,24,0.011,222,1,50,363,0.012,2.83,43.2,2,2,0.639,0.312,5.355,0.4,0.55,9,0.8,0.32,0.4,83,3.54,4.49,0.85,0.03,,
7105401-2,"Carne de Cabrito, cozido(a)",,143,27.1,3.03,,,17,,0.042,201,3.73,86,405,0.303,5.27,11.8,,,0.09,0.61,3.95,,1.19,5,,0.34,,75,0.93,1.36,0.23,0.09,,
7105401-3,"Carne de Cabrito, grelhado(a)/brasa/churrasco",,143,27.1,3.03,,,17,,0.042,201,3.73,86,405,0.303,5.27,11.8,,,0.09,0.61,3.95,,1.19,5,,0.34,,75,0.93,1.36,0.23,0.09,,
7105401-4,"Carne de Cabrito, assado(a)",,143,27.1,3.03,,,17,,0.042,201,3.73,86,405,0.303,5.27,11.8,,,0.09,0.61,3.95,,1.19,5,,0.34,,75,0.93,1.36,0.23,0.09,,
7105402-2,"Carne de Bode, cozido(a)",,143,27.1,3.03,,,17,,0.042,201,3.73,86,405,0.303,5.27,11.8,,,0.09,0.61,3.95,,1.19,5,,0.34,,75,0.93,1.36,0.23,0.09,,
7105402-3,"Carne de Bode, grelhado(a)/brasa/churrasco",,143,27.1,3.03,,,17,,0.042,201,3.73,86,405,0.303,5.27,11.8,,,0.09,0.61,3.95,,1.19,5,,0.34,,75,0.93,1.36,0.23,0.09,,
7105402-4,"Carne de Bode, assado(a)",,143,27.1,3.03,,,17,,0.042,201,3.73,86,405,0.303,5.27,11.8,,,0.09,0.61,3.95,,1.19,5,,0.34,,75,0.93,1.36,0.23,0.09,,
7105402-5,"Carne de Bode, frito(a)",,165.7,27.1,5.59,,,17,,0.042,201,3.73,86,405,0.303,5.27,12.97,,,0.09,0.61,3.95,,1.19,5,,0.55,,75,1.331,1.944,1.71,0.104,,
7105403-2,"Carne Caprina, cozido(a)",,143,27.1,3.03,,,17,,0.042,201,3.73,86,405,0.303,5.27,11.8,,,0.09,0.61,3.95,,1.19,5,,0.34,,75,0.93,1.36,0.23,0.09,,
7105403-4,"Carne Caprina, assado(a)",,143,27.1,3.03,,,17,,0.042,201,3.73,86,405,0.303,5.27,11.8,,,0.09,0.61,3.95,,1.19,5,,0.34,,75,0.93,1.36,0.23,0.09,,
7105403-5,"Carne Caprina, frito(a)",,165.7,27.1,5.59,,,17,,0.042,201,3.73,86,405,0.303,5.27,12.97,,,0.09,0.61,3.95,,1.19,5,,0.55,,75,1.331,1.944,1.71,0.104,,
7105403-13,"Carne Caprina, ensopado",,165.7,27.1,5.59,,,17,,0.042,201,3.73,86,405,0.303,5.27,12.97,,,0.09,0.61,3.95,,1.19,5,,0.55,,75,1.331,1.944,1.71,0.104,,
7105405-1,"Carne de Caprino, cru(a)",,143,27.1,3.03,,,17,,0.042,201,3.73,86,405,0.303,5.27,11.8,,,0.09,0.61,3.95,,1.19,5,,0.34,,75,0.93,1.36,0.23,0.09,,
7105405-2,"Carne de Caprino, cozido(a)",,143,27.1,3.03,,,17,,0.042,201,3.73,86,405,0.303,5.27,11.8,,,0.09,0.61,3.95,,1.19,5,,0.34,,75,0.93,1.36,0.23,0.09,,
7105405-5,"Carne de Caprino, frito(a)",,165.7,27.1,5.59,,,17,,0.042,201,3.73,86,405,0.303,5.27,12.97,,,0.09,0.61,3.95,,1.19,5,,0.55,,75,1.331,1.944,1.71,0.104,,
7105601-2,"Carne de Carneiro, cozido(a)",,204,28.35,9.17,,,8,25,0.028,203,2.2,71,333,0.119,4.85,30.8,,,0.12,0.31,6.27,0.17,2.58,21,0.6,0.17,,92,3.28,4.02,0.6,0.4,,
7105601-3,"Carne de Carneiro, grelhado(a)/brasa/churrasco",,204,28.35,9.17,,,8,25,0.028,203,2.2,71,333,0.119,4.85,30.8,,,0.12,0.31,6.27,0.17,2.58,21,0.6,0.17,,92,3.28,4.02,0.6,0.4,,
7105601-4,"Carne de Carneiro, assado(a)",,204,28.35,9.17,,,8,25,0.028,203,2.2,71,333,0.119,4.85,30.8,,,0.12,0.31,6.27,0.17,2.58,21,0.6,0.17,,92,3.28,4.02,0.6,0.4,,
7105601-5,"Carne de Carneiro, frito(a)",,253.6,28.35,14.78,,,8,25,0.028,203,2.2,71,333,0.119,4.85,33.37,,,0.12,0.31,6.27,0.17,2.58,21,0.6,0.629,,92,4.158,5.297,3.838,0.43,,
7105601-13,"Carne de Carneiro, ensopado",,253.6,28.35,14.78,,,8,25,0.028,203,2.2,71,333,0.119,4.85,33.37,,,0.12,0.31,6.27,0.17,2.58,21,0.6,0.629,,92,4.158,5.297,3.838,0.43,,
7105602-2,"Carne de Ovelha, cozido(a)",,204,28.35,9.17,,,8,25,0.028,203,2.2,71,333,0.119,4.85,30.8,,,0.12,0.31,6.27,0.17,2.58,21,0.6,0.17,,92,3.28,4.02,0.6,0.4,,
7105602-3,"Carne de Ovelha, grelhado(a)/brasa/churrasco",,204,28.35,9.17,,,8,25,0.028,203,2.2,71,333,0.119,4.85,30.8,,,0.12,0.31,6.27,0.17,2.58,21,0.6,0.17,,92,3.28,4.02,0.6,0.4,,
7105602-4,"Carne de Ovelha, assado(a)",,204,28.35,9.17,,,8,25,0.028,203,2.2,71,333,0.119,4.85,30.8,,,0.12,0.31,6.27,0.17,2.58,21,0.6,0.17,,92,3.28,4.02,0.6,0.4,,
7105602-5,"Carne de Ovelha, frito(a)",,253.6,28.35,14.78,,,8,25,0.028,203,2.2,71,333,0.119,4.85,33.37,,,0.12,0.31,6.27,0.17,2.58,21,0.6,0.629,,92,4.158,5.297,3.838,0.43,,
7105801-2,"Mocoto de Caprino, cozido(a)",,214,28.81,10.13,,,6,24,0.011,222,1,50,363,0.012,2.83,43.2,2,2,0.639,0.312,5.355,0.4,0.55,9,0.8,0.32,0.4,83,3.54,4.49,0.85,0.03,,
7106301-2,"Pernil, cozido(a)",,289,25.34,20.06,,,15,22,0.028,257,0.98,59,338,0.098,3.06,43.3,3,3,0.578,0.302,4.46,0.401,0.66,5,1.1,0.22,0.3,92,7.36,9.02,1.89,0.037,,
7106301-3,"Pernil, grelhado(a)/brasa/churrasco",,289,25.34,20.06,,,15,22,0.028,257,0.98,59,338,0.098,3.06,43.3,3,3,0.578,0.302,4.46,0.401,0.66,5,1.1,0.22,0.3,92,7.36,9.02,1.89,0.037,,
7106301-4,"Pernil, assado(a)",,289,25.34,20.06,,,15,22,0.028,257,0.98,59,338,0.098,3.06,43.3,3,3,0.578,0.302,4.46,0.401,0.66,5,1.1,0.22,0.3,92,7.36,9.02,1.89,0.037,,
7106301-5,"Pernil, frito(a)",,338.6,25.34,25.67,,,15,22,0.028,257,0.98,59,338,0.098,3.06,45.87,3,3,0.578,0.302,4.46,0.401,0.66,5,1.1,0.679,0.3,92,8.238,10.297,5.128,0.067,,
7106401-2,"Lagarto Bovino, cozido(a)",,199,36.12,5,,,4,26,0.018,226,3.32,45,334,0.124,4.56,33,,,0.07,0.25,3.81,0.28,2.7,9,0.7,0.14,,90,1.72,2,0.22,0.227,,
7106401-4,"Lagarto Bovino, assado(a)",,199,36.12,5,,,4,26,0.018,226,3.32,45,334,0.124,4.56,33,,,0.07,0.25,3.81,0.28,2.7,9,0.7,0.14,,90,1.72,2,0.22,0.227,,
7106401-5,"Lagarto Bovino, frito(a)",,248.6,36.12,10.61,,,4,26,0.018,226,3.32,45,334,0.124,4.56,35.57,,,0.07,0.25,3.81,0.28,2.7,9,0.7,0.599,,90,2.598,3.277,3.458,0.257,,
7106401-7,"Lagarto Bovino, refogado(a)",,248.6,36.12,10.61,,,4,26,0.018,226,3.32,45,334,0.124,4.56,35.57,,,0.07,0.25,3.81,0.28,2.7,9,0.7,0.599,,90,2.598,3.277,3.458,0.257,,
7106401-8,"Lagarto Bovino, molho vermelho",,164,29.16,4.04,1.08,0.3,5.8,24,0.036,186,2.86,140.8,333.4,0.123,3.69,26.44,,3.48,0.061,0.213,3.243,0.243,2.16,9.4,0.56,0.396,1.4,72,1.381,1.605,0.191,0.182,0.85,
7106501-2,"Alcatra Suina, cozido(a)",,289,25.34,20.06,,,15,22,0.028,257,0.98,59,338,0.098,3.06,43.3,3,3,0.578,0.302,4.46,0.401,0.66,5,1.1,0.22,0.3,92,7.36,9.02,1.89,0.037,,
7106501-4,"Alcatra Suina, assado(a)",,289,25.34,20.06,,,15,22,0.028,257,0.98,59,338,0.098,3.06,43.3,3,3,0.578,0.302,4.46,0.401,0.66,5,1.1,0.22,0.3,92,7.36,9.02,1.89,0.037,,
7106501-5,"Alcatra Suina, frito(a)",,338.6,25.34,25.67,,,15,22,0.028,257,0.98,59,338,0.098,3.06,45.87,3,3,0.578,0.302,4.46,0.401,0.66,5,1.1,0.679,0.3,92,8.238,10.297,5.128,0.067,,
7107102-99,Brachola,,204,30.67,9,,,7,20,0.011,193,2.53,41,252,0.074,5.2,31.7,,,0.07,0.163,5.36,0.403,1.71,10,0.6,0.43,,58,3.415,3.918,0.347,0.409,,
7107103-99,Bife Role Cru,,204,30.67,9,,,7,20,0.011,193,2.53,41,252,0.074,5.2,31.7,,,0.07,0.163,5.36,0.403,1.71,10,0.6,0.43,,58,3.415,3.918,0.347,0.409,,
7107204-99,Buchada de Bode,,125,19.8,4.4,,3.9,11,8,0.11,57,1,29,58,0.06,2.7,,,,,,4.27,,,,,,,144,2.5,1.2,0.1,,,
7107501-2,"Sua Suina, cozido(a)",,397,29.06,30.3,,,47,24,0.014,261,1.85,93,320,0.142,4.6,37.4,3,3,0.408,0.382,5.475,0.35,1.08,4,1.1,0.34,,121,11.12,13.48,2.73,0.082,,
7107501-5,"Sua Suina, frito(a)",,397,29.06,30.3,,,47,24,0.014,261,1.85,93,320,0.142,4.6,37.4,3,3,0.408,0.382,5.475,0.35,1.08,4,1.1,0.34,,121,11.12,13.48,2.73,0.082,,
7107601-1,"Carne de Outros Animais, cru(a)",,242,24.22,15.42,,,8,20,0.001,196,2.81,67,337,0.093,5.71,28.3,,,0.081,0.226,3.207,0.255,2.83,9,0.7,0.14,,75,5.738,7.002,0.613,0.68,,
7107601-2,"Carne de Outros Animais, cozido(a)",,242,24.22,15.42,,,8,20,0.001,196,2.81,67,337,0.093,5.71,28.3,,,0.081,0.226,3.207,0.255,2.83,9,0.7,0.14,,75,5.738,7.002,0.613,0.68,,
7107601-3,"Carne de Outros Animais, grelhado(a)/brasa/churrasco",,242,24.22,15.42,,,8,20,0.001,196,2.81,67,337,0.093,5.71,28.3,,,0.081,0.226,3.207,0.255,2.83,9,0.7,0.14,,75,5.738,7.002,0.613,0.68,,
7107601-4,"Carne de Outros Animais, assado(a)",,242,24.22,15.42,,,8,20,0.001,196,2.81,67,337,0.093,5.71,28.3,,,0.081,0.226,3.207,0.255,2.83,9,0.7,0.14,,75,5.738,7.002,0.613,0.68,,
7107601-5,"Carne de Outros Animais, frito(a)",,264.7,24.22,17.98,,,8,20,0.001,196,2.81,67,337,0.093,5.71,29.48,,,0.081,0.226,3.207,0.255,2.83,9,0.7,0.35,,75,6.139,7.586,2.093,0.694,,
7107601-7,"Carne de Outros Animais, refogado(a)",,264.7,24.22,17.98,,,8,20,0.001,196,2.81,67,337,0.093,5.71,29.48,,,0.081,0.226,3.207,0.255,2.83,9,0.7,0.35,,75,6.139,7.586,2.093,0.694,,
7107601-8,"Carne de Outros Animais, molho vermelho",,198.4,19.64,12.37,1.08,0.3,9,19.2,0.022,162,2.45,158.4,335.8,0.098,4.61,22.68,,3.48,0.07,0.194,2.761,0.223,2.264,9.4,0.56,0.396,1.4,60,4.595,5.607,0.505,0.544,0.85,
7107601-13,"Carne de Outros Animais, ensopado",,264.7,24.22,17.98,,,8,20,0.001,196,2.81,67,337,0.093,5.71,29.48,,,0.081,0.226,3.207,0.255,2.83,9,0.7,0.35,,75,6.139,7.586,2.093,0.694,,
7107601-99,Carne de Outros Animais,,242,24.22,15.42,,,8,20,0.001,196,2.81,67,337,0.093,5.71,28.3,,,0.081,0.226,3.207,0.255,2.83,9,0.7,0.14,,75,5.738,7.002,0.613,0.68,,
7107603-2,"Carne da Paca, cozido(a)",,212,34.85,6.96,,,22,29,0.032,292,10,59,403,0.189,2.27,43.1,,,0.05,0.31,2.2,0.47,8.3,11,,0.45,3,117,2.07,1.89,1.35,,,
7107603-4,"Carne da Paca, assado(a)",,212,34.85,6.96,,,22,29,0.032,292,10,59,403,0.189,2.27,43.1,,,0.05,0.31,2.2,0.47,8.3,11,,0.45,3,117,2.07,1.89,1.35,,,
7107603-5,"Carne da Paca, frito(a)",,234.7,34.85,9.52,,,22,29,0.032,292,10,59,403,0.189,2.27,44.27,,,0.05,0.31,2.2,0.47,8.3,11,,0.66,3,117,2.471,2.474,2.83,0.014,,
7107611-2,"Carne de Jacare, cozido(a)",,92,19.4,1.6,,,11,23,0.017,182,1.1,77,233,0.3,1.27,25.5,18,18,0.11,0.18,3,0.12,1.01,15,,0.63,,91.1,0.39,0.48,0.36,0.01,,
7107611-5,"Carne de Jacare, frito(a)",,114.7,19.4,4.16,,,11,23,0.017,182,1.1,77,233,0.3,1.27,26.68,18,18,0.11,0.18,3,0.12,1.01,15,,0.84,,91.1,0.791,1.064,1.84,0.024,,
7107615-2,"Carne de Capivara, cozido(a)",,212,34.85,6.96,,,22,29,0.032,292,10,59,403,0.189,2.27,43.1,,,0.05,0.31,2.2,0.47,8.3,11,,0.45,3,117,2.07,1.89,1.35,,,
7107615-4,"Carne de Capivara, assado(a)",,212,34.85,6.96,,,22,29,0.032,292,10,59,403,0.189,2.27,43.1,,,0.05,0.31,2.2,0.47,8.3,11,,0.45,3,117,2.07,1.89,1.35,,,
7107615-5,"Carne de Capivara, frito(a)",,234.7,34.85,9.52,,,22,29,0.032,292,10,59,403,0.189,2.27,44.27,,,0.05,0.31,2.2,0.47,8.3,11,,0.66,3,117,2.471,2.474,2.83,0.014,,
7107617-2,"Carne de Cotia, cozido(a)",,212,34.85,6.96,,,22,29,0.032,292,10,59,403,0.189,2.27,43.1,,,0.05,0.31,2.2,0.47,8.3,11,,0.45,3,117,2.07,1.89,1.35,,,
7107617-4,"Carne de Cotia, assado(a)",,212,34.85,6.96,,,22,29,0.032,292,10,59,403,0.189,2.27,43.1,,,0.05,0.31,2.2,0.47,8.3,11,,0.45,3,117,2.07,1.89,1.35,,,
7107622-2,"Carne de Jabuti, cozido(a)",,117,24.16,1.53,,,18,58,0.02,289,0.34,105,344,0.026,0.63,58.2,13,13,0.08,0.114,2.179,0.24,2.51,9,1.92,0.66,,68,0.363,0.276,0.646,,,
7107801-2,"Carne de Primeira, cozido(a)",,204,30.67,9,,,7,20,0.011,193,2.53,41,252,0.074,5.2,31.7,,,0.07,0.163,5.36,0.403,1.71,10,0.6,0.43,,58,3.415,3.918,0.347,0.409,,
7107801-3,"Carne de Primeira, grelhado(a)/brasa/churrasco",,204,30.67,9,,,7,20,0.011,193,2.53,41,252,0.074,5.2,31.7,,,0.07,0.163,5.36,0.403,1.71,10,0.6,0.43,,58,3.415,3.918,0.347,0.409,,
7107801-4,"Carne de Primeira, assado(a)",,204,30.67,9,,,7,20,0.011,193,2.53,41,252,0.074,5.2,31.7,,,0.07,0.163,5.36,0.403,1.71,10,0.6,0.43,,58,3.415,3.918,0.347,0.409,,
7107801-5,"Carne de Primeira, frito(a)",,226.7,30.67,11.56,,,7,20,0.011,193,2.53,41,252,0.074,5.2,32.88,,,0.07,0.163,5.36,0.403,1.71,10,0.6,0.64,,58,3.816,4.502,1.827,0.423,,
7107801-6,"Carne de Primeira, empanado(a)/a milanesa",,242.8,31.13,11.61,3.39,0.14,7.67,20.98,0.041,197.8,2.74,41.09,256.76,0.08,5.23,34.38,,,0.105,0.185,5.622,0.405,1.71,19.07,0.6,0.642,,58,3.823,4.506,1.845,0.423,0.01,
7107801-7,"Carne de Primeira, refogado(a)",,226.7,30.67,11.56,,,7,20,0.011,193,2.53,41,252,0.074,5.2,32.88,,,0.07,0.163,5.36,0.403,1.71,10,0.6,0.64,,58,3.816,4.502,1.827,0.423,,
7107801-8,"Carne de Primeira, molho vermelho",,168,24.8,7.24,1.08,0.3,8.2,19.2,0.03,159.6,2.23,137.6,267.8,0.083,4.2,25.4,,3.48,0.061,0.144,4.483,0.342,1.368,10.2,0.48,0.628,1.4,46.4,2.737,3.14,0.292,0.327,0.85,
7107801-9,"Carne de Primeira, molho branco",,195.8,25.32,9.69,1.85,0.04,28.48,18.31,0.019,174.09,2.09,53.72,231.65,0.063,4.25,26.53,20.7,21.08,0.075,0.173,4.384,0.33,1.458,11.6,0.707,0.409,0,53.23,4.264,3.771,0.39,0.424,1.03,
7107801-11,"Carne de Primeira, com manteiga/oleo",,223.1,30.69,11.16,0,,7.64,20.05,0.011,193.64,2.53,56.37,252.64,0.074,5.2,31.73,17.91,18.26,0.07,0.164,5.361,0.403,1.715,10.08,0.637,0.492,,63.74,4.786,4.479,0.428,0.496,0,
7107804-2,"Chuleta, cozido(a)",,204,30.67,9,,,7,20,0.011,193,2.53,41,252,0.074,5.2,31.7,,,0.07,0.163,5.36,0.403,1.71,10,0.6,0.43,,58,3.415,3.918,0.347,0.409,,
7107804-3,"Chuleta, grelhado(a)/brasa/churrasco",,204,30.67,9,,,7,20,0.011,193,2.53,41,252,0.074,5.2,31.7,,,0.07,0.163,5.36,0.403,1.71,10,0.6,0.43,,58,3.415,3.918,0.347,0.409,,
7107804-4,"Chuleta, assado(a)",,204,30.67,9,,,7,20,0.011,193,2.53,41,252,0.074,5.2,31.7,,,0.07,0.163,5.36,0.403,1.71,10,0.6,0.43,,58,3.415,3.918,0.347,0.409,,
7107804-5,"Chuleta, frito(a)",,226.7,30.67,11.56,,,7,20,0.011,193,2.53,41,252,0.074,5.2,32.88,,,0.07,0.163,5.36,0.403,1.71,10,0.6,0.64,,58,3.816,4.502,1.827,0.423,,
7107805-1,"File Nao Especificado, cru(a)",,204,30.67,9,,,7,20,0.011,193,2.53,41,252,0.074,5.2,31.7,,,0.07,0.163,5.36,0.403,1.71,10,0.6,0.43,,58,3.415,3.918,0.347,0.409,,
7107805-2,"File Nao Especificado, cozido(a)",,204,30.67,9,,,7,20,0.011,193,2.53,41,252,0.074,5.2,31.7,,,0.07,0.163,5.36,0.403,1.71,10,0.6,0.43,,58,3.415,3.918,0.347,0.409,,
7107805-3,"File Nao Especificado, grelhado(a)/brasa/churrasco",,204,30.67,9,,,7,20,0.011,193,2.53,41,252,0.074,5.2,31.7,,,0.07,0.163,5.36,0.403,1.71,10,0.6,0.43,,58,3.415,3.918,0.347,0.409,,
7107805-4,"File Nao Especificado, assado(a)",,204,30.67,9,,,7,20,0.011,193,2.53,41,252,0.074,5.2,31.7,,,0.07,0.163,5.36,0.403,1.71,10,0.6,0.43,,58,3.415,3.918,0.347,0.409,,
7107805-5,"File Nao Especificado, frito(a)",,226.7,30.67,11.56,,,7,20,0.011,193,2.53,41,252,0.074,5.2,32.88,,,0.07,0.163,5.36,0.403,1.71,10,0.6,0.64,,58,3.816,4.502,1.827,0.423,,
7107805-6,"File Nao Especificado, empanado(a)/a milanesa",,242.8,31.13,11.61,3.39,0.14,7.67,20.98,0.041,197.8,2.74,41.09,256.76,0.08,5.23,34.38,,,0.105,0.185,5.622,0.405,1.71,19.07,0.6,0.642,,58,3.823,4.506,1.845,0.423,0.01,
7107805-7,"File Nao Especificado, refogado(a)",,226.7,30.67,11.56,,,7,20,0.011,193,2.53,41,252,0.074,5.2,32.88,,,0.07,0.163,5.36,0.403,1.71,10,0.6,0.64,,58,3.816,4.502,1.827,0.423,,
7107805-8,"File Nao Especificado, molho vermelho",,168,24.8,7.24,1.08,0.3,8.2,19.2,0.03,159.6,2.23,137.6,267.8,0.083,4.2,25.4,,3.48,0.061,0.144,4.483,0.342,1.368,10.2,0.48,0.628,1.4,46.4,2.737,3.14,0.292,0.327,0.85,
7107805-11,"File Nao Especificado, com manteiga/oleo",,223.1,30.69,11.16,0,,7.64,20.05,0.011,193.64,2.53,56.37,252.64,0.074,5.2,31.73,17.91,18.26,0.07,0.164,5.361,0.403,1.715,10.08,0.637,0.492,,63.74,4.786,4.479,0.428,0.496,0,
7107805-13,"File Nao Especificado, ensopado",,226.7,30.67,11.56,,,7,20,0.011,193,2.53,41,252,0.074,5.2,32.88,,,0.07,0.163,5.36,0.403,1.71,10,0.6,0.64,,58,3.816,4.502,1.827,0.423,,
7107805-99,File Nao Especificado,,204,30.67,9,,,7,20,0.011,193,2.53,41,252,0.074,5.2,31.7,,,0.07,0.163,5.36,0.403,1.71,10,0.6,0.43,,58,3.415,3.918,0.347,0.409,,
7108107-2,"Miudo de Bode, cozido(a)",,191,29.08,5.26,5.13,,6,21,0.356,497,6.54,79,352,14.283,5.3,36.1,9428,9442.42,0.194,3.425,17.525,1.017,70.58,253,0.4,0.51,1.9,396,1.696,0.647,0.639,0.21,,
7108301-2,"Pe Suino Fresco, cozido(a)",,214,28.81,10.13,,,6,24,0.011,222,1,50,363,0.012,2.83,43.2,2,2,0.639,0.312,5.355,0.4,0.55,9,0.8,0.32,0.4,83,3.54,4.49,0.85,0.03,,
7108301-3,"Pe Suino Fresco, grelhado(a)/brasa/churrasco",,214,28.81,10.13,,,6,24,0.011,222,1,50,363,0.012,2.83,43.2,2,2,0.639,0.312,5.355,0.4,0.55,9,0.8,0.32,0.4,83,3.54,4.49,0.85,0.03,,
7108301-5,"Pe Suino Fresco, frito(a)",,236.7,28.81,12.69,,,6,24,0.011,222,1,50,363,0.012,2.83,44.38,2,2,0.639,0.312,5.355,0.4,0.55,9,0.8,0.53,0.4,83,3.941,5.074,2.33,0.044,,
7109101-1,"Carne Bovina, cru(a)",,242,24.22,15.42,,,8,20,0.001,196,2.81,67,337,0.093,5.71,28.3,,,0.081,0.226,3.207,0.255,2.83,9,0.7,0.14,,75,5.738,7.002,0.613,0.68,,
7109101-2,"Carne Bovina, cozido(a)",,242,24.22,15.42,,,8,20,0.001,196,2.81,67,337,0.093,5.71,28.3,,,0.081,0.226,3.207,0.255,2.83,9,0.7,0.14,,75,5.738,7.002,0.613,0.68,,
7109101-3,"Carne Bovina, grelhado(a)/brasa/churrasco",,242,24.22,15.42,,,8,20,0.001,196,2.81,67,337,0.093,5.71,28.3,,,0.081,0.226,3.207,0.255,2.83,9,0.7,0.14,,75,5.738,7.002,0.613,0.68,,
7109101-4,"Carne Bovina, assado(a)",,242,24.22,15.42,,,8,20,0.001,196,2.81,67,337,0.093,5.71,28.3,,,0.081,0.226,3.207,0.255,2.83,9,0.7,0.14,,75,5.738,7.002,0.613,0.68,,
7109101-5,"Carne Bovina, frito(a)",,264.7,24.22,17.98,,,8,20,0.001,196,2.81,67,337,0.093,5.71,29.48,,,0.081,0.226,3.207,0.255,2.83,9,0.7,0.35,,75,6.139,7.586,2.093,0.694,,
7109101-6,"Carne Bovina, empanado(a)/a milanesa",,280.8,24.68,18.03,3.39,0.14,8.67,20.98,0.031,200.8,3.02,67.09,341.76,0.099,5.74,30.98,,,0.116,0.248,3.469,0.257,2.83,18.07,0.7,0.352,,75,6.146,7.59,2.111,0.694,0.01,
7109101-7,"Carne Bovina, refogado(a)",,264.7,24.22,17.98,,,8,20,0.001,196,2.81,67,337,0.093,5.71,29.48,,,0.081,0.226,3.207,0.255,2.83,9,0.7,0.35,,75,6.139,7.586,2.093,0.694,,
7109101-8,"Carne Bovina, molho vermelho",,198.4,19.64,12.37,1.08,0.3,9,19.2,0.022,162,2.45,158.4,335.8,0.098,4.61,22.68,,3.48,0.07,0.194,2.761,0.223,2.264,9.4,0.56,0.396,1.4,60,4.595,5.607,0.505,0.544,0.85,
7109101-9,"Carne Bovina, molho branco",,226.2,20.16,14.82,1.85,0.04,29.28,18.31,0.011,176.49,2.32,74.52,299.65,0.079,4.66,23.81,20.7,21.08,0.083,0.224,2.661,0.212,2.354,10.8,0.787,0.177,0,66.83,6.123,6.239,0.603,0.641,1.03,
7109101-10,"Carne Bovina, ao alho e oleo",,261.1,24.24,17.59,0,,8.64,20.05,0.001,196.64,2.81,82.37,337.64,0.093,5.71,28.33,17.91,18.26,0.081,0.227,3.208,0.255,2.835,9.08,0.737,0.202,,80.74,7.109,7.563,0.694,0.767,0,
7109101-11,"Carne Bovina, com manteiga/oleo",,261.1,24.24,17.59,0,,8.64,20.05,0.001,196.64,2.81,82.37,337.64,0.093,5.71,28.33,17.91,18.26,0.081,0.227,3.208,0.255,2.835,9.08,0.737,0.202,,80.74,7.109,7.563,0.694,0.767,0,
7109101-12,"Carne Bovina, ao vinagrete",,242,24.22,15.42,,,8,20,0.001,196,2.81,67,337,0.093,5.71,28.3,,,0.081,0.226,3.207,0.255,2.83,9,0.7,0.14,,75,5.738,7.002,0.613,0.68,,
7109101-13,"Carne Bovina, ensopado",,264.7,24.22,17.98,,,8,20,0.001,196,2.81,67,337,0.093,5.71,29.48,,,0.081,0.226,3.207,0.255,2.83,9,0.7,0.35,,75,6.139,7.586,2.093,0.694,,
7109101-15,"Carne Bovina, sopa",,63.9,3.81,1.81,7.73,0.39,6.63,7.03,0.052,39.85,0.65,364.01,125.68,0.049,0.68,4.81,,0.74,0.047,0.063,1.277,0.069,0.339,10.13,0.089,0.039,1.57,7.86,0.677,0.792,0.094,0.077,0.24,
7109101-99,Carne Bovina,,242,24.22,15.42,,,8,20,0.001,196,2.81,67,337,0.093,5.71,28.3,,,0.081,0.226,3.207,0.255,2.83,9,0.7,0.14,,75,5.738,7.002,0.613,0.68,,
7110601-1,"Lombo Nao Especificado, cru(a)",,289,25.34,20.06,,,15,22,0.028,257,0.98,59,338,0.098,3.06,43.3,3,3,0.578,0.302,4.46,0.401,0.66,5,1.1,0.22,0.3,92,7.36,9.02,1.89,0.037,,
7110601-2,"Lombo Nao Especificado, cozido(a)",,289,25.34,20.06,,,15,22,0.028,257,0.98,59,338,0.098,3.06,43.3,3,3,0.578,0.302,4.46,0.401,0.66,5,1.1,0.22,0.3,92,7.36,9.02,1.89,0.037,,
7110601-4,"Lombo Nao Especificado, assado(a)",,289,25.34,20.06,,,15,22,0.028,257,0.98,59,338,0.098,3.06,43.3,3,3,0.578,0.302,4.46,0.401,0.66,5,1.1,0.22,0.3,92,7.36,9.02,1.89,0.037,,
7110601-5,"Lombo Nao Especificado, frito(a)",,338.6,25.34,25.67,,,15,22,0.028,257,0.98,59,338,0.098,3.06,45.87,3,3,0.578,0.302,4.46,0.401,0.66,5,1.1,0.679,0.3,92,8.238,10.297,5.128,0.067,,
7110601-9,"Lombo Nao Especificado, molho branco",,289,25.34,20.06,,,15,22,0.028,257,0.98,59,338,0.098,3.06,43.3,3,3,0.578,0.302,4.46,0.401,0.66,5,1.1,0.22,0.3,92,7.36,9.02,1.89,0.037,,
7110801-2,"Musculo Nao Especificado, cozido(a)",,199,36.12,5,,,4,26,0.018,226,3.32,45,334,0.124,4.56,33,,,0.07,0.25,3.81,0.28,2.7,9,0.7,0.14,,90,1.72,2,0.22,0.227,,
7110801-13,"Musculo Nao Especificado, ensopado",,221.7,36.12,7.56,,,4,26,0.018,226,3.32,45,334,0.124,4.56,34.17,,,0.07,0.25,3.81,0.28,2.7,9,0.7,0.35,,90,2.121,2.584,1.7,0.241,,
7110902-2,"Ossada Nao Especificada, cozido(a)",,164,26.13,5.81,,,27,27,0.03,226,1.16,91,356,0.146,4.32,11.3,,,0.07,0.33,8.24,0.3,1.57,17,1.5,0.5,,109,2.31,2.16,0.43,0.1,,
7110902-7,"Ossada Nao Especificada, refogado(a)",,186.7,26.13,8.37,,,27,27,0.03,226,1.16,91,356,0.146,4.32,12.47,,,0.07,0.33,8.24,0.3,1.57,17,1.5,0.71,,109,2.711,2.744,1.91,0.114,,
7110902-15,"Ossada Nao Especificada, sopa",,164,26.13,5.81,,,27,27,0.03,226,1.16,91,356,0.146,4.32,11.3,,,0.07,0.33,8.24,0.3,1.57,17,1.5,0.5,,109,2.31,2.16,0.43,0.1,,
7110902-99,Ossada Nao Especificada,,164,26.13,5.81,,,27,27,0.03,226,1.16,91,356,0.146,4.32,11.3,,,0.07,0.33,8.24,0.3,1.57,17,1.5,0.5,,109,2.31,2.16,0.43,0.1,,
7111202-1,"Carne de Segunda, cru(a)",,242,24.22,15.42,,,8,20,0.001,196,2.81,67,337,0.093,5.71,28.3,,,0.081,0.226,3.207,0.255,2.83,9,0.7,0.14,,75,5.738,7.002,0.613,0.68,,
7111202-2,"Carne de Segunda, cozido(a)",,242,24.22,15.42,,,8,20,0.001,196,2.81,67,337,0.093,5.71,28.3,,,0.081,0.226,3.207,0.255,2.83,9,0.7,0.14,,75,5.738,7.002,0.613,0.68,,
7111202-3,"Carne de Segunda, grelhado(a)/brasa/churrasco",,242,24.22,15.42,,,8,20,0.001,196,2.81,67,337,0.093,5.71,28.3,,,0.081,0.226,3.207,0.255,2.83,9,0.7,0.14,,75,5.738,7.002,0.613,0.68,,
7111202-4,"Carne de Segunda, assado(a)",,242,24.22,15.42,,,8,20,0.001,196,2.81,67,337,0.093,5.71,28.3,,,0.081,0.226,3.207,0.255,2.83,9,0.7,0.14,,75,5.738,7.002,0.613,0.68,,
7111202-5,"Carne de Segunda, frito(a)",,264.7,24.22,17.98,,,8,20,0.001,196,2.81,67,337,0.093,5.71,29.48,,,0.081,0.226,3.207,0.255,2.83,9,0.7,0.35,,75,6.139,7.586,2.093,0.694,,
7111202-6,"Carne de Segunda, empanado(a)/a milanesa",,280.8,24.68,18.03,3.39,0.14,8.67,20.98,0.031,200.8,3.02,67.09,341.76,0.099,5.74,30.98,,,0.116,0.248,3.469,0.257,2.83,18.07,0.7,0.352,,75,6.146,7.59,2.111,0.694,0.01,
7111202-7,"Carne de Segunda, refogado(a)",,264.7,24.22,17.98,,,8,20,0.001,196,2.81,67,337,0.093,5.71,29.48,,,0.081,0.226,3.207,0.255,2.83,9,0.7,0.35,,75,6.139,7.586,2.093,0.694,,
7111202-8,"Carne de Segunda, molho vermelho",,198.4,19.64,12.37,1.08,0.3,9,19.2,0.022,162,2.45,158.4,335.8,0.098,4.61,22.68,,3.48,0.07,0.194,2.761,0.223,2.264,9.4,0.56,0.396,1.4,60,4.595,5.607,0.505,0.544,0.85,
7111202-10,"Carne de Segunda, ao alho e oleo",,261.1,24.24,17.59,0,,8.64,20.05,0.001,196.64,2.81,82.37,337.64,0.093,5.71,28.33,17.91,18.26,0.081,0.227,3.208,0.255,2.835,9.08,0.737,0.202,,80.74,7.109,7.563,0.694,0.767,0,
7111202-13,"Carne de Segunda, ensopado",,264.7,24.22,17.98,,,8,20,0.001,196,2.81,67,337,0.093,5.71,29.48,,,0.081,0.226,3.207,0.255,2.83,9,0.7,0.35,,75,6.139,7.586,2.093,0.694,,
7111401-4,"Contrafile Organico, assado(a)",,204,30.67,9,,,7,20,0.011,193,2.53,41,252,0.074,5.2,31.7,,,0.07,0.163,5.36,0.403,1.71,10,0.6,0.43,,58,3.415,3.918,0.347,0.409,,
7111405-4,"Bisteca Organica, assado(a)",,471,21.57,41.98,,,12,15,0.013,162,2.31,50,224,0.099,4.88,20.8,,,0.05,0.15,2.452,0.22,2.62,5,0.6,0.29,,94,17.8,18.88,1.53,1.91,,
7111405-5,"Bisteca Organica, frito(a)",,471,21.57,41.98,,,12,15,0.013,162,2.31,50,224,0.099,4.88,20.8,,,0.05,0.15,2.452,0.22,2.62,5,0.6,0.29,,94,17.8,18.88,1.53,1.91,,
7111702-1,"Cabeca de Lombo (Carne Bovina) Organica, cru(a)",,199,36.12,5,,,4,26,0.018,226,3.32,45,334,0.124,4.56,33,,,0.07,0.25,3.81,0.28,2.7,9,0.7,0.14,,90,1.72,2,0.22,0.227,,
7111702-4,"Cabeca de Lombo (Carne Bovina) Organica, assado(a)",,199,36.12,5,,,4,26,0.018,226,3.32,45,334,0.124,4.56,33,,,0.07,0.25,3.81,0.28,2.7,9,0.7,0.14,,90,1.72,2,0.22,0.227,,
7111702-5,"Cabeca de Lombo (Carne Bovina) Organica, frito(a)",,248.6,36.12,10.61,,,4,26,0.018,226,3.32,45,334,0.124,4.56,35.57,,,0.07,0.25,3.81,0.28,2.7,9,0.7,0.599,,90,2.598,3.277,3.458,0.257,,
7111806-4,"Tatu (Lagarto Redondo) Organico, assado(a)",,199,36.12,5,,,4,26,0.018,226,3.32,45,334,0.124,4.56,33,,,0.07,0.25,3.81,0.28,2.7,9,0.7,0.14,,90,1.72,2,0.22,0.227,,
7200101-1,"Peixe de Mar (Inteiro, em Posta, em Filé, Etc), cru(a)",,117,24.16,1.53,,,18,58,0.02,289,0.34,105,344,0.03,0.63,58.2,13,13,0.08,0.11,2.18,0.24,2.51,9,1.1,0.66,,68,0.36,0.28,0.65,,,
7200101-2,"Peixe de Mar (Inteiro, em Posta, em Filé, Etc), cozido(a)",,117,24.16,1.53,,,18,58,0.02,289,0.34,105,344,0.03,0.63,58.2,13,13,0.08,0.11,2.18,0.24,2.51,9,1.1,0.66,,68,0.36,0.28,0.65,,,
7200101-3,"Peixe de Mar (Inteiro, em Posta, em Filé, Etc), grelhado(a)/brasa/churrasco",,117,24.16,1.53,,,18,58,0.02,289,0.34,105,344,0.03,0.63,58.2,13,13,0.08,0.11,2.18,0.24,2.51,9,1.1,0.66,,68,0.36,0.28,0.65,,,
7200101-4,"Peixe de Mar (Inteiro, em Posta, em Filé, Etc), assado(a)",,117,24.16,1.53,,,18,58,0.02,289,0.34,105,344,0.03,0.63,58.2,13,13,0.08,0.11,2.18,0.24,2.51,9,1.1,0.66,,68,0.36,0.28,0.65,,,
7200101-5,"Peixe de Mar (Inteiro, em Posta, em Filé, Etc), frito(a)",,139.7,24.16,4.09,,,18,58,0.02,289,0.34,105,344,0.03,0.63,59.37,13,13,0.08,0.11,2.18,0.24,2.51,9,1.1,0.9,,68,0.73,0.87,2.13,,,
7200101-6,"Peixe de Mar (Inteiro, em Posta, em Filé, Etc), empanado(a)/a milanesa",,155.8,24.62,4.14,3.39,0.14,18.67,58.98,0.05,293.8,0.55,105.09,348.76,0.03,0.66,60.88,13,13,0.11,0.14,2.44,0.24,2.51,18.07,1.1,0.9,,68,0.74,0.88,2.15,,0.01,
7200101-8,"Peixe de Mar (Inteiro, em Posta, em Filé, Etc), molho vermelho",,98.4,19.59,1.26,1.08,0.3,17,49.6,0.04,236.4,0.48,188.8,341.4,0.04,0.54,46.6,10.4,13.88,0.07,0.1,1.94,0.21,2.01,9.4,0.88,0.81,1.4,54.4,0.3,0.23,0.53,,0.85,
7200101-9,"Peixe de Mar (Inteiro, em Posta, em Filé, Etc), molho branco",,140.1,20.81,5.11,1.47,0.07,27.08,48.76,0.07,254.53,1.6,92.8,321.15,0.06,0.67,49.41,45.47,47.69,0.08,0.13,1.96,0.21,6.4,11.51,1,0.72,1.72,68.33,2.32,1.3,1.06,0.11,0.39,
7200101-13,"Peixe de Mar (Inteiro, em Posta, em Filé, Etc), ensopado",,139.7,24.16,4.09,,,18,58,0.02,289,0.34,105,344,0.03,0.63,59.37,13,13,0.08,0.11,2.18,0.24,2.51,9,1.1,0.9,,68,0.73,0.87,2.13,,,
7200401-2,"Peixe de Mar Salgado (Inteiro, em Posta, em Filé, Etc), cozido(a)",,117,24.16,1.53,,,18,58,0.02,289,0.34,105,344,0.03,0.63,58.2,13,13,0.08,0.11,2.18,0.24,2.51,9,1.1,0.66,,68,0.36,0.28,0.65,,,
7200401-3,"Peixe de Mar Salgado (Inteiro, em Posta, em Filé, Etc), grelhado(a)/brasa/churrasco",,117,24.16,1.53,,,18,58,0.02,289,0.34,105,344,0.03,0.63,58.2,13,13,0.08,0.11,2.18,0.24,2.51,9,1.1,0.66,,68,0.36,0.28,0.65,,,
7200401-4,"Peixe de Mar Salgado (Inteiro, em Posta, em Filé, Etc), assado(a)",,117,24.16,1.53,,,18,58,0.02,289,0.34,105,344,0.03,0.63,58.2,13,13,0.08,0.11,2.18,0.24,2.51,9,1.1,0.66,,68,0.36,0.28,0.65,,,
7200401-5,"Peixe de Mar Salgado (Inteiro, em Posta, em Filé, Etc), frito(a)",,139.7,24.16,4.09,,,18,58,0.02,289,0.34,105,344,0.03,0.63,59.37,13,13,0.08,0.11,2.18,0.24,2.51,9,1.1,0.9,,68,0.73,0.87,2.13,,,
7200401-6,"Peixe de Mar Salgado (Inteiro, em Posta, em Filé, Etc), empanado(a)/a milanesa",,155.8,24.62,4.14,3.39,0.14,18.67,58.98,0.05,293.8,0.55,105.09,348.76,0.03,0.66,60.88,13,13,0.11,0.14,2.44,0.24,2.51,18.07,1.1,0.9,,68,0.74,0.88,2.15,,0.01,
7200401-9,"Peixe de Mar Salgado (Inteiro, em Posta, em Filé, Etc), molho branco",,140.1,20.81,5.11,1.47,0.07,27.08,48.76,0.07,254.53,1.6,92.8,321.15,0.06,0.67,49.41,45.47,47.69,0.08,0.13,1.96,0.21,6.4,11.51,1,0.72,1.72,68.33,2.32,1.3,1.06,0.11,0.39,
7200401-13,"Peixe de Mar Salgado (Inteiro, em Posta, em Filé, Etc), ensopado",,139.7,24.16,4.09,,,18,58,0.02,289,0.34,105,344,0.03,0.63,59.37,13,13,0.08,0.11,2.18,0.24,2.51,9,1.1,0.9,,68,0.73,0.87,2.13,,,
7260101-1,"Camarao, cru(a)",,99,20.91,1.08,,,39,34,0.03,137,3.09,224,182,0.19,1.56,39.6,68,68,0.03,0.03,2.59,0.13,1.49,4,3.58,1.38,2.2,195,0.29,0.2,0.44,0.02,,
7260101-2,"Camarao, cozido(a)",,99,20.91,1.08,,,39,34,0.03,137,3.09,224,182,0.19,1.56,39.6,68,68,0.03,0.03,2.59,0.13,1.49,4,3.58,1.38,2.2,195,0.29,0.2,0.44,0.02,,
7260101-3,"Camarao, grelhado(a)/brasa/churrasco",,99,20.91,1.08,,,39,34,0.03,137,3.09,224,182,0.19,1.56,39.6,68,68,0.03,0.03,2.59,0.13,1.49,4,3.58,1.38,2.2,195,0.29,0.2,0.44,0.02,,
7260101-4,"Camarao, assado(a)",,99,20.91,1.08,,,39,34,0.03,137,3.09,224,182,0.19,1.56,39.6,68,68,0.03,0.03,2.59,0.13,1.49,4,3.58,1.38,2.2,195,0.29,0.2,0.44,0.02,,
7260101-5,"Camarao, frito(a)",,121.7,20.91,3.64,,,39,34,0.03,137,3.09,224,182,0.19,1.56,40.77,68,68,0.03,0.03,2.59,0.13,1.49,4,3.58,1.62,2.2,195,0.66,0.79,1.92,0.02,,
7260101-6,"Camarao, empanado(a)/a milanesa",,137.8,21.37,3.69,3.39,0.14,39.67,34.98,0.06,141.8,3.3,224.09,186.76,0.2,1.59,42.28,68,68,0.07,0.05,2.85,0.13,1.49,13.07,3.58,1.62,2.2,195,0.66,0.8,1.94,0.02,0.01,
7260101-7,"Camarao, refogado(a)",,121.7,20.91,3.64,,,39,34,0.03,137,3.09,224,182,0.19,1.56,40.77,68,68,0.03,0.03,2.59,0.13,1.49,4,3.58,1.62,2.2,195,0.66,0.79,1.92,0.02,,
7260101-8,"Camarao, molho vermelho",,84,16.99,0.9,1.08,0.3,33.8,30.4,0.05,114.8,2.68,284,211.8,0.18,1.29,31.72,54.4,57.88,0.03,0.04,2.27,0.12,1.19,5.4,2.86,1.39,3.16,156,0.24,0.16,0.37,0.02,0.85,
7260101-9,"Camarao, molho branco",,125.7,18.21,4.75,1.47,0.07,43.88,29.56,0.09,132.93,3.8,188,191.55,0.19,1.41,34.53,89.47,91.69,0.04,0.06,2.29,0.12,5.59,7.51,2.98,1.29,3.48,169.93,2.26,1.24,0.89,0.13,0.39,
7260101-10,"Camarao, ao alho e oleo",,121.7,20.91,3.64,,,39,34,0.03,137,3.09,224,182,0.19,1.56,40.77,68,68,0.03,0.03,2.59,0.13,1.49,4,3.58,1.62,2.2,195,0.66,0.79,1.92,0.02,,
7260101-13,"Camarao, ensopado",,121.7,20.91,3.64,,,39,34,0.03,137,3.09,224,182,0.19,1.56,40.77,68,68,0.03,0.03,2.59,0.13,1.49,4,3.58,1.62,2.2,195,0.66,0.79,1.92,0.02,,
7260101-99,Camarao,,99,20.91,1.08,,,39,34,0.03,137,3.09,224,182,0.19,1.56,39.6,68,68,0.03,0.03,2.59,0.13,1.49,4,3.58,1.38,2.2,195,0.29,0.2,0.44,0.02,,
7261101-2,"Siri, cozido(a)",,102,20.2,1.77,,,104,33,0.19,206,0.91,279,324,0.65,4.22,40.2,2,2,0.1,0.05,3.3,0.18,7.3,51,,1.84,3.3,100,0.23,0.28,0.68,,,
7261101-6,"Siri, empanado(a)/a milanesa",,140.8,20.66,4.38,3.39,0.14,104.67,33.98,0.22,210.8,1.12,279.09,328.76,0.651,4.25,42.88,2,2,0.135,0.072,3.562,0.182,7.3,60.07,,2.052,3.3,100,0.636,0.868,2.178,0.014,0.01,
7261101-7,"Siri, refogado(a)",,124.7,20.2,4.33,,,104,33,0.19,206,0.91,279,324,0.65,4.22,41.37,2,2,0.1,0.05,3.3,0.18,7.3,51,,2.08,3.3,100,0.6,0.88,2.16,,,
7261120-2,"Bau (Siri), cozido(a)",,102,20.2,1.77,,,104,33,0.19,206,0.91,279,324,0.65,4.22,40.2,2,2,0.1,0.05,3.3,0.18,7.3,51,,1.84,3.3,100,0.23,0.28,0.68,,,
7261121-1,"Goia, cru(a)",,102,20.2,1.77,,,104,33,0.19,206,0.91,279,324,0.65,4.22,40.2,2,2,0.1,0.05,3.3,0.18,7.3,51,,1.84,3.3,100,0.23,0.28,0.68,,,
7262101-2,"Caranguejo, cozido(a)",,102,20.2,1.77,,,104,33,0.19,206,0.91,279,324,0.65,4.22,40.2,2,2,0.1,0.05,3.3,0.18,7.3,51,,1.84,3.3,100,0.23,0.28,0.68,,,
7262101-4,"Caranguejo, assado(a)",,102,20.2,1.77,,,104,33,0.19,206,0.91,279,324,0.65,4.22,40.2,2,2,0.1,0.05,3.3,0.18,7.3,51,,1.84,3.3,100,0.23,0.28,0.68,,,
7262101-12,"Caranguejo, ao vinagrete",,102,20.2,1.77,,,104,33,0.19,206,0.91,279,324,0.65,4.22,40.2,2,2,0.1,0.05,3.3,0.18,7.3,51,,1.84,3.3,100,0.23,0.28,0.68,,,
7262105-2,"Guaiamu, cozido(a)",,102,20.2,1.77,,,104,33,0.19,206,0.91,279,324,0.65,4.22,40.2,2,2,0.1,0.05,3.3,0.18,7.3,51,,1.84,3.3,100,0.23,0.28,0.68,,,
7263101-2,"Marisco, cozido(a)",,148,25.55,1.95,5.13,,92,18,1,338,27.96,112,628,0.688,2.73,48.6,181,181,0.15,0.426,3.354,0.11,98.89,29,0.2,0.62,22.1,67,0.188,0.172,0.552,,,
7263101-5,"Marisco, frito(a)",,170.7,25.55,4.51,5.13,,92,18,1,338,27.96,112,628,0.688,2.73,49.77,181,181,0.15,0.426,3.354,0.11,98.89,29,0.2,0.83,22.1,67,0.589,0.756,2.032,0.014,,
7263101-8,"Marisco, molho vermelho",,123.2,20.7,1.6,5.18,0.3,76.2,17.6,0.821,275.6,22.57,194.4,568.6,0.574,2.22,38.92,144.8,148.28,0.125,0.354,2.878,0.107,79.112,25.4,0.16,0.78,19.08,53.6,0.155,0.143,0.456,,0.85,
7263101-99,Marisco,,148,25.55,1.95,5.13,,92,18,1,338,27.96,112,628,0.688,2.73,48.6,181,181,0.15,0.426,3.354,0.11,98.89,29,0.2,0.62,22.1,67,0.188,0.172,0.552,,,
7264101-2,"Ostra, cozido(a)",,137,14.1,4.91,7.82,,90,95,0.697,203,11.99,422,281,7.569,181.61,71.6,54,54,0.19,0.181,2.484,0.118,35.02,14,16,1.7,6,105,1.544,0.628,1.936,,,
7265101-6,"Lula, empanado(a)/a milanesa",,143.8,18.32,4.19,6.92,0.14,37.59,35.04,0.065,207.49,0.95,51.09,230.46,2.066,1.79,82.78,12,12,0.055,0.402,2.262,0.052,1.12,13.28,,1.641,3.77,267,0.828,0.688,1.978,0.014,0.01,
7266101-2,"Sururu, cozido(a)",,148,25.55,1.95,5.13,,92,18,1,338,27.96,112,628,0.688,2.73,48.6,181,181,0.15,0.426,3.354,0.11,98.89,29,0.2,0.62,22.1,67,0.188,0.172,0.552,,,
7266101-13,"Sururu, ensopado",,170.7,25.55,4.51,5.13,,92,18,1,338,27.96,112,628,0.688,2.73,49.77,181,181,0.15,0.426,3.354,0.11,98.89,29,0.2,0.83,22.1,67,0.589,0.756,2.032,0.014,,
7270401-2,"Bacalhau, cozido(a)",,117,24.16,1.53,,,18,58,0.02,289,0.34,105,344,0.03,0.63,58.2,13,13,0.08,0.11,2.18,0.24,2.51,9,1.1,0.66,,68,0.36,0.28,0.65,,,
7270401-4,"Bacalhau, assado(a)",,117,24.16,1.53,,,18,58,0.02,289,0.34,105,344,0.03,0.63,58.2,13,13,0.08,0.11,2.18,0.24,2.51,9,1.1,0.66,,68,0.36,0.28,0.65,,,
7270401-5,"Bacalhau, frito(a)",,139.7,24.16,4.09,,,18,58,0.02,289,0.34,105,344,0.03,0.63,59.37,13,13,0.08,0.11,2.18,0.24,2.51,9,1.1,0.9,,68,0.73,0.87,2.13,,,
7270401-6,"Bacalhau, empanado(a)/a milanesa",,155.8,24.62,4.14,3.39,0.14,18.67,58.98,0.05,293.8,0.55,105.09,348.76,0.03,0.66,60.88,13,13,0.11,0.14,2.44,0.24,2.51,18.07,1.1,0.9,,68,0.74,0.88,2.15,,0.01,
7270401-7,"Bacalhau, refogado(a)",,139.7,24.16,4.09,,,18,58,0.02,289,0.34,105,344,0.03,0.63,59.37,13,13,0.08,0.11,2.18,0.24,2.51,9,1.1,0.9,,68,0.73,0.87,2.13,,,
7270401-8,"Bacalhau, molho vermelho",,98.4,19.59,1.26,1.08,0.3,17,49.6,0.04,236.4,0.48,188.8,341.4,0.04,0.54,46.6,10.4,13.88,0.07,0.1,1.94,0.21,2.01,9.4,0.88,0.81,1.4,54.4,0.3,0.23,0.53,,0.85,
7270401-13,"Bacalhau, ensopado",,139.7,24.16,4.09,,,18,58,0.02,289,0.34,105,344,0.03,0.63,59.37,13,13,0.08,0.11,2.18,0.24,2.51,9,1.1,0.9,,68,0.73,0.87,2.13,,,
7270401-99,Bacalhau,,117,24.16,1.53,,,18,58,0.02,289,0.34,105,344,0.03,0.63,58.2,13,13,0.08,0.11,2.18,0.24,2.51,9,1.1,0.66,,68,0.36,0.28,0.65,,,
7273101-4,"Ovas de Peixe (Qualquer Especie), assado(a)",,204,28.62,8.23,1.92,,28,26,0.013,515,0.77,117,283,0.128,1.28,51.7,91,91,0.277,0.949,2.192,0.185,11.54,92,4,8.974,16.4,479,1.866,2.129,3.404,,,
7273101-5,"Ovas de Peixe (Qualquer Especie), frito(a)",,226.7,28.62,10.79,1.92,,28,26,0.013,515,0.77,117,283,0.128,1.28,52.88,91,91,0.277,0.949,2.192,0.185,11.54,92,4,9.184,16.4,479,2.267,2.713,4.884,0.014,,
7400101-1,"Peixe de Agua Doce (Inteiro, em Posta, em Filé, Etc), cru(a)",,117,24.16,1.53,,,18,58,0.02,289,0.34,105,344,0.03,0.63,58.2,13,13,0.08,0.11,2.18,0.24,2.51,9,5.5,0.66,,68,0.36,0.28,0.65,,,
7400101-2,"Peixe de Agua Doce (Inteiro, em Posta, em Filé, Etc), cozido(a)",,117,24.16,1.53,,,18,58,0.02,289,0.34,105,344,0.03,0.63,58.2,13,13,0.08,0.11,2.18,0.24,2.51,9,5.5,0.66,,68,0.36,0.28,0.65,,,
7400101-3,"Peixe de Agua Doce (Inteiro, em Posta, em Filé, Etc), grelhado(a)/brasa/churrasco",,117,24.16,1.53,,,18,58,0.02,289,0.34,105,344,0.03,0.63,58.2,13,13,0.08,0.11,2.18,0.24,2.51,9,5.5,0.66,,68,0.36,0.28,0.65,,,
7400101-4,"Peixe de Agua Doce (Inteiro, em Posta, em Filé, Etc), assado(a)",,117,24.16,1.53,,,18,58,0.02,289,0.34,105,344,0.03,0.63,58.2,13,13,0.08,0.11,2.18,0.24,2.51,9,5.5,0.66,,68,0.36,0.28,0.65,,,
7400101-5,"Peixe de Agua Doce (Inteiro, em Posta, em Filé, Etc), frito(a)",,139.7,24.16,4.09,,,18,58,0.02,289,0.34,105,344,0.03,0.63,59.37,13,13,0.08,0.11,2.18,0.24,2.51,9,5.5,0.9,,68,0.73,0.87,2.13,,,
7400101-6,"Peixe de Agua Doce (Inteiro, em Posta, em Filé, Etc), empanado(a)/a milanesa",,155.8,24.62,4.14,3.39,0.14,18.67,58.98,0.05,293.8,0.55,105.09,348.76,0.03,0.66,60.88,13,13,0.11,0.14,2.44,0.24,2.51,18.07,1.1,0.9,,68,0.74,0.88,2.15,,0.01,
7400101-7,"Peixe de Agua Doce (Inteiro, em Posta, em Filé, Etc), refogado(a)",,139.7,24.16,4.09,,,18,58,0.02,289,0.34,105,344,0.03,0.63,59.37,13,13,0.08,0.11,2.18,0.24,2.51,9,5.5,0.9,,68,0.73,0.87,2.13,,,
7400101-8,"Peixe de Agua Doce (Inteiro, em Posta, em Filé, Etc), molho vermelho",,98.4,19.59,1.26,1.08,0.3,17,49.6,0.04,236.4,0.48,188.8,341.4,0.04,0.54,46.6,10.4,13.88,0.07,0.1,1.94,0.21,2.01,9.4,4.4,0.81,1.4,54.4,0.3,0.23,0.53,,0.85,
7400101-9,"Peixe de Agua Doce (Inteiro, em Posta, em Filé, Etc), molho branco",,126.2,20.11,3.71,1.85,0.04,37.28,48.71,0.026,250.89,0.34,104.92,305.25,0.025,0.59,47.73,31.1,31.48,0.083,0.134,1.839,0.2,2.098,10.8,4.627,0.593,0,61.23,1.823,0.858,0.629,0.097,1.03,
7400101-13,"Peixe de Agua Doce (Inteiro, em Posta, em Filé, Etc), ensopado",,139.7,24.16,4.09,,,18,58,0.02,289,0.34,105,344,0.03,0.63,59.37,13,13,0.08,0.11,2.18,0.24,2.51,9,5.5,0.9,,68,0.73,0.87,2.13,,,
7400101-99,"Peixe de Agua Doce (Inteiro, em Posta, em Filé, Etc)",,117,24.16,1.53,,,18,58,0.02,289,0.34,105,344,0.03,0.63,58.2,13,13,0.08,0.11,2.18,0.24,2.51,9,5.5,0.66,,68,0.36,0.28,0.65,,,
7400401-2,"Peixe de Agua Doce Salgado (Inteiro, em Posta, em Filé, Etc), cozido(a)",,117,24.16,1.53,,,18,58,0.02,289,0.34,105,344,0.03,0.63,58.2,13,13,0.08,0.11,2.18,0.24,2.51,9,1.1,0.66,,68,0.36,0.28,0.65,,,
7400401-3,"Peixe de Agua Doce Salgado (Inteiro, em Posta, em Filé, Etc), grelhado(a)/brasa/churrasco",,117,24.16,1.53,,,18,58,0.02,289,0.34,105,344,0.03,0.63,58.2,13,13,0.08,0.11,2.18,0.24,2.51,9,1.1,0.66,,68,0.36,0.28,0.65,,,
7400401-4,"Peixe de Agua Doce Salgado (Inteiro, em Posta, em Filé, Etc), assado(a)",,117,24.16,1.53,,,18,58,0.02,289,0.34,105,344,0.03,0.63,58.2,13,13,0.08,0.11,2.18,0.24,2.51,9,1.1,0.66,,68,0.36,0.28,0.65,,,
7400401-5,"Peixe de Agua Doce Salgado (Inteiro, em Posta, em Filé, Etc), frito(a)",,139.7,24.16,4.09,,,18,58,0.02,289,0.34,105,344,0.03,0.63,59.37,13,13,0.08,0.11,2.18,0.24,2.51,9,1.1,0.9,,68,0.73,0.87,2.13,,,
7400401-6,"Peixe de Agua Doce Salgado (Inteiro, em Posta, em Filé, Etc), empanado(a)/a milanesa",,155.8,24.62,4.14,3.39,0.14,18.67,58.98,0.05,293.8,0.55,105.09,348.76,0.03,0.66,60.88,13,13,0.11,0.14,2.44,0.24,2.51,18.07,1.1,0.9,,68,0.74,0.88,2.15,,0.01,
7400401-8,"Peixe de Agua Doce Salgado (Inteiro, em Posta, em Filé, Etc), molho vermelho",,98.4,19.59,1.26,1.08,0.3,17,49.6,0.04,236.4,0.48,188.8,341.4,0.04,0.54,46.6,10.4,13.88,0.07,0.1,1.94,0.21,2.01,9.4,0.88,0.81,1.4,54.4,0.3,0.23,0.53,,0.85,
7400401-13,"Peixe de Agua Doce Salgado (Inteiro, em Posta, em Filé, Etc), ensopado",,139.7,24.16,4.09,,,18,58,0.02,289,0.34,105,344,0.03,0.63,59.37,13,13,0.08,0.11,2.18,0.24,2.51,9,1.1,0.9,,68,0.73,0.87,2.13,,,
7444101-2,"Tracaja, cozido(a)",,117,24.16,1.53,,,18,58,0.02,289,0.34,105,344,0.026,0.63,58.2,13,13,0.08,0.114,2.179,0.24,2.51,9,1.92,0.66,,68,0.363,0.276,0.646,,,
7600101-1,"Peixe Nao Especificado (Inteiro, em Posta, em Filé, Etc), cru(a)",,117,24.16,1.53,,,18,58,0.02,289,0.34,105,344,0.03,0.63,58.2,13,13,0.08,0.11,2.18,0.24,2.51,9,1.1,0.66,,68,0.36,0.28,0.65,,,
7600101-2,"Peixe Nao Especificado (Inteiro, em Posta, em Filé, Etc), cozido(a)",,117,24.16,1.53,,,18,58,0.02,289,0.34,105,344,0.03,0.63,58.2,13,13,0.08,0.11,2.18,0.24,2.51,9,1.1,0.66,,68,0.36,0.28,0.65,,,
7600101-3,"Peixe Nao Especificado (Inteiro, em Posta, em Filé, Etc), grelhado(a)/brasa/churrasco",,117,24.16,1.53,,,18,58,0.02,289,0.34,105,344,0.03,0.63,58.2,13,13,0.08,0.11,2.18,0.24,2.51,9,1.1,0.66,,68,0.36,0.28,0.65,,,
7600101-4,"Peixe Nao Especificado (Inteiro, em Posta, em Filé, Etc), assado(a)",,117,24.16,1.53,,,18,58,0.02,289,0.34,105,344,0.03,0.63,58.2,13,13,0.08,0.11,2.18,0.24,2.51,9,1.1,0.66,,68,0.36,0.28,0.65,,,
7600101-5,"Peixe Nao Especificado (Inteiro, em Posta, em Filé, Etc), frito(a)",,139.7,24.16,4.09,,,18,58,0.02,289,0.34,105,344,0.03,0.63,59.37,13,13,0.08,0.11,2.18,0.24,2.51,9,1.1,0.9,,68,0.73,0.87,2.13,,,
7600101-6,"Peixe Nao Especificado (Inteiro, em Posta, em Filé, Etc), empanado(a)/a milanesa",,155.8,24.62,4.14,3.39,0.14,18.67,58.98,0.05,293.8,0.55,105.09,348.76,0.03,0.66,60.88,13,13,0.11,0.14,2.44,0.24,2.51,18.07,1.1,0.9,,68,0.74,0.88,2.15,,0.01,
7600101-7,"Peixe Nao Especificado (Inteiro, em Posta, em Filé, Etc), refogado(a)",,139.7,24.16,4.09,,,18,58,0.02,289,0.34,105,344,0.03,0.63,59.37,13,13,0.08,0.11,2.18,0.24,2.51,9,1.1,0.9,,68,0.73,0.87,2.13,,,
7600101-8,"Peixe Nao Especificado (Inteiro, em Posta, em Filé, Etc), molho vermelho",,98.4,19.59,1.26,1.08,0.3,17,49.6,0.04,236.4,0.48,188.8,341.4,0.04,0.54,46.6,10.4,13.88,0.07,0.1,1.94,0.21,2.01,9.4,0.88,0.81,1.4,54.4,0.3,0.23,0.53,,0.85,
7600101-9,"Peixe Nao Especificado (Inteiro, em Posta, em Filé, Etc), molho branco",,140.1,20.81,5.11,1.47,0.07,27.08,48.76,0.07,254.53,1.6,92.8,321.15,0.06,0.67,49.41,45.47,47.69,0.08,0.13,1.96,0.21,6.4,11.51,1,0.72,1.72,68.33,2.32,1.3,1.06,0.11,0.39,
7600101-13,"Peixe Nao Especificado (Inteiro, em Posta, em Filé, Etc), ensopado",,139.7,24.16,4.09,,,18,58,0.02,289,0.34,105,344,0.03,0.63,59.37,13,13,0.08,0.11,2.18,0.24,2.51,9,1.1,0.9,,68,0.73,0.87,2.13,,,
7600401-2,"Peixe Nao Especificado Salgado (Inteiro, em Posta, em Filé, Etc), cozido(a)",,117,24.16,1.53,,,18,58,0.02,289,0.34,105,344,0.03,0.63,58.2,13,13,0.08,0.11,2.18,0.24,2.51,9,1.1,0.66,,68,0.36,0.28,0.65,,,
7600401-3,"Peixe Nao Especificado Salgado (Inteiro, em Posta, em Filé, Etc), grelhado(a)/brasa/churrasco",,117,24.16,1.53,,,18,58,0.02,289,0.34,105,344,0.03,0.63,58.2,13,13,0.08,0.11,2.18,0.24,2.51,9,1.1,0.66,,68,0.36,0.28,0.65,,,
7600401-4,"Peixe Nao Especificado Salgado (Inteiro, em Posta, em Filé, Etc), assado(a)",,117,24.16,1.53,,,18,58,0.02,289,0.34,105,344,0.03,0.63,58.2,13,13,0.08,0.11,2.18,0.24,2.51,9,1.1,0.66,,68,0.36,0.28,0.65,,,
7600401-5,"Peixe Nao Especificado Salgado (Inteiro, em Posta, em Filé, Etc), frito(a)",,139.7,24.16,4.09,,,18,58,0.02,289,0.34,105,344,0.03,0.63,59.37,13,13,0.08,0.11,2.18,0.24,2.51,9,1.1,0.9,,68,0.73,0.87,2.13,,,
7600401-6,"Peixe Nao Especificado Salgado (Inteiro, em Posta, em Filé, Etc), empanado(a)/a milanesa",,155.8,24.62,4.14,3.39,0.14,18.67,58.98,0.05,293.8,0.55,105.09,348.76,0.03,0.66,60.88,13,13,0.11,0.14,2.44,0.24,2.51,18.07,1.1,0.9,,68,0.74,0.88,2.15,,0.01,
7700101-99,Azeitona,,145,1.03,15.32,3.84,3.3,52,11,0.02,4,0.49,1556,42,0.12,0.04,0.9,,19.67,0.02,0.01,0.24,0.03,,3,,3.81,,,2.03,11.31,1.31,,,
7700201-99,Ervilha em Conserva,,69,4.42,0.35,12.58,4.1,20,17,0.3,67,0.95,252,173,0.08,0.71,1.7,,26.67,0.12,0.08,0.73,0.06,,44,,0.03,9.6,,0.06,0.03,0.16,,4.16,
7700202-99,Petit Pois,,69,4.42,0.35,12.58,4.1,20,17,0.3,67,0.95,252,173,0.08,0.71,1.7,,26.67,0.12,0.08,0.73,0.06,,44,,0.03,9.6,,0.06,0.03,0.16,,4.16,
7700401-99,Milho Verde em Conserva,,81,2.64,0.93,18.8,1.9,5,15,0.14,48,0.72,298,135,0.05,0.37,0.7,,2.29,0.02,0.05,0.38,0.07,,43,,0.07,0.7,,0.17,0.23,0.45,,3.04,
7700501-99,Palmito em Conserva,,28,2.52,0.62,4.62,2.4,58,38,1.39,65,3.13,426,177,0.13,1.15,0.7,,,0.01,0.06,0.44,0.02,,39,,0.5,7.9,,0.13,0.1,0.2,,,
7700601-99,Cogumelo em Conserva,,50.7,1.87,3.2,5.09,2.4,11,15,0.086,66,0.79,425,129,0.235,0.72,5.43,,,0.085,0.021,1.593,0.061,,12,0.525,0.248,,,0.487,0.668,1.798,0.016,1.44,
7700602-99,Champignon em Conserva,,50.7,1.87,3.2,5.09,2.4,11,15,0.086,66,0.79,425,129,0.235,0.72,5.43,,,0.085,0.021,1.593,0.061,,12,0.525,0.248,,,0.487,0.668,1.798,0.016,1.44,
7700701-99,Aspargo em Conserva,,19,2.14,0.65,2.46,1.6,16,10,0.17,43,1.83,287,172,0.096,0.4,1.7,,41.08,0.061,0.1,0.954,0.11,,96,,1.22,18.4,,0.147,0.021,0.284,,1.1,
7700901-99,Repolho em Conserva,,19,0.91,0.14,4.28,2.9,30,13,0.151,20,1.47,661,170,0.096,0.19,0.6,,0.88,0.021,0.022,0.143,0.13,,24,,0.14,14.7,,0.034,0.013,0.067,,0.18,
7700902-99,Chucrute,,19,0.91,0.14,4.28,2.9,30,13,0.151,20,1.47,661,170,0.096,0.19,0.6,,0.88,0.021,0.022,0.143,0.13,,24,,0.14,14.7,,0.034,0.013,0.067,,0.18,
7701101-99,Legume Nao Especificado em Conserva,,47,2.53,0.26,9.06,2.8,22.65,12.51,0.371,45.5,0.79,482.78,176.05,0.09,0.48,1.05,,292.67,0.07,0.05,0.63,0.08,,26.75,,0.385,6.15,,0.05,0.01,0.12,,3.2,
7701404-99,Creme de Cebola (Sopa Desidratada),,46.3,0.82,2.47,5.34,0.2,59.19,7.76,0.038,43.22,0.16,374.69,89.41,0.019,0.22,1.89,14.68,15.17,0.038,0.067,0.146,0.044,0.075,7.51,0.024,0.245,1.25,5.95,0.793,0.84,0.689,0.294,2.67,
7701405-99,Creme de Legumes (Sopa Desidratada),,10.5,0.48,0.02,2.15,0.23,6.52,3.03,0.026,6.3,0.07,289.56,22.68,0.016,0.05,0.43,,14.02,0.01,0.005,0.077,0.02,,2.38,,0.026,1.58,,0.004,0.002,0.01,,0.36,
7701406-99,Yakissoba,,527,8.38,30.76,57.54,3.9,20,52,1.357,161,4.73,439,120,0.167,1.4,43,,0.08,0.578,0.421,5.95,0.11,,138,,3.48,,,4.384,7.689,17.331,,1.53,
7701501-1,"Milho Verde com Ervilha em Conserva, cru(a)",,79.5,3.83,0.47,16.81,2.96,13.37,25.04,0.216,78.01,0.99,36.06,172.26,0.076,0.65,0.85,,56.89,0.155,0.081,1.394,0.106,,46.85,,0.05,6.66,,0.076,0.112,0.225,,3.85,
7701501-2,"Milho Verde com Ervilha em Conserva, cozido(a)",,79.5,3.83,0.47,16.81,2.96,13.37,25.04,0.216,78.01,0.99,36.06,172.26,0.076,0.65,0.85,,56.89,0.155,0.081,1.394,0.106,,46.85,,0.05,6.66,,0.076,0.112,0.225,,3.85,
7701501-5,"Milho Verde com Ervilha em Conserva, frito(a)",,79.5,3.83,0.47,16.81,2.96,13.37,25.04,0.216,78.01,0.99,36.06,172.26,0.076,0.65,0.85,,56.89,0.155,0.081,1.394,0.106,,46.85,,0.05,6.66,,0.076,0.112,0.225,,3.85,
7701501-99,Milho Verde com Ervilha em Conserva,,79.5,3.83,0.47,16.81,2.96,13.37,25.04,0.216,78.01,0.99,36.06,172.26,0.076,0.65,0.85,,56.89,0.155,0.081,1.394,0.106,,46.85,,0.05,6.66,,0.076,0.112,0.225,,3.85,
7701901-99,Feijoada,,181.6,11.11,7.9,16.92,5.68,26.73,49.6,0.3,140.25,1.82,353.09,327.86,0.164,1.57,8.35,1,2.77,0.274,0.094,1.37,0.127,0.271,100.16,0.162,0.75,6.98,16.27,2.49,3.047,1.655,0.065,2.67,0.46
7702001-99,Feijao Branco com Dobradinha em Conserva,,136.4,10.68,5.91,10.2,2.33,70.28,30.65,0.277,88.03,1.73,332.22,260.04,0.112,1.46,6.14,1.32,4.54,0.077,0.052,0.985,0.086,0.448,30.16,,0.548,3.04,78.48,1.773,2.278,1.056,0.105,0.54,
7702101-99,Cozido,,87.3,5.61,3.79,7.93,1.74,18.4,15.65,0.196,66.61,0.89,298.29,190.65,0.098,1.06,5.42,,39.45,0.101,0.065,1.048,0.142,0.391,28.91,0.136,0.204,8.57,12.75,1.3,1.669,0.41,0.078,1.16,0.02
7702302-99,Pasta de Carne em Conserva,,245.6,9.89,16.89,14.1,0.17,12.47,9.38,0.013,81.19,0.83,800.1,109.36,0.052,1.56,10.63,14.06,22.73,0.076,0.099,2.18,0.179,0.517,2.6,0.276,0.693,0.14,39.86,4.484,5.834,4.962,0.259,8.54,12.12
7702402-99,Pasta de Presunto em Conserva,,276.5,17.86,21.43,1.8,,20.29,14.28,0.013,143.33,1.47,1019.37,198.91,0.114,2.42,30.15,26.83,26.83,0.295,0.191,4.047,0.166,0.564,5.22,0.527,0.235,,67.32,7.258,9.524,2.795,0.157,1.8,1.8
7702502-99,Pasta de Galinha em Conserva,,214.4,16.39,14.53,3.66,0.25,18.17,15.07,0.054,106.11,0.97,706.46,158.58,0.062,0.85,12.11,19.03,19.04,0.035,0.08,4.017,0.165,0.133,6.34,0.224,0.221,1.02,52.34,3.892,6.359,3.082,0.723,0.66,
7702601-99,Carne Bovina em Conserva,,242,24.22,15.42,,,8.19,20.01,0.002,196,2.81,367.77,337.06,0.093,5.71,28.3,,,0.081,0.226,3.207,0.255,2.83,9,0.7,0.14,,75,5.738,7.002,0.613,0.68,,
7702602-99,Almondega,,214.8,20.64,9.2,11,0.76,56.01,22.98,0.15,180.27,2.66,153.28,278.32,0.1,4.62,20.68,26.25,26.48,0.16,0.24,4.18,0.27,1.82,31.26,0.58,0.39,0.83,103.27,3.48,3.64,0.68,0.46,2.24,1.55
7702603-99,Kitute Bovino,,242,24.22,15.42,,,8.19,20.01,0.002,196,2.81,367.77,337.06,0.093,5.71,28.3,,,0.081,0.226,3.207,0.255,2.83,9,0.7,0.14,,75,5.738,7.002,0.613,0.68,,
7702604-99,Almondega ao Molho em Conserva,,203.5,16.16,10.72,9.7,0.91,56.75,21.77,0.14,156.16,2.16,246.54,313.65,0.1,3.4,16.33,20.41,24.3,0.133,0.212,3.518,0.273,1.636,29.63,0.411,0.642,2.14,81.81,4.034,4.673,0.6,0.579,2.67,1.21
7702704-99,Kitute Suino,,178,22.62,9.02,,,8,22,0.041,281,1.34,1500,409,0.145,2.47,19.8,,,0.73,0.33,6.15,0.31,0.7,3,0.8,0.31,,59,3.12,4.44,1.41,0.027,,
7702705-99,Presuntada,,178,22.62,9.02,,,8,22,0.041,281,1.34,1500,409,0.145,2.47,19.8,,,0.73,0.33,6.15,0.31,0.7,3,0.8,0.31,,59,3.12,4.44,1.41,0.027,,
7702707-1,"Fiambre, cru(a)",,178,22.62,9.02,,,8,22,0.041,281,1.34,1500,409,0.145,2.47,19.8,,,0.73,0.33,6.15,0.31,0.7,3,0.8,0.31,,59,3.12,4.44,1.41,0.027,,
7702707-2,"Fiambre, cozido(a)",,178,22.62,9.02,,,8,22,0.041,281,1.34,1500,409,0.145,2.47,19.8,,,0.73,0.33,6.15,0.31,0.7,3,0.8,0.31,,59,3.12,4.44,1.41,0.027,,
7702707-4,"Fiambre, assado(a)",,178,22.62,9.02,,,8,22,0.041,281,1.34,1500,409,0.145,2.47,19.8,,,0.73,0.33,6.15,0.31,0.7,3,0.8,0.31,,59,3.12,4.44,1.41,0.027,,
7702707-5,"Fiambre, frito(a)",,178,22.62,9.02,,,8,22,0.041,281,1.34,1500,409,0.145,2.47,19.8,,,0.73,0.33,6.15,0.31,0.7,3,0.8,0.31,,59,3.12,4.44,1.41,0.027,,
7702801-99,Salsicha em Conserva,,269.1,8.3,25.81,0.27,0.01,17.1,8.37,0.013,75.96,0.57,752.81,100.58,0.039,1.03,9.12,18.44,18.44,0.081,0.089,2,0.103,0.271,1.79,0.268,0.413,0,46.45,8.278,11.136,4.527,0.285,0.21,0.17
7703002-99,Sardinha em Conserva,,208,24.62,11.45,,,382,39,0.11,490,2.92,505,397,0.19,1.31,52.7,32,32,0.08,0.23,5.25,0.17,8.94,12,6.8,2.04,,142,1.53,3.87,5.15,,,
7703402-99,Atum em Conserva,,198,29.13,8.21,,,13,31,0.02,311,1.39,354,207,0.07,0.9,76,23,23,0.04,0.12,12.4,0.11,2.2,5,5.9,0.87,,18,1.53,2.95,2.89,,,
7703701-99,Pepino em Conserva,,12,0.6,0.14,2.59,1.1,42,7,0.047,12,0.37,875,92,0.033,0.11,0.1,,9.17,0.027,0.029,0.099,0.023,,1,,0.09,0.8,,0.036,0.002,0.056,,1.31,
7703902-99,Pasta de Peixe em Conserva,,198,29.13,8.21,,,13,31,0.015,311,1.39,354,207,0.071,0.9,76,23,23,0.038,0.12,12.4,0.11,2.2,5,5.9,0.87,,18,1.534,2.949,2.885,,,
7704001-99,Picles,,12,0.6,0.14,2.59,1.1,42,7,0.047,12,0.37,875,92,0.033,0.11,0.1,,9.17,0.027,0.029,0.099,0.023,,1,,0.09,0.8,,0.036,0.002,0.056,,1.31,
7705201-99,Nabo em Conserva,,43.3,0.87,0.19,9.94,1.59,24.58,10.18,0.127,25.37,0.28,195.3,163.65,0.064,0.23,0.84,,9.89,0.037,0.031,0.36,0.095,,15.55,,0.128,22.98,,0.019,0.068,0.058,,8.56,3.97
7705401-99,Strogonoff,,147.7,12.83,9.11,4.12,0.44,25.13,12.81,0.052,106.16,1.33,354.23,198.48,0.103,2.13,15.24,31.98,33.64,0.059,0.144,2.925,0.187,0.695,11.92,0.409,0.47,1.44,33.44,3.807,2.976,1.53,0.29,1.59,0.38
7706001-99,Salmao em Conserva,,136,23.08,4.83,,,277,34,0.039,365,0.9,399,311,0.156,1.09,39.5,23,23,0.027,0.202,7.409,0.105,4.95,4,11.65,1.28,,82,0.848,0.887,1.345,,,
7706104-99,Creme de Cebola (Sopa Desidratada) Light,,46.3,0.82,2.47,5.34,0.2,59.19,7.76,0.038,43.22,0.16,374.69,89.41,0.019,0.22,1.89,14.68,15.17,0.038,0.067,0.146,0.044,0.075,7.51,0.024,0.245,1.25,5.95,0.793,0.84,0.689,0.294,2.67,
7706105-99,Creme de Legumes (Sopa Desidratada) Light,,10.5,0.48,0.02,2.15,0.23,6.52,3.03,0.026,6.3,0.07,289.56,22.68,0.016,0.05,0.43,,14.02,0.01,0.005,0.077,0.02,,2.38,,0.026,1.58,,0.004,0.002,0.01,,0.36,
7706106-99,Yakissoba (Sopa de Legumes Desidratada) Light,,80,3,0.47,15.61,0.97,7.41,10.7,0.171,30.95,0.67,398.23,30.62,0.062,0.28,13.19,,5.07,0.138,0.069,0.858,0.027,,62.66,,0.039,0.23,,0.089,0.067,0.163,,0.35,
7706302-99,Atum em Conserva Light,,116,25.51,0.82,,,11,27,0.011,163,1.53,338,237,0.051,0.77,80.4,17,17,0.032,0.074,13.28,0.35,2.99,4,4,0.33,,30,0.234,0.159,0.337,,,
7800103-1,"Frango Inteiro, cru(a)",,239,27.3,13.6,,,15,23,0.02,182,1.26,82,223,0.066,1.94,23.9,48,48,0.063,0.168,8.487,0.4,0.3,5,0.3,0.27,,88,3.79,5.34,2.97,0.45,,
7800103-2,"Frango Inteiro, cozido(a)",,239,27.3,13.6,,,15,23,0.02,182,1.26,82,223,0.066,1.94,23.9,48,48,0.063,0.168,8.487,0.4,0.3,5,0.3,0.27,,88,3.79,5.34,2.97,0.45,,
7800103-3,"Frango Inteiro, grelhado(a)/brasa/churrasco",,239,27.3,13.6,,,15,23,0.02,182,1.26,82,223,0.066,1.94,23.9,48,48,0.063,0.168,8.487,0.4,0.3,5,0.3,0.27,,88,3.79,5.34,2.97,0.45,,
7800103-4,"Frango Inteiro, assado(a)",,239,27.3,13.6,,,15,23,0.02,182,1.26,82,223,0.066,1.94,23.9,48,48,0.063,0.168,8.487,0.4,0.3,5,0.3,0.27,,88,3.79,5.34,2.97,0.45,,
7800103-5,"Frango Inteiro, frito(a)",,261.7,27.3,16.16,,,15,23,0.02,182,1.26,82,223,0.066,1.94,25.07,48,48,0.063,0.168,8.487,0.4,0.3,5,0.3,0.48,,88,4.191,5.924,4.45,0.464,,
7800103-6,"Frango Inteiro, empanado(a)/a milanesa",,277.8,27.76,16.21,3.39,0.14,15.67,23.98,0.05,186.8,1.47,82.09,227.76,0.072,1.97,26.58,48,48,0.098,0.19,8.749,0.402,0.3,14.07,0.3,0.482,,88,4.198,5.928,4.468,0.464,0.01,
7800103-7,"Frango Inteiro, refogado(a)",,261.7,27.3,16.16,,,15,23,0.02,182,1.26,82,223,0.066,1.94,25.07,48,48,0.063,0.168,8.487,0.4,0.3,5,0.3,0.48,,88,4.191,5.924,4.45,0.464,,
7800103-8,"Frango Inteiro, molho vermelho",,196,22.1,10.92,1.08,0.3,14.6,21.6,0.037,150.8,1.21,170.4,244.6,0.076,1.59,19.16,38.4,41.88,0.055,0.148,6.985,0.339,0.24,6.2,0.24,0.5,1.4,70.4,3.037,4.277,2.391,0.36,0.85,
7800103-13,"Frango Inteiro, ensopado",,261.7,27.3,16.16,,,15,23,0.02,182,1.26,82,223,0.066,1.94,25.07,48,48,0.063,0.168,8.487,0.4,0.3,5,0.3,0.48,,88,4.191,5.924,4.45,0.464,,
7800301-1,"Parte de Galinha ou Frango Nao Especificada, cru(a)",,239,27.3,13.6,,,15,23,0.02,182,1.26,82,223,0.066,1.94,23.9,48,48,0.063,0.168,8.487,0.4,0.3,5,0.3,0.27,,88,3.79,5.34,2.97,0.45,,
7800301-2,"Parte de Galinha ou Frango Nao Especificada, cozido(a)",,239,27.3,13.6,,,15,23,0.02,182,1.26,82,223,0.066,1.94,23.9,48,48,0.063,0.168,8.487,0.4,0.3,5,0.3,0.27,,88,3.79,5.34,2.97,0.45,,
7800301-3,"Parte de Galinha ou Frango Nao Especificada, grelhado(a)/brasa/churrasco",,239,27.3,13.6,,,15,23,0.02,182,1.26,82,223,0.066,1.94,23.9,48,48,0.063,0.168,8.487,0.4,0.3,5,0.3,0.27,,88,3.79,5.34,2.97,0.45,,
7800301-4,"Parte de Galinha ou Frango Nao Especificada, assado(a)",,239,27.3,13.6,,,15,23,0.02,182,1.26,82,223,0.066,1.94,23.9,48,48,0.063,0.168,8.487,0.4,0.3,5,0.3,0.27,,88,3.79,5.34,2.97,0.45,,
7800301-5,"Parte de Galinha ou Frango Nao Especificada, frito(a)",,261.7,27.3,16.16,,,15,23,0.02,182,1.26,82,223,0.066,1.94,25.07,48,48,0.063,0.168,8.487,0.4,0.3,5,0.3,0.48,,88,4.191,5.924,4.45,0.464,,
7800301-6,"Parte de Galinha ou Frango Nao Especificada, empanado(a)/a milanesa",,277.8,27.76,16.21,3.39,0.14,15.67,23.98,0.05,186.8,1.47,82.09,227.76,0.072,1.97,26.58,48,48,0.098,0.19,8.749,0.402,0.3,14.07,0.3,0.482,,88,4.198,5.928,4.468,0.464,0.01,
7800301-7,"Parte de Galinha ou Frango Nao Especificada, refogado(a)",,261.7,27.3,16.16,,,15,23,0.02,182,1.26,82,223,0.066,1.94,25.07,48,48,0.063,0.168,8.487,0.4,0.3,5,0.3,0.48,,88,4.191,5.924,4.45,0.464,,
7800301-8,"Parte de Galinha ou Frango Nao Especificada, molho vermelho",,196,22.1,10.92,1.08,0.3,14.6,21.6,0.037,150.8,1.21,170.4,244.6,0.076,1.59,19.16,38.4,41.88,0.055,0.148,6.985,0.339,0.24,6.2,0.24,0.5,1.4,70.4,3.037,4.277,2.391,0.36,0.85,
7800301-13,"Parte de Galinha ou Frango Nao Especificada, ensopado",,261.7,27.3,16.16,,,15,23,0.02,182,1.26,82,223,0.066,1.94,25.07,48,48,0.063,0.168,8.487,0.4,0.3,5,0.3,0.48,,88,4.191,5.924,4.45,0.464,,
7800301-99,Parte de Galinha ou Frango Nao Especificada,,239,27.3,13.6,,,15,23,0.02,182,1.26,82,223,0.066,1.94,23.9,48,48,0.063,0.168,8.487,0.4,0.3,5,0.3,0.27,,88,3.79,5.34,2.97,0.45,,
7800302-1,"Frango em Pedaços, cru(a)",,239,27.3,13.6,,,15,23,0.02,182,1.26,82,223,0.066,1.94,23.9,48,48,0.063,0.168,8.487,0.4,0.3,5,0.3,0.27,,88,3.79,5.34,2.97,0.45,,
7800302-2,"Frango em Pedaços, cozido(a)",,239,27.3,13.6,,,15,23,0.02,182,1.26,82,223,0.066,1.94,23.9,48,48,0.063,0.168,8.487,0.4,0.3,5,0.3,0.27,,88,3.79,5.34,2.97,0.45,,
7800302-3,"Frango em Pedaços, grelhado(a)/brasa/churrasco",,239,27.3,13.6,,,15,23,0.02,182,1.26,82,223,0.066,1.94,23.9,48,48,0.063,0.168,8.487,0.4,0.3,5,0.3,0.27,,88,3.79,5.34,2.97,0.45,,
7800302-4,"Frango em Pedaços, assado(a)",,239,27.3,13.6,,,15,23,0.02,182,1.26,82,223,0.066,1.94,23.9,48,48,0.063,0.168,8.487,0.4,0.3,5,0.3,0.27,,88,3.79,5.34,2.97,0.45,,
7800302-5,"Frango em Pedaços, frito(a)",,261.7,27.3,16.16,,,15,23,0.02,182,1.26,82,223,0.066,1.94,25.07,48,48,0.063,0.168,8.487,0.4,0.3,5,0.3,0.48,,88,4.191,5.924,4.45,0.464,,
7800302-6,"Frango em Pedaços, empanado(a)/a milanesa",,277.8,27.76,16.21,3.39,0.14,15.67,23.98,0.05,186.8,1.47,82.09,227.76,0.072,1.97,26.58,48,48,0.098,0.19,8.749,0.402,0.3,14.07,0.3,0.482,,88,4.198,5.928,4.468,0.464,0.01,
7800302-7,"Frango em Pedaços, refogado(a)",,261.7,27.3,16.16,,,15,23,0.02,182,1.26,82,223,0.066,1.94,25.07,48,48,0.063,0.168,8.487,0.4,0.3,5,0.3,0.48,,88,4.191,5.924,4.45,0.464,,
7800302-8,"Frango em Pedaços, molho vermelho",,196,22.1,10.92,1.08,0.3,14.6,21.6,0.037,150.8,1.21,170.4,244.6,0.076,1.59,19.16,38.4,41.88,0.055,0.148,6.985,0.339,0.24,6.2,0.24,0.5,1.4,70.4,3.037,4.277,2.391,0.36,0.85,
7800302-9,"Frango em Pedaços, molho branco",,226.8,22.6,13.71,1.85,0.04,34.36,20.67,0.026,164.75,1.08,120.6,207.92,0.057,1.64,21.27,43.87,43.95,0.069,0.176,6.885,0.328,0.326,7.53,0.435,0.407,0,72.35,3.739,4.928,3.678,0.394,1.03,
7800302-10,"Frango em Pedaços, ao alho e oleo",,261.7,27.3,16.16,,,15,23,0.02,182,1.26,82,223,0.066,1.94,25.07,48,48,0.063,0.168,8.487,0.4,0.3,5,0.3,0.48,,88,4.191,5.924,4.45,0.464,,
7800302-11,"Frango em Pedaços, com manteiga/oleo",,192.1,30.93,6.67,0,,15.64,27.05,0.017,216.64,1.06,92.37,247.64,0.05,1.23,24.43,26.91,27.26,0.065,0.117,12.422,0.6,0.345,4.08,0.237,0.332,,90.74,2.641,2.101,1.061,0.177,0,
7800302-13,"Frango em Pedaços, ensopado",,261.7,27.3,16.16,,,15,23,0.02,182,1.26,82,223,0.066,1.94,25.07,48,48,0.063,0.168,8.487,0.4,0.3,5,0.3,0.48,,88,4.191,5.924,4.45,0.464,,
7800302-15,"Frango em Pedaços, sopa",,31.5,1.61,1.06,3.64,0.13,5.22,3.25,0.083,18.48,0.24,343.65,37.02,0.027,0.15,1.55,0.47,25.42,0.024,0.014,0.75,0.031,0.031,6.04,0.012,0.066,0.1,3.19,0.309,0.447,0.228,0.017,0.1,
7800302-99,Frango em Pedaços,,239,27.3,13.6,,,15,23,0.02,182,1.26,82,223,0.066,1.94,23.9,48,48,0.063,0.168,8.487,0.4,0.3,5,0.3,0.27,,88,3.79,5.34,2.97,0.45,,
7800303-2,"Galinha em Pedacos, cozido(a)",,239,27.3,13.6,,,15,23,0.02,182,1.26,82,223,0.066,1.94,23.9,48,48,0.063,0.168,8.487,0.4,0.3,5,0.3,0.27,,88,3.79,5.34,2.97,0.45,,
7800303-3,"Galinha em Pedacos, grelhado(a)/brasa/churrasco",,239,27.3,13.6,,,15,23,0.02,182,1.26,82,223,0.066,1.94,23.9,48,48,0.063,0.168,8.487,0.4,0.3,5,0.3,0.27,,88,3.79,5.34,2.97,0.45,,
7800303-4,"Galinha em Pedacos, assado(a)",,239,27.3,13.6,,,15,23,0.02,182,1.26,82,223,0.066,1.94,23.9,48,48,0.063,0.168,8.487,0.4,0.3,5,0.3,0.27,,88,3.79,5.34,2.97,0.45,,
7800303-5,"Galinha em Pedacos, frito(a)",,261.7,27.3,16.16,,,15,23,0.02,182,1.26,82,223,0.066,1.94,25.07,48,48,0.063,0.168,8.487,0.4,0.3,5,0.3,0.48,,88,4.191,5.924,4.45,0.464,,
7800303-6,"Galinha em Pedacos, empanado(a)/a milanesa",,277.8,27.76,16.21,3.39,0.14,15.67,23.98,0.05,186.8,1.47,82.09,227.76,0.072,1.97,26.58,48,48,0.098,0.19,8.749,0.402,0.3,14.07,0.3,0.482,,88,4.198,5.928,4.468,0.464,0.01,
7800303-7,"Galinha em Pedacos, refogado(a)",,261.7,27.3,16.16,,,15,23,0.02,182,1.26,82,223,0.066,1.94,25.07,48,48,0.063,0.168,8.487,0.4,0.3,5,0.3,0.48,,88,4.191,5.924,4.45,0.464,,
7800303-8,"Galinha em Pedacos, molho vermelho",,196,22.1,10.92,1.08,0.3,14.6,21.6,0.037,150.8,1.21,170.4,244.6,0.076,1.59,19.16,38.4,41.88,0.055,0.148,6.985,0.339,0.24,6.2,0.24,0.5,1.4,70.4,3.037,4.277,2.391,0.36,0.85,
7800303-9,"Galinha em Pedacos, molho branco",,226.8,22.6,13.71,1.85,0.04,34.36,20.67,0.026,164.75,1.08,120.6,207.92,0.057,1.64,21.27,43.87,43.95,0.069,0.176,6.885,0.328,0.326,7.53,0.435,0.407,0,72.35,3.739,4.928,3.678,0.394,1.03,
7800303-13,"Galinha em Pedacos, ensopado",,261.7,27.3,16.16,,,15,23,0.02,182,1.26,82,223,0.066,1.94,25.07,48,48,0.063,0.168,8.487,0.4,0.3,5,0.3,0.48,,88,4.191,5.924,4.45,0.464,,
7800304-1,"Carne de Galinha, cru(a)",,239,27.3,13.6,,,15,23,0.02,182,1.26,82,223,0.066,1.94,23.9,48,48,0.063,0.168,8.487,0.4,0.3,5,0.3,0.27,,88,3.79,5.34,2.97,0.45,,
7800304-2,"Carne de Galinha, cozido(a)",,239,27.3,13.6,,,15,23,0.02,182,1.26,82,223,0.066,1.94,23.9,48,48,0.063,0.168,8.487,0.4,0.3,5,0.3,0.27,,88,3.79,5.34,2.97,0.45,,
7800304-3,"Carne de Galinha, grelhado(a)/brasa/churrasco",,239,27.3,13.6,,,15,23,0.02,182,1.26,82,223,0.066,1.94,23.9,48,48,0.063,0.168,8.487,0.4,0.3,5,0.3,0.27,,88,3.79,5.34,2.97,0.45,,
7800304-4,"Carne de Galinha, assado(a)",,239,27.3,13.6,,,15,23,0.02,182,1.26,82,223,0.066,1.94,23.9,48,48,0.063,0.168,8.487,0.4,0.3,5,0.3,0.27,,88,3.79,5.34,2.97,0.45,,
7800304-5,"Carne de Galinha, frito(a)",,261.7,27.3,16.16,,,15,23,0.02,182,1.26,82,223,0.066,1.94,25.07,48,48,0.063,0.168,8.487,0.4,0.3,5,0.3,0.48,,88,4.191,5.924,4.45,0.464,,
7800304-6,"Carne de Galinha, empanado(a)/a milanesa",,277.8,27.76,16.21,3.39,0.14,15.67,23.98,0.05,186.8,1.47,82.09,227.76,0.072,1.97,26.58,48,48,0.098,0.19,8.749,0.402,0.3,14.07,0.3,0.482,,88,4.198,5.928,4.468,0.464,0.01,
7800304-7,"Carne de Galinha, refogado(a)",,239,27.3,13.6,,,15,23,0.02,182,1.26,82,223,0.066,1.94,23.9,48,48,0.063,0.168,8.487,0.4,0.3,5,0.3,0.27,,88,3.79,5.34,2.97,0.45,,
7800304-8,"Carne de Galinha, molho vermelho",,261.7,27.3,16.16,,,15,23,0.02,182,1.26,82,223,0.066,1.94,25.07,48,48,0.063,0.168,8.487,0.4,0.3,5,0.3,0.48,,88,4.191,5.924,4.45,0.464,,
7800304-9,"Carne de Galinha, molho branco",,226.8,22.6,13.71,1.85,0.04,34.36,20.67,0.026,164.75,1.08,120.6,207.92,0.057,1.64,21.27,43.87,43.95,0.069,0.176,6.885,0.328,0.326,7.53,0.435,0.407,0,72.35,3.739,4.928,3.678,0.394,1.03,
7800304-13,"Carne de Galinha, ensopado",,261.7,27.3,16.16,,,15,23,0.02,182,1.26,82,223,0.066,1.94,25.07,48,48,0.063,0.168,8.487,0.4,0.3,5,0.3,0.48,,88,4.191,5.924,4.45,0.464,,
7800304-15,"Carne de Galinha, sopa",,31.5,1.61,1.06,3.64,0.13,5.22,3.25,0.083,18.48,0.24,343.65,37.02,0.027,0.15,1.55,0.47,25.42,0.024,0.014,0.75,0.031,0.031,6.04,0.012,0.066,0.1,3.19,0.309,0.447,0.228,0.017,0.1,
7800304-99,Carne de Galinha,,239,27.3,13.6,,,15,23,0.02,182,1.26,82,223,0.066,1.94,23.9,48,48,0.063,0.168,8.487,0.4,0.3,5,0.3,0.27,,88,3.79,5.34,2.97,0.45,,
7800401-1,"Peito de Galinha ou Frango, cru(a)",,173,30.91,4.51,,,15,27,0.017,216,1.06,77,247,0.05,1.23,24.4,9,9,0.065,0.116,12.421,0.6,0.34,4,0.2,0.27,,85,1.27,1.54,0.98,0.09,,
7800401-2,"Peito de Galinha ou Frango, cozido(a)",,173,30.91,4.51,,,15,27,0.017,216,1.06,77,247,0.05,1.23,24.4,9,9,0.065,0.116,12.421,0.6,0.34,4,0.2,0.27,,85,1.27,1.54,0.98,0.09,,
7800401-3,"Peito de Galinha ou Frango, grelhado(a)/brasa/churrasco",,173,30.91,4.51,,,15,27,0.017,216,1.06,77,247,0.05,1.23,24.4,9,9,0.065,0.116,12.421,0.6,0.34,4,0.2,0.27,,85,1.27,1.54,0.98,0.09,,
7800401-4,"Peito de Galinha ou Frango, assado(a)",,173,30.91,4.51,,,15,27,0.017,216,1.06,77,247,0.05,1.23,24.4,9,9,0.065,0.116,12.421,0.6,0.34,4,0.2,0.27,,85,1.27,1.54,0.98,0.09,,
7800401-5,"Peito de Galinha ou Frango, frito(a)",,195.7,30.91,7.07,,,15,27,0.017,216,1.06,77,247,0.05,1.23,25.57,9,9,0.065,0.116,12.421,0.6,0.34,4,0.2,0.48,,85,1.671,2.124,2.46,0.104,,
7800401-6,"Peito de Galinha ou Frango, empanado(a)/a milanesa",,211.8,31.37,7.12,3.39,0.14,15.67,27.98,0.047,220.8,1.27,77.09,251.76,0.056,1.26,27.08,9,9,0.1,0.138,12.683,0.602,0.34,13.07,0.2,0.482,,85,1.678,2.128,2.478,0.104,0.01,
7800401-7,"Peito de Galinha ou Frango, refogado(a)",,195.7,30.91,7.07,,,15,27,0.017,216,1.06,77,247,0.05,1.23,25.57,9,9,0.065,0.116,12.421,0.6,0.34,4,0.2,0.48,,85,1.671,2.124,2.46,0.104,,
7800401-8,"Peito de Galinha ou Frango, molho vermelho",,143.2,24.99,3.64,1.08,0.3,14.6,24.8,0.035,178,1.05,166.4,263.8,0.063,1.02,19.56,7.2,10.68,0.057,0.106,10.132,0.499,0.272,5.4,0.16,0.5,1.4,68,1.021,1.237,0.799,0.072,0.85,
7800401-9,"Peito de Galinha ou Frango, molho branco",,171,25.51,6.1,1.85,0.04,34.88,23.91,0.024,192.49,0.92,82.52,227.65,0.044,1.07,20.69,27.9,28.28,0.071,0.136,10.033,0.488,0.362,6.8,0.387,0.281,0,74.83,2.548,1.869,0.897,0.169,1.03,
7800401-13,"Peito de Galinha ou Frango, ensopado",,195.7,30.91,7.07,,,15,27,0.017,216,1.06,77,247,0.05,1.23,25.57,9,9,0.065,0.116,12.421,0.6,0.34,4,0.2,0.48,,85,1.671,2.124,2.46,0.104,,
7800401-15,"Peito de Galinha ou Frango, sopa",,31.5,1.61,1.06,3.64,0.13,5.22,3.25,0.083,18.48,0.24,343.65,37.02,0.027,0.15,1.55,0.47,25.42,0.024,0.014,0.75,0.031,0.031,6.04,0.012,0.066,0.1,3.19,0.309,0.447,0.228,0.017,0.1,
7800401-99,Peito de Galinha ou Frango,,173,30.91,4.51,,,15,27,0.017,216,1.06,77,247,0.05,1.23,24.4,9,9,0.065,0.116,12.421,0.6,0.34,4,0.2,0.27,,85,1.27,1.54,0.98,0.09,,
7800402-1,"File de Frango, cru(a)",,173,30.91,4.51,,,15,27,0.017,216,1.06,77,247,0.05,1.23,24.4,9,9,0.065,0.116,12.421,0.6,0.34,4,0.2,0.27,,85,1.27,1.54,0.98,0.09,,
7800402-2,"File de Frango, cozido(a)",,173,30.91,4.51,,,15,27,0.017,216,1.06,77,247,0.05,1.23,24.4,9,9,0.065,0.116,12.421,0.6,0.34,4,0.2,0.27,,85,1.27,1.54,0.98,0.09,,
7800402-3,"File de Frango, grelhado(a)/brasa/churrasco",,173,30.91,4.51,,,15,27,0.017,216,1.06,77,247,0.05,1.23,24.4,9,9,0.065,0.116,12.421,0.6,0.34,4,0.2,0.27,,85,1.27,1.54,0.98,0.09,,
7800402-4,"File de Frango, assado(a)",,173,30.91,4.51,,,15,27,0.017,216,1.06,77,247,0.05,1.23,24.4,9,9,0.065,0.116,12.421,0.6,0.34,4,0.2,0.27,,85,1.27,1.54,0.98,0.09,,
7800402-5,"File de Frango, frito(a)",,195.7,30.91,7.07,,,15,27,0.017,216,1.06,77,247,0.05,1.23,25.57,9,9,0.065,0.116,12.421,0.6,0.34,4,0.2,0.48,,85,1.671,2.124,2.46,0.104,,
7800402-6,"File de Frango, empanado(a)/a milanesa",,211.8,31.37,7.12,3.39,0.14,15.67,27.98,0.047,220.8,1.27,77.09,251.76,0.056,1.26,27.08,9,9,0.1,0.138,12.683,0.602,0.34,13.07,0.2,0.482,,85,1.678,2.128,2.478,0.104,0.01,
7800402-7,"File de Frango, refogado(a)",,195.7,30.91,7.07,,,15,27,0.017,216,1.06,77,247,0.05,1.23,25.57,9,9,0.065,0.116,12.421,0.6,0.34,4,0.2,0.48,,85,1.671,2.124,2.46,0.104,,
7800402-8,"File de Frango, molho vermelho",,143.2,24.99,3.64,1.08,0.3,14.6,24.8,0.035,178,1.05,166.4,263.8,0.063,1.02,19.56,7.2,10.68,0.057,0.106,10.132,0.499,0.272,5.4,0.16,0.5,1.4,68,1.021,1.237,0.799,0.072,0.85,
7800402-9,"File de Frango, molho branco",,171,25.51,6.1,1.85,0.04,34.88,23.91,0.024,192.49,0.92,82.52,227.65,0.044,1.07,20.69,27.9,28.28,0.071,0.136,10.033,0.488,0.362,6.8,0.387,0.281,0,74.83,2.548,1.869,0.897,0.169,1.03,
7800402-10,"File de Frango, ao alho e oleo",,195.7,30.91,7.07,,,15,27,0.017,216,1.06,77,247,0.05,1.23,25.57,9,9,0.065,0.116,12.421,0.6,0.34,4,0.2,0.48,,85,1.671,2.124,2.46,0.104,,
7800402-13,"File de Frango, ensopado",,195.7,30.91,7.07,,,15,27,0.017,216,1.06,77,247,0.05,1.23,25.57,9,9,0.065,0.116,12.421,0.6,0.34,4,0.2,0.48,,85,1.671,2.124,2.46,0.104,,
7800402-99,File de Frango,,173,30.91,4.51,,,15,27,0.017,216,1.06,77,247,0.05,1.23,24.4,9,9,0.065,0.116,12.421,0.6,0.34,4,0.2,0.27,,85,1.27,1.54,0.98,0.09,,
7800602-2,"Carcaca de Galinha ou Frango, cozido(a)",,173,30.91,4.51,,,15,27,0.017,216,1.06,77,247,0.05,1.23,24.4,9,9,0.065,0.116,12.421,0.6,0.34,4,0.2,0.27,,85,1.27,1.54,0.98,0.09,,
7800602-4,"Carcaca de Galinha ou Frango, assado(a)",,173,30.91,4.51,,,15,27,0.017,216,1.06,77,247,0.05,1.23,24.4,9,9,0.065,0.116,12.421,0.6,0.34,4,0.2,0.27,,85,1.27,1.54,0.98,0.09,,
7800602-5,"Carcaca de Galinha ou Frango, frito(a)",,195.7,30.91,7.07,,,15,27,0.017,216,1.06,77,247,0.05,1.23,25.57,9,9,0.065,0.116,12.421,0.6,0.34,4,0.2,0.48,,85,1.671,2.124,2.46,0.104,,
7800602-7,"Carcaca de Galinha ou Frango, refogado(a)",,195.7,30.91,7.07,,,15,27,0.017,216,1.06,77,247,0.05,1.23,25.57,9,9,0.065,0.116,12.421,0.6,0.34,4,0.2,0.48,,85,1.671,2.124,2.46,0.104,,
7800602-13,"Carcaca de Galinha ou Frango, ensopado",,195.7,30.91,7.07,,,15,27,0.017,216,1.06,77,247,0.05,1.23,25.57,9,9,0.065,0.116,12.421,0.6,0.34,4,0.2,0.48,,85,1.671,2.124,2.46,0.104,,
7800701-1,"Asa de Galinha ou Frango, cru(a)",,290,26.86,19.46,,,15,19,0.018,151,1.27,82,184,0.057,1.82,22.2,47,47,0.042,0.128,6.648,0.42,0.29,3,0.4,0.27,,84,5.45,7.64,4.14,0.39,,
7800701-2,"Asa de Galinha ou Frango, cozido(a)",,290,26.86,19.46,,,15,19,0.018,151,1.27,82,184,0.057,1.82,22.2,47,47,0.042,0.128,6.648,0.42,0.29,3,0.4,0.27,,84,5.45,7.64,4.14,0.39,,
7800701-3,"Asa de Galinha ou Frango, grelhado(a)/brasa/churrasco",,290,26.86,19.46,,,15,19,0.018,151,1.27,82,184,0.057,1.82,22.2,47,47,0.042,0.128,6.648,0.42,0.29,3,0.4,0.27,,84,5.45,7.64,4.14,0.39,,
7800701-4,"Asa de Galinha ou Frango, assado(a)",,290,26.86,19.46,,,15,19,0.018,151,1.27,82,184,0.057,1.82,22.2,47,47,0.042,0.128,6.648,0.42,0.29,3,0.4,0.27,,84,5.45,7.64,4.14,0.39,,
7800701-5,"Asa de Galinha ou Frango, frito(a)",,312.7,26.86,22.02,,,15,19,0.018,151,1.27,82,184,0.057,1.82,23.38,47,47,0.042,0.128,6.648,0.42,0.29,3,0.4,0.48,,84,5.851,8.224,5.62,0.404,,
7800701-6,"Asa de Galinha ou Frango, empanado(a)/a milanesa",,328.8,27.32,22.07,3.39,0.14,15.67,19.98,0.048,155.8,1.48,82.09,188.76,0.063,1.85,24.88,47,47,0.077,0.15,6.91,0.422,0.29,12.07,0.4,0.482,,84,5.858,8.228,5.638,0.404,0.01,
7800701-7,"Asa de Galinha ou Frango, refogado(a)",,312.7,26.86,22.02,,,15,19,0.018,151,1.27,82,184,0.057,1.82,23.38,47,47,0.042,0.128,6.648,0.42,0.29,3,0.4,0.48,,84,5.851,8.224,5.62,0.404,,
7800701-8,"Asa de Galinha ou Frango, molho vermelho",,236.8,21.75,15.6,1.08,0.3,14.6,18.4,0.036,126,1.22,170.4,213.4,0.069,1.5,17.8,37.6,41.08,0.038,0.116,5.513,0.355,0.232,4.6,0.32,0.5,1.4,67.2,4.365,6.117,3.327,0.312,0.85,
7800701-13,"Asa de Galinha ou Frango, ensopado",,312.7,26.86,22.02,,,15,19,0.018,151,1.27,82,184,0.057,1.82,23.38,47,47,0.042,0.128,6.648,0.42,0.29,3,0.4,0.48,,84,5.851,8.224,5.62,0.404,,
7800702-2,"Drumete de Galinha ou Frango, cozido(a)",,213,27.73,10.5,,,30,24,0.024,198,2.29,73,282,0.143,4.22,38.6,20,20,0.056,0.227,3.689,0.32,0.35,9,0.1,0.27,,82,3.28,3.04,2.91,0.23,,
7800702-3,"Drumete de Galinha ou Frango, grelhado(a)/brasa/churrasco",,213,27.73,10.5,,,30,24,0.024,198,2.29,73,282,0.143,4.22,38.6,20,20,0.056,0.227,3.689,0.32,0.35,9,0.1,0.27,,82,3.28,3.04,2.91,0.23,,
7800702-4,"Drumete de Galinha ou Frango, assado(a)",,213,27.73,10.5,,,30,24,0.024,198,2.29,73,282,0.143,4.22,38.6,20,20,0.056,0.227,3.689,0.32,0.35,9,0.1,0.27,,82,3.28,3.04,2.91,0.23,,
7800702-5,"Drumete de Galinha ou Frango, frito(a)",,235.7,27.73,13.06,,,30,24,0.024,198,2.29,73,282,0.143,4.22,39.77,20,20,0.056,0.227,3.689,0.32,0.35,9,0.1,0.48,,82,3.681,3.624,4.39,0.244,,
7800702-7,"Drumete de Galinha ou Frango, refogado(a)",,235.7,27.73,13.06,,,30,24,0.024,198,2.29,73,282,0.143,4.22,39.77,20,20,0.056,0.227,3.689,0.32,0.35,9,0.1,0.48,,82,3.681,3.624,4.39,0.244,,
7800702-8,"Drumete de Galinha ou Frango, molho vermelho",,175.2,22.45,8.44,1.08,0.3,26.6,22.4,0.041,163.6,2.04,163.2,291.8,0.138,3.42,30.92,16,19.48,0.05,0.195,3.146,0.275,0.28,9.4,0.08,0.5,1.4,65.6,2.629,2.437,2.343,0.184,0.85,
7800801-2,"Pescoco de Galinha ou Frango, cozido(a)",,300,25.95,20.97,,,21,20,0.022,154,1.42,87,210,0.076,2.25,22.5,105,105,0.061,0.195,6.718,0.27,0.27,6,0.2,0.27,,88,5.82,8.29,4.62,0.454,,
7800801-4,"Pescoco de Galinha ou Frango, assado(a)",,300,25.95,20.97,,,21,20,0.022,154,1.42,87,210,0.076,2.25,22.5,105,105,0.061,0.195,6.718,0.27,0.27,6,0.2,0.27,,88,5.82,8.29,4.62,0.454,,
7800801-5,"Pescoco de Galinha ou Frango, frito(a)",,322.7,25.95,23.53,,,21,20,0.022,154,1.42,87,210,0.076,2.25,23.68,105,105,0.061,0.195,6.718,0.27,0.27,6,0.2,0.48,,88,6.221,8.874,6.1,0.468,,
7800801-7,"Pescoco de Galinha ou Frango, refogado(a)",,322.7,25.95,23.53,,,21,20,0.022,154,1.42,87,210,0.076,2.25,23.68,105,105,0.061,0.195,6.718,0.27,0.27,6,0.2,0.48,,88,6.221,8.874,6.1,0.468,,
7800801-9,"Pescoco de Galinha ou Frango, molho branco",,272.6,21.54,19.27,1.85,0.04,39.68,18.31,0.028,142.89,1.21,90.52,198.05,0.065,1.89,19.17,104.7,105.08,0.067,0.199,5.47,0.224,0.306,8.4,0.387,0.281,0,77.23,6.188,7.269,3.809,0.46,1.03,
7800901-2,"Pe de Galinha ou Frango, cozido(a)",,215,19.4,14.6,0.2,,88,5,0.016,83,0.91,67,31,0.102,0.69,3.6,30,30,0.06,0.2,0.4,0.01,0.47,86,0.149,0.27,,84,3.92,5.5,2.98,0.287,,
7800901-3,"Pe de Galinha ou Frango, grelhado(a)/brasa/churrasco",,215,19.4,14.6,0.2,,88,5,0.016,83,0.91,67,31,0.102,0.69,3.6,30,30,0.06,0.2,0.4,0.01,0.47,86,0.149,0.27,,84,3.92,5.5,2.98,0.287,,
7800901-4,"Pe de Galinha ou Frango, assado(a)",,215,19.4,14.6,0.2,,88,5,0.016,83,0.91,67,31,0.102,0.69,3.6,30,30,0.06,0.2,0.4,0.01,0.47,86,0.149,0.27,,84,3.92,5.5,2.98,0.287,,
7800901-5,"Pe de Galinha ou Frango, frito(a)",,237.7,19.4,17.16,0.2,,88,5,0.016,83,0.91,67,31,0.102,0.69,4.78,30,30,0.06,0.2,0.4,0.01,0.47,86,0.149,0.48,,84,4.321,6.084,4.46,0.301,,
7800901-7,"Pe de Galinha ou Frango, refogado(a)",,237.7,19.4,17.16,0.2,,88,5,0.016,83,0.91,67,31,0.102,0.69,4.78,30,30,0.06,0.2,0.4,0.01,0.47,86,0.149,0.48,,84,4.321,6.084,4.46,0.301,,
7800901-8,"Pe de Galinha ou Frango, molho vermelho",,176.8,15.78,11.72,1.24,0.3,73,7.2,0.034,71.6,0.93,158.4,91,0.105,0.59,2.92,24,27.48,0.053,0.173,0.515,0.027,0.376,71,0.119,0.5,1.4,67.2,3.141,4.405,2.399,0.23,0.85,
7800901-13,"Pe de Galinha ou Frango, ensopado",,237.7,19.4,17.16,0.2,,88,5,0.016,83,0.91,67,31,0.102,0.69,4.78,30,30,0.06,0.2,0.4,0.01,0.47,86,0.149,0.48,,84,4.321,6.084,4.46,0.301,,
7801001-2,"Miudo de Galinha ou Frango, cozido(a)",,167,24.46,6.51,0.87,,11,25,0.359,405,11.63,76,263,0.496,3.98,82.4,3978,3981.42,0.291,1.993,11.045,0.755,16.85,578,0.2,0.82,27.9,563,2.06,1.416,1.988,0.09,,
7801001-4,"Miudo de Galinha ou Frango, assado(a)",,167,24.46,6.51,0.87,,11,25,0.359,405,11.63,76,263,0.496,3.98,82.4,3978,3981.42,0.291,1.993,11.045,0.755,16.85,578,0.2,0.82,27.9,563,2.06,1.416,1.988,0.09,,
7801001-5,"Miudo de Galinha ou Frango, frito(a)",,189.7,24.46,9.07,0.87,,11,25,0.359,405,11.63,76,263,0.496,3.98,83.58,3978,3981.42,0.291,1.993,11.045,0.755,16.85,578,0.2,1.03,27.9,563,2.461,2,3.468,0.104,,
7801001-8,"Miudo de Galinha ou Frango, molho vermelho",,138.4,19.83,5.24,1.77,0.3,11.4,23.2,0.309,329.2,9.51,165.6,276.6,0.42,3.22,65.96,3182.4,3188.62,0.238,1.608,9.031,0.623,13.48,464.6,0.16,0.94,23.72,450.4,1.653,1.138,1.605,0.072,0.85,
7801001-15,"Miudo de Galinha ou Frango, sopa",,31.5,1.61,1.06,3.64,0.13,5.22,3.25,0.083,18.48,0.24,343.65,37.02,0.027,0.15,1.55,0.47,25.42,0.024,0.014,0.75,0.031,0.031,6.04,0.012,0.066,0.1,3.19,0.309,0.447,0.228,0.017,0.1,
7801101-2,"Moela de Galinha ou Frango, cozido(a)",,146,30.39,2.68,,,17,3,0.074,189,3.19,56,179,0.161,4.42,41.1,,,0.026,0.21,3.12,0.071,1.04,5,0.2,0.2,,370,0.67,0.528,0.353,0.13,,
7801101-3,"Moela de Galinha ou Frango, grelhado(a)/brasa/churrasco",,146,30.39,2.68,,,17,3,0.074,189,3.19,56,179,0.161,4.42,41.1,,,0.026,0.21,3.12,0.071,1.04,5,0.2,0.2,,370,0.67,0.528,0.353,0.13,,
7801101-5,"Moela de Galinha ou Frango, frito(a)",,168.7,30.39,5.24,,,17,3,0.074,189,3.19,56,179,0.161,4.42,42.27,,,0.026,0.21,3.12,0.071,1.04,5,0.2,0.41,,370,1.071,1.112,1.833,0.144,,
7801101-7,"Moela de Galinha ou Frango, refogado(a)",,168.7,30.39,5.24,,,17,3,0.074,189,3.19,56,179,0.161,4.42,42.27,,,0.026,0.21,3.12,0.071,1.04,5,0.2,0.41,,370,1.071,1.112,1.833,0.144,,
7801101-8,"Moela de Galinha ou Frango, molho vermelho",,121.6,24.58,2.18,1.08,0.3,16.2,5.6,0.081,156.4,2.76,149.6,209.4,0.152,3.58,32.92,,3.48,0.026,0.181,2.691,0.076,0.832,6.2,0.16,0.444,1.4,296,0.541,0.428,0.297,0.104,0.85,
7801101-9,"Moela de Galinha ou Frango, molho branco",,149.4,25.09,4.63,1.85,0.04,36.48,4.71,0.069,170.89,2.62,65.72,173.25,0.133,3.62,34.05,20.7,21.08,0.039,0.211,2.592,0.065,0.922,7.6,0.387,0.225,0,302.83,2.068,1.059,0.395,0.201,1.03,
7801101-13,"Moela de Galinha ou Frango, ensopado",,168.7,30.39,5.24,,,17,3,0.074,189,3.19,56,179,0.161,4.42,42.27,,,0.026,0.21,3.12,0.071,1.04,5,0.2,0.41,,370,1.071,1.112,1.833,0.144,,
7801101-15,"Moela de Galinha ou Frango, sopa",,31.5,1.61,1.06,3.64,0.13,5.22,3.25,0.083,18.48,0.24,343.65,37.02,0.027,0.15,1.55,0.47,25.42,0.024,0.014,0.75,0.031,0.031,6.04,0.012,0.066,0.1,3.19,0.309,0.447,0.228,0.017,0.1,
7801202-2,"Coracao de Frango, cozido(a)",,185,26.41,7.92,0.1,,19,20,0.107,199,9.03,48,132,0.502,7.3,8,8,8,0.07,0.741,2.803,0.32,7.29,80,0.2,1.19,1.8,242,2.26,2.01,2.3,,,
7801202-3,"Coracao de Frango, grelhado(a)/brasa/churrasco",,185,26.41,7.92,0.1,,19,20,0.107,199,9.03,48,132,0.502,7.3,8,8,8,0.07,0.741,2.803,0.32,7.29,80,0.2,1.19,1.8,242,2.26,2.01,2.3,,,
7801202-4,"Coracao de Frango, assado(a)",,185,26.41,7.92,0.1,,19,20,0.107,199,9.03,48,132,0.502,7.3,8,8,8,0.07,0.741,2.803,0.32,7.29,80,0.2,1.19,1.8,242,2.26,2.01,2.3,,,
7801202-5,"Coracao de Frango, frito(a)",,207.7,26.41,10.48,0.1,,19,20,0.107,199,9.03,48,132,0.502,7.3,9.18,8,8,0.07,0.741,2.803,0.32,7.29,80,0.2,1.4,1.8,242,2.661,2.594,3.78,0.014,,
7801202-13,"Coracao de Frango, ensopado",,185,26.41,7.92,0.1,,19,20,0.107,199,9.03,48,132,0.502,7.3,8,8,8,0.07,0.741,2.803,0.32,7.29,80,0.2,1.19,1.8,242,2.26,2.01,2.3,,,
7801301-2,"Figado de Galinha ou Frango, cozido(a)",,167,24.46,6.51,0.87,,11,25,0.359,405,11.63,76,263,0.496,3.98,82.4,3978,3981.42,0.291,1.993,11.045,0.755,16.85,578,0.2,0.82,27.9,563,2.06,1.416,1.988,0.09,,
7801301-4,"Figado de Galinha ou Frango, assado(a)",,167,24.46,6.51,0.87,,11,25,0.359,405,11.63,76,263,0.496,3.98,82.4,3978,3981.42,0.291,1.993,11.045,0.755,16.85,578,0.2,0.82,27.9,563,2.06,1.416,1.988,0.09,,
7801301-5,"Figado de Galinha ou Frango, frito(a)",,189.7,24.46,9.07,0.87,,11,25,0.359,405,11.63,76,263,0.496,3.98,83.58,3978,3981.42,0.291,1.993,11.045,0.755,16.85,578,0.2,1.03,27.9,563,2.461,2,3.468,0.104,,
7801407-99,Canja,,31.5,1.61,1.06,3.64,0.13,5.22,3.25,0.083,18.48,0.24,343.65,37.02,0.027,0.15,1.55,0.47,25.42,0.024,0.014,0.75,0.031,0.031,6.04,0.012,0.066,0.1,3.19,0.309,0.447,0.228,0.017,0.1,
7801702-2,"Peru em Pedaco Nao Especificado, cozido(a)",,207,26.93,10.23,,,21.5,22,0.021,172,1.64,68,224.5,0.094,2.68,29.9,24.5,24.5,0.049,0.17,5.312,0.295,0.275,6,0.15,0.24,,78,3.04,3.48,2.515,0.215,,
7801702-4,"Peru em Pedaco Nao Especificado, assado(a)",,207,26.93,10.23,,,21.5,22,0.021,172,1.64,68,224.5,0.094,2.68,29.9,24.5,24.5,0.049,0.17,5.312,0.295,0.275,6,0.15,0.24,,78,3.04,3.48,2.515,0.215,,
7801702-5,"Peru em Pedaco Nao Especificado, frito(a)",,229.7,26.93,12.8,,,21.5,22,0.021,172,1.64,68,224.5,0.094,2.68,31.07,24.5,24.5,0.049,0.17,5.312,0.295,0.275,6,0.15,0.45,,78,3.441,4.064,3.995,0.229,,
7801702-13,"Peru em Pedaco Nao Especificado, ensopado",,229.7,26.93,12.8,,,21.5,22,0.021,172,1.64,68,224.5,0.094,2.68,31.07,24.5,24.5,0.049,0.17,5.312,0.295,0.275,6,0.15,0.45,,78,3.441,4.064,3.995,0.229,,
7801801-1,"Peito de Peru, cru(a)",,140,30.19,1.18,,,15,28,0.025,216,1.57,56,277,0.086,2.08,32.1,,,0.041,0.136,6.936,0.57,0.39,6,0.4,0.21,,86,0.38,0.21,0.31,0.02,,
7801801-2,"Peito de Peru, cozido(a)",,140,30.19,1.18,,,15,28,0.025,216,1.57,56,277,0.086,2.08,32.1,,,0.041,0.136,6.936,0.57,0.39,6,0.4,0.21,,86,0.38,0.21,0.31,0.02,,
7801801-3,"Peito de Peru, grelhado(a)/brasa/churrasco",,140,30.19,1.18,,,15,28,0.025,216,1.57,56,277,0.086,2.08,32.1,,,0.041,0.136,6.936,0.57,0.39,6,0.4,0.21,,86,0.38,0.21,0.31,0.02,,
7801801-4,"Peito de Peru, assado(a)",,140,30.19,1.18,,,15,28,0.025,216,1.57,56,277,0.086,2.08,32.1,,,0.041,0.136,6.936,0.57,0.39,6,0.4,0.21,,86,0.38,0.21,0.31,0.02,,
7801801-5,"Peito de Peru, frito(a)",,162.7,30.19,3.74,,,15,28,0.025,216,1.57,56,277,0.086,2.08,33.27,,,0.041,0.136,6.936,0.57,0.39,6,0.4,0.42,,86,0.781,0.794,1.79,0.034,,
7801801-6,"Peito de Peru, empanado(a)/a milanesa",,162.7,30.19,3.74,,,15,28,0.025,216,1.57,56,277,0.086,2.08,33.27,,,0.041,0.136,6.936,0.57,0.39,6,0.4,0.42,,86,0.781,0.794,1.79,0.034,,
7801801-99,Peito de Peru,,140,30.19,1.18,,,15,28,0.025,216,1.57,56,277,0.086,2.08,32.1,,,0.041,0.136,6.936,0.57,0.39,6,0.4,0.21,,86,0.38,0.21,0.31,0.02,,
7802101-2,"Asa de Peru, cozido(a)",,229,27.38,12.43,,,24,25,0.02,197,1.46,61,266,0.056,2.1,29.9,34,34,0.05,0.134,5.732,0.42,0.34,6,0.4,0.17,,81,3.39,4.66,2.94,0.25,,
7802101-4,"Asa de Peru, assado(a)",,229,27.38,12.43,,,24,25,0.02,197,1.46,61,266,0.056,2.1,29.9,34,34,0.05,0.134,5.732,0.42,0.34,6,0.4,0.17,,81,3.39,4.66,2.94,0.25,,
7802701-2,"Chester, cozido(a)",,207,26.93,10.23,,,21.5,22,0.021,172,1.64,68,224.5,0.094,2.68,29.9,24.5,24.5,0.049,0.17,5.312,0.295,0.275,6,0.15,0.24,,78,3.04,3.48,2.515,0.215,,
7802701-4,"Chester, assado(a)",,207,26.93,10.23,,,21.5,22,0.021,172,1.64,68,224.5,0.094,2.68,29.9,24.5,24.5,0.049,0.17,5.312,0.295,0.275,6,0.15,0.24,,78,3.04,3.48,2.515,0.215,,
7802701-99,Chester,,207,26.93,10.23,,,21.5,22,0.021,172,1.64,68,224.5,0.094,2.68,29.9,24.5,24.5,0.049,0.17,5.312,0.295,0.275,6,0.15,0.24,,78,3.04,3.48,2.515,0.215,,
7802702-4,"Tender, assado(a)",,178,22.62,9.02,,,8,22,0.041,281,1.34,1500,409,0.145,2.47,19.8,,,0.73,0.33,6.15,0.31,0.7,3,0.8,0.31,,59,3.12,4.44,1.41,0.027,,
7802801-2,"Nambu, cozido(a)",,219,23.9,13,,,17,26,0.017,332,5.91,57,256,0.763,3.83,20.1,28,28,0.28,0.35,7.6,0.57,0.41,6,,0.06,2.9,116,3.739,5.462,2.733,0.257,,
7802901-3,"Nuggets de Frango, grelhado(a)/brasa/churrasco",,273,16.24,15.63,15.91,0.64,9.85,17.73,0.107,121.52,1.36,704.38,138.84,0.047,0.71,16.45,4.22,4.89,0.167,0.142,6.892,0.299,0.159,35,0.094,1.087,,39.84,3.619,7.431,2.572,3.008,0.14,
7802901-4,"Nuggets de Frango, assado(a)",,273,16.24,15.63,15.91,0.64,9.85,17.73,0.107,121.52,1.36,704.38,138.84,0.047,0.71,16.45,4.22,4.89,0.167,0.142,6.892,0.299,0.159,35,0.094,1.087,,39.84,3.619,7.431,2.572,3.008,0.14,
7802901-5,"Nuggets de Frango, frito(a)",,273,16.24,15.63,15.91,0.64,9.85,17.73,0.107,121.52,1.36,704.38,138.84,0.047,0.71,16.45,4.22,4.89,0.167,0.142,6.892,0.299,0.159,35,0.094,1.087,,39.84,3.619,7.431,2.572,3.008,0.14,
7802901-6,"Nuggets de Frango, empanado(a)/a milanesa",,273,16.24,15.63,15.91,0.64,9.85,17.73,0.107,121.52,1.36,704.38,138.84,0.047,0.71,16.45,4.22,4.89,0.167,0.142,6.892,0.299,0.159,35,0.094,1.087,,39.84,3.619,7.431,2.572,3.008,0.14,
7802901-7,"Nuggets de Frango, refogado(a)",,273,16.24,15.63,15.91,0.64,9.85,17.73,0.107,121.52,1.36,704.38,138.84,0.047,0.71,16.45,4.22,4.89,0.167,0.142,6.892,0.299,0.159,35,0.094,1.087,,39.84,3.619,7.431,2.572,3.008,0.14,
7802902-2,"Steak de Frango, cozido(a)",,211.8,31.37,7.12,3.39,0.14,15.67,27.98,0.047,220.8,1.27,77.09,251.76,0.056,1.26,27.08,9,9,0.1,0.138,12.683,0.602,0.34,13.07,0.2,0.482,,85,1.678,2.128,2.478,0.104,0.01,
7802902-3,"Steak de Frango, grelhado(a)/brasa/churrasco",,211.8,31.37,7.12,3.39,0.14,15.67,27.98,0.047,220.8,1.27,77.09,251.76,0.056,1.26,27.08,9,9,0.1,0.138,12.683,0.602,0.34,13.07,0.2,0.482,,85,1.678,2.128,2.478,0.104,0.01,
7802902-4,"Steak de Frango, assado(a)",,211.8,31.37,7.12,3.39,0.14,15.67,27.98,0.047,220.8,1.27,77.09,251.76,0.056,1.26,27.08,9,9,0.1,0.138,12.683,0.602,0.34,13.07,0.2,0.482,,85,1.678,2.128,2.478,0.104,0.01,
7802902-5,"Steak de Frango, frito(a)",,211.8,31.37,7.12,3.39,0.14,15.67,27.98,0.047,220.8,1.27,77.09,251.76,0.056,1.26,27.08,9,9,0.1,0.138,12.683,0.602,0.34,13.07,0.2,0.482,,85,1.678,2.128,2.478,0.104,0.01,
7802902-6,"Steak de Frango, empanado(a)/a milanesa",,211.8,31.37,7.12,3.39,0.14,15.67,27.98,0.047,220.8,1.27,77.09,251.76,0.056,1.26,27.08,9,9,0.1,0.138,12.683,0.602,0.34,13.07,0.2,0.482,,85,1.678,2.128,2.478,0.104,0.01,
7802902-99,Steak de Frango,,211.8,31.37,7.12,3.39,0.14,15.67,27.98,0.047,220.8,1.27,77.09,251.76,0.056,1.26,27.08,9,9,0.1,0.138,12.683,0.602,0.34,13.07,0.2,0.482,,85,1.678,2.128,2.478,0.104,0.01,
7803001-5,"Codorna, frito(a)",,269.7,32.4,14.66,,,16,22,0.026,242,1.43,43,271,0.084,1.37,21.88,57,57,0.07,0.18,7.53,0.75,0.72,5,0.239,0.48,2.3,89,3.918,6.211,3.017,0.277,,
7803201-2,"Pe e Asa de Galinha ou Frango, cozido(a)",,290,26.86,19.46,,,15,19,0.018,151,1.27,82,184,0.057,1.82,22.2,47,47,0.042,0.128,6.648,0.42,0.29,3,0.4,0.27,,84,5.45,7.64,4.14,0.39,,
7803201-4,"Pe e Asa de Galinha ou Frango, assado(a)",,290,26.86,19.46,,,15,19,0.018,151,1.27,82,184,0.057,1.82,22.2,47,47,0.042,0.128,6.648,0.42,0.29,3,0.4,0.27,,84,5.45,7.64,4.14,0.39,,
7803201-5,"Pe e Asa de Galinha ou Frango, frito(a)",,312.7,26.86,22.02,,,15,19,0.018,151,1.27,82,184,0.057,1.82,23.38,47,47,0.042,0.128,6.648,0.42,0.29,3,0.4,0.48,,84,5.851,8.224,5.62,0.404,,
7803301-1,"Ovo de Galinha, cru(a)",,155,12.58,10.61,1.12,,50,10,0.026,172,1.19,124,126,0.013,1.05,30.8,168,169.33,0.066,0.513,0.064,0.121,1.11,44,1.28,1.03,,424,3.267,4.077,1.414,,1.22,
7803301-2,"Ovo de Galinha, cozido(a)",,155,12.58,10.61,1.12,,50,10,0.026,172,1.19,124,126,0.013,1.05,30.8,168,169.33,0.066,0.513,0.064,0.121,1.11,44,1.28,1.03,,424,3.267,4.077,1.414,,1.22,
7803301-4,"Ovo de Galinha, assado(a)",,155,12.58,10.61,1.12,,50,10,0.026,172,1.19,124,126,0.013,1.05,30.8,168,169.33,0.066,0.513,0.064,0.121,1.11,44,1.28,1.03,,424,3.267,4.077,1.414,,1.22,
7803301-5,"Ovo de Galinha, frito(a)",,222.6,13.67,17.65,1.22,,54.35,10.87,0.028,186.96,1.3,134.78,136.96,0.014,1.14,36.28,182.61,184.06,0.072,0.558,0.07,0.132,1.207,47.83,1.391,1.62,,460.87,4.509,5.826,5.071,0.033,1.33,
7803301-7,"Ovo de Galinha, refogado(a)",,155,12.58,10.61,1.12,,50,10,0.026,172,1.19,124,126,0.013,1.05,30.8,168,169.33,0.066,0.513,0.064,0.121,1.11,44,1.28,1.03,,424,3.267,4.077,1.414,,1.22,
7803301-8,"Ovo de Galinha, molho vermelho",,155,12.58,10.61,1.12,,50,10,0.026,172,1.19,124,126,0.013,1.05,30.8,168,169.33,0.066,0.513,0.064,0.121,1.11,44,1.28,1.03,,424,3.267,4.077,1.414,,1.22,
7803301-10,"Ovo de Galinha, ao alho e oleo",,222.6,13.67,17.65,1.22,,54.35,10.87,0.028,186.96,1.3,134.78,136.96,0.014,1.14,36.28,182.61,184.06,0.072,0.558,0.07,0.132,1.207,47.83,1.391,1.62,,460.87,4.509,5.826,5.071,0.033,1.33,
7803301-11,"Ovo de Galinha, com manteiga/oleo",,214.2,13.73,16.7,1.22,,55.88,11,0.028,188.49,1.29,171.5,138.49,0.014,1.15,33.54,225.38,227.67,0.072,0.56,0.072,0.132,1.217,48.02,1.481,1.267,,474.57,6.825,5.771,1.731,0.209,1.33,
7803301-12,"Ovo de Galinha, ao vinagrete",,155,12.58,10.61,1.12,,50,10,0.026,172,1.19,124,126,0.013,1.05,30.8,168,169.33,0.066,0.513,0.064,0.121,1.11,44,1.28,1.03,,424,3.267,4.077,1.414,,1.22,
7803301-13,"Ovo de Galinha, ensopado",,155,12.58,10.61,1.12,,50,10,0.026,172,1.19,124,126,0.013,1.05,30.8,168,169.33,0.066,0.513,0.064,0.121,1.11,44,1.28,1.03,,424,3.267,4.077,1.414,,1.22,
7803301-14,"Ovo de Galinha, mingau",,155,12.58,10.61,1.12,,50,10,0.026,172,1.19,124,126,0.013,1.05,30.8,168,169.33,0.066,0.513,0.064,0.121,1.11,44,1.28,1.03,,424,3.267,4.077,1.414,,1.22,
7803301-99,Ovo de Galinha,,155,12.58,10.61,1.12,,50,10,0.026,172,1.19,124,126,0.013,1.05,30.8,168,169.33,0.066,0.513,0.064,0.121,1.11,44,1.28,1.03,,424,3.267,4.077,1.414,,1.22,
7803501-1,"Ovo de Codorna, cru(a)",,155,12.58,10.61,1.12,,50,10,0.026,172,1.19,124,126,0.013,1.05,30.8,168,169.33,0.066,0.513,0.064,0.121,1.11,44,1.28,1.03,,424,3.267,4.077,1.414,,1.22,
7803501-2,"Ovo de Codorna, cozido(a)",,155,12.58,10.61,1.12,,50,10,0.026,172,1.19,124,126,0.013,1.05,30.8,168,169.33,0.066,0.513,0.064,0.121,1.11,44,1.28,1.03,,424,3.267,4.077,1.414,,1.22,
7803501-5,"Ovo de Codorna, frito(a)",,222.6,13.67,17.65,1.22,,54.35,10.87,0.028,186.96,1.3,134.78,136.96,0.014,1.14,36.28,182.61,184.06,0.072,0.558,0.07,0.132,1.207,47.83,1.391,1.62,,460.87,4.509,5.826,5.071,0.033,1.33,
7803501-12,"Ovo de Codorna, ao vinagrete",,155,12.58,10.61,1.12,,50,10,0.026,172,1.19,124,126,0.013,1.05,30.8,168,169.33,0.066,0.513,0.064,0.121,1.11,44,1.28,1.03,,424,3.267,4.077,1.414,,1.22,
7803501-99,Ovo de Codorna,,155,12.58,10.61,1.12,,50,10,0.026,172,1.19,124,126,0.013,1.05,30.8,168,169.33,0.066,0.513,0.064,0.121,1.11,44,1.28,1.03,,424,3.267,4.077,1.414,,1.22,
7803702-2,"Galinha de Angola Abatida, Congelada ou Viva, cozido(a)",,247,32.4,12.1,,,16,22,0.026,242,1.43,43,271,0.084,1.37,20.7,57,57,0.07,0.18,7.53,0.75,0.72,5,0.239,0.27,2.3,89,3.517,5.627,1.537,0.263,,
7803702-4,"Galinha de Angola Abatida, Congelada ou Viva, assado(a)",,247,32.4,12.1,,,16,22,0.026,242,1.43,43,271,0.084,1.37,20.7,57,57,0.07,0.18,7.53,0.75,0.72,5,0.239,0.27,2.3,89,3.517,5.627,1.537,0.263,,
7803703-2,"Capote, cozido(a)",,247,32.4,12.1,,,16,22,0.026,242,1.43,43,271,0.084,1.37,20.7,57,57,0.07,0.18,7.53,0.75,0.72,5,0.239,0.27,2.3,89,3.517,5.627,1.537,0.263,,
7803703-4,"Capote, assado(a)",,247,32.4,12.1,,,16,22,0.026,242,1.43,43,271,0.084,1.37,20.7,57,57,0.07,0.18,7.53,0.75,0.72,5,0.239,0.27,2.3,89,3.517,5.627,1.537,0.263,,
7803703-5,"Capote, frito(a)",,269.7,32.4,14.66,,,16,22,0.026,242,1.43,43,271,0.084,1.37,21.88,57,57,0.07,0.18,7.53,0.75,0.72,5,0.239,0.48,2.3,89,3.918,6.211,3.017,0.277,,
7803707-2,"Mutum, cozido(a)",,239,27.3,13.6,,,15,23,0.02,182,1.26,82,223,0.066,1.94,23.9,48,48,0.063,0.168,8.487,0.4,0.3,5,0.3,0.27,,88,3.79,5.34,2.97,0.45,,
7803907-2,"Pato em Pedaços, cozido(a)",,201,26.14,9.97,,,13,20,0.018,146,0.98,63,167,0.044,1.14,21.2,29,29,0.041,0.112,6.935,0.27,0.2,3,0.2,0.21,,74,2.8,3.92,2.12,0.2,,
7803907-13,"Pato em Pedaços, ensopado",,201,26.14,9.97,,,13,20,0.018,146,0.98,63,167,0.044,1.14,21.2,29,29,0.041,0.112,6.935,0.27,0.2,3,0.2,0.21,,74,2.8,3.92,2.12,0.2,,
7803908-5,"Peito de Pato, frito(a)",,223.7,26.14,12.53,,,13,20,0.018,146,0.98,63,167,0.044,1.14,22.38,29,29,0.041,0.112,6.935,0.27,0.2,3,0.2,0.42,,74,3.201,4.504,3.6,0.214,,
7803913-2,"Carne de Pato, cozido(a)",,201,26.14,9.97,,,13,20,0.018,146,0.98,63,167,0.044,1.14,21.2,29,29,0.041,0.112,6.935,0.27,0.2,3,0.2,0.21,,74,2.8,3.92,2.12,0.2,,
7803913-4,"Carne de Pato, assado(a)",,201,26.14,9.97,,,13,20,0.018,146,0.98,63,167,0.044,1.14,21.2,29,29,0.041,0.112,6.935,0.27,0.2,3,0.2,0.21,,74,2.8,3.92,2.12,0.2,,
7803913-5,"Carne de Pato, frito(a)",,223.7,26.14,12.53,,,13,20,0.018,146,0.98,63,167,0.044,1.14,22.38,29,29,0.041,0.112,6.935,0.27,0.2,3,0.2,0.42,,74,3.201,4.504,3.6,0.214,,
7805401-1,"Peito de Peru Light, cru(a)",,140,30.19,1.18,,,15,28,0.025,216,1.57,56,277,0.086,2.08,32.1,,,0.041,0.136,6.936,0.57,0.39,6,0.4,0.21,,86,0.38,0.21,0.31,0.02,,
7805401-2,"Peito de Peru Light, cozido(a)",,140,30.19,1.18,,,15,28,0.025,216,1.57,56,277,0.086,2.08,32.1,,,0.041,0.136,6.936,0.57,0.39,6,0.4,0.21,,86,0.38,0.21,0.31,0.02,,
7805401-99,Peito de Peru Light,,140,30.19,1.18,,,15,28,0.025,216,1.57,56,277,0.086,2.08,32.1,,,0.041,0.136,6.936,0.57,0.39,6,0.4,0.21,,86,0.38,0.21,0.31,0.02,,
7805501-2,"Frango Inteiro Organico, cozido(a)",,239,27.3,13.6,,,15,23,0.02,182,1.26,82,223,0.066,1.94,23.9,48,48,0.063,0.168,8.487,0.4,0.3,5,0.3,0.27,,88,3.79,5.34,2.97,0.45,,
7805501-4,"Frango Inteiro Organico, assado(a)",,239,27.3,13.6,,,15,23,0.02,182,1.26,82,223,0.066,1.94,23.9,48,48,0.063,0.168,8.487,0.4,0.3,5,0.3,0.27,,88,3.79,5.34,2.97,0.45,,
7805702-2,"File de Frango Organico, cozido(a)",,173,30.91,4.51,,,15,27,0.017,216,1.06,77,247,0.05,1.23,24.4,9,9,0.065,0.116,12.421,0.6,0.34,4,0.2,0.27,,85,1.27,1.54,0.98,0.09,,
7805702-3,"File de Frango Organico, grelhado(a)/brasa/churrasco",,173,30.91,4.51,,,15,27,0.017,216,1.06,77,247,0.05,1.23,24.4,9,9,0.065,0.116,12.421,0.6,0.34,4,0.2,0.27,,85,1.27,1.54,0.98,0.09,,
7805702-5,"File de Frango Organico, frito(a)",,195.7,30.91,7.07,,,15,27,0.017,216,1.06,77,247,0.05,1.23,25.57,9,9,0.065,0.116,12.421,0.6,0.34,4,0.2,0.48,,85,1.671,2.124,2.46,0.104,,
7805702-6,"File de Frango Organico, empanado(a)/a milanesa",,211.8,31.37,7.12,3.39,0.14,15.67,27.98,0.047,220.8,1.27,77.09,251.76,0.056,1.26,27.08,9,9,0.1,0.138,12.683,0.602,0.34,13.07,0.2,0.482,,85,1.678,2.128,2.478,0.104,0.01,
7900101-99,Leite de Vaca Integral,,60,3.22,3.25,4.52,,113.05,10,0.003,91.04,0.03,40.02,143.06,0.011,0.4,3.7,28.01,28.43,0.044,0.183,0.107,0.036,0.44,5,1,0.06,,10,1.866,0.812,0.195,0.116,5.26,
7900201-99,Leite de Vaca Fresco,,60,3.22,3.25,4.52,,113.05,10,0.003,91.04,0.03,40.02,143.06,0.011,0.4,3.7,28.01,28.43,0.044,0.183,0.107,0.036,0.44,5,,0.06,,10,1.866,0.812,0.195,0.116,5.26,
7900301-99,Leite de Cabra,,69,3.56,4.14,4.45,,134.06,14.01,0.018,111.05,0.05,50.02,204.09,0.046,0.3,1.4,56.02,56.61,0.048,0.138,0.277,0.046,0.07,1,0.3,0.07,1.3,11.01,2.668,1.109,0.149,0.089,4.45,
7900601-99,Leite em Po Integral,,480,25.76,26,36.16,,904,80,0.024,728,0.24,320,1144,0.088,3.2,29.6,224,227.33,0.352,1.464,0.856,0.288,3.52,40,8,0.48,,80,14.92,6.496,1.56,0.928,42.08,
7900710-99,Leite em Po Desnatado,,358,35.1,0.72,52.19,,1231,117,0.02,985,0.31,549,1705,0.041,4.41,27.3,709,709.08,0.413,1.744,0.891,0.345,3.99,50,11,0.01,5.6,18,0.467,0.187,0.028,0.026,50.51,
7900801-99,Leite em Po,,480,25.76,26,36.16,,904,80,0.024,728,0.24,320,1144,0.088,3.2,29.6,224,227.33,0.352,1.464,0.856,0.288,3.52,40,8,0.48,,80,14.92,6.496,1.56,0.928,42.08,
7900901-99,Leite Condensado,,319.7,7.88,8.66,54.18,,282.85,25.89,0.006,251.97,0.19,126.48,369.49,0.015,0.94,14.74,72.7,73.86,0.09,0.414,0.209,0.051,0.438,10.96,0.129,0.159,2.59,33.86,5.464,2.417,0.336,0.309,52.51,43.02
7900903-99,Leite Beijinho,,319.7,7.88,8.66,54.18,,282.85,25.89,0.006,251.97,0.19,126.48,369.49,0.015,0.94,14.74,72.7,73.86,0.09,0.414,0.209,0.051,0.438,10.96,0.129,0.159,2.59,33.86,5.464,2.417,0.336,0.309,52.51,43.02
7901001-99,Creme de Leite,,292,2.17,30.91,2.96,,69,7,0.001,61,0.03,34,97,0.007,0.25,0.5,274,279,0.024,0.125,0.042,0.028,0.2,4,1.1,0.88,0.6,111,19.337,9.093,0.884,1.1,2.8,
7901101-99,Chantilly,,276.4,2.93,24.57,12.36,,55.66,6.78,,50.1,0.03,45.52,95.31,0.01,0.2,2.68,217.56,221.53,0.02,0.15,0.05,0.02,0.17,3.62,0.87,0.7,0.48,88.14,15.36,7.22,0.71,0.87,11.9,9.93
7901201-99,Iogurte de Qualquer Sabor,,98.7,3.46,3.47,14.62,2.13,120.93,11.52,0.031,98.07,0.09,44.78,162.44,0.02,0.44,3.99,29.65,30.13,0.048,0.197,0.141,0.042,0.466,7,0.064,0.083,4.15,10.59,1.976,0.863,0.218,0.123,13.06,7.06
7901203-99,Iogurte Desnatado,,56,5.73,0.18,7.68,,199,19,0.005,157,0.09,77,255,0.015,0.97,3.6,2,2,0.048,0.234,0.124,0.053,0.61,12,,,0.9,2,0.116,0.049,0.005,,5.61,
7901204-99,Iogurte Natural,,61,3.47,3.25,4.66,,121,12,0.004,95,0.05,46,155,0.009,0.59,2.2,27,27.42,0.029,0.142,0.075,0.032,0.37,7,0.04,0.087,0.5,13,2.096,0.893,0.092,0.07,3.39,
7901301-99,Yakult de Qualquer Sabor,,69.3,3.03,0.07,14.46,,112.6,9.9,0.003,90.9,0.03,37.8,140.6,0.012,0.38,2.85,54.9,54.9,0.041,0.166,0.085,0.033,0.477,4.5,0.923,0.009,,1.8,0.046,0.019,0.003,0.003,14.57,10
7901303-99,Bebida Lactea,,91.1,2.78,1.15,18.03,0.14,97.17,9.54,0.02,76.47,0.06,36.45,128.47,0.01,0.45,2.05,10.1,10.31,0.03,0.12,0.08,0.03,0.31,5.9,0.01,0.04,0.89,4.04,0.7,0.3,0.05,0.03,16.75,13.57
7901304-99,Leite Fermentado,,50.2,3.31,1.98,4.7,,117.53,11.05,0.003,94.42,0.03,41.19,150.68,0.012,0.43,2.51,55.25,55.5,0.039,0.186,0.092,0.038,0.462,5.02,1.08,0.03,0.2,8.04,1.263,0.563,0.073,0.085,5.09,
7901401-99,Coalhada,,61,3.47,3.25,4.66,,121,12,0.004,95,0.05,46,155,0.009,0.59,2.2,27,27.42,0.029,0.142,0.075,0.032,0.37,7,0.04,0.087,0.5,13,2.096,0.893,0.092,0.07,3.39,
7901501-99,Manteiga com ou sem Sal,,717,0.85,81.11,0.06,,24,2,,24,0.02,576,24,,0.09,1,671,684.17,0.01,0.03,0.04,,0.17,3,1.4,2.32,,215,51.37,21.02,3.04,3.28,0.1,
7901505-99,Manteiga de Garrafa,,717,0.85,81.11,0.06,,24,2,,24,0.02,576,24,,0.09,1,671,684.17,0.01,0.03,0.04,,0.17,3,1.4,2.32,,215,51.37,21.02,3.04,3.28,0.1,
7901602-99,Margarina com ou sem Sal,,719,0.9,80.5,0.9,,30,3,,23,,943,42,0.04,0.2,,820,860.42,0.01,0.04,0.02,0.01,0.1,1,,3.1,0.2,,16.7,39.3,20.9,25.84,0.9,
7901701-99,Queijo Prato,,302,25.96,20.03,3.83,,731,26,0.01,524,0.25,528,95,0.03,3.13,16.3,133,136.67,0.1,0.33,0.12,0.08,2.31,10,0.16,0.37,,54,12.67,5.73,0.63,0.41,0.78,
7901703-99,Queijo Colonial,,302,25.96,20.03,3.83,,731,26,0.01,524,0.25,528,95,0.03,3.13,16.3,133,136.67,0.1,0.33,0.12,0.08,2.31,10,0.16,0.37,,54,12.67,5.73,0.63,0.41,0.78,
7901705-99,Queijo de Colonia,,302,25.96,20.03,3.83,,731,26,0.01,524,0.25,528,95,0.03,3.13,16.3,133,136.67,0.1,0.33,0.12,0.08,2.31,10,0.16,0.37,,54,12.67,5.73,0.63,0.41,0.78,
7901801-99,Queijo Muzarella,,318,21.6,24.64,2.47,,575,21,0.009,412,0.2,415,75,0.022,2.46,16.1,192,197.25,0.016,0.27,0.094,0.062,0.73,8,0.16,0.21,,89,15.561,7.027,0.778,0.59,2.47,
7901803-99,Mussarela,,318,21.6,24.64,2.47,,575,21,0.009,412,0.2,415,75,0.022,2.46,16.1,192,197.25,0.016,0.27,0.094,0.062,0.73,8,0.16,0.21,,89,15.561,7.027,0.778,0.59,2.47,
7901807-99,Mussarela de Bufala,,318,21.6,24.64,2.47,,575,21,0.009,412,0.2,415,75,0.022,2.46,16.1,192,197.25,0.016,0.27,0.094,0.062,0.73,8,0.16,0.21,,89,15.561,7.027,0.778,0.59,2.47,
7901809-99,Queijo de Bufalo,,318,21.6,24.64,2.47,,575,21,0.009,412,0.2,415,75,0.022,2.46,16.1,192,197.25,0.016,0.27,0.094,0.062,0.73,8,0.16,0.21,,89,15.561,7.027,0.778,0.59,2.47,
7901901-99,Queijo de Reino,,356,24.94,27.44,2.22,,700,29,0.011,546,0.24,819,121,0.036,3.9,14.5,164,164.83,0.03,0.334,0.063,0.08,1.54,21,0.24,0.24,,114,17.614,7.747,0.657,0.657,2.22,
7902001-99,Queijo de Minas,,240,17.6,14.1,10.6,,529,33,0.01,829,0.2,1587,330,0.03,2.36,12.4,247,253.83,0.07,0.48,0.18,0.08,1.11,18,0.11,0.27,,53,8.85,4.13,0.41,0.78,10.6,
7902003-99,Queijo de Manteiga,,318,21.6,24.64,2.47,,575,21,0.009,412,0.2,415,75,0.022,2.46,16.1,192,197.25,0.016,0.27,0.094,0.062,0.73,8,0.16,0.21,,89,15.561,7.027,0.778,0.59,2.47,
7902004-99,Quechimia,,240,17.6,14.1,10.6,,529,33,0.01,829,0.2,1587,330,0.03,2.36,12.4,247,253.83,0.07,0.48,0.18,0.08,1.11,18,0.11,0.27,,53,8.85,4.13,0.41,0.78,10.6,
7902005-99,Queijo de Coalho,,373,24.48,30.28,0.68,,746,27,0.011,444,0.72,536,81,0.032,3,14.5,192,198.5,0.015,0.39,0.093,0.079,0.83,18,0.24,0.26,,89,19.066,8.751,0.899,0.725,0.68,
7902008-99,Queijo Canastra,,240,17.6,14.1,10.6,,529,33,0.01,829,0.2,1587,330,0.03,2.36,12.4,247,253.83,0.07,0.48,0.18,0.08,1.11,18,0.11,0.27,,53,8.85,4.13,0.41,0.78,10.6,
7902201-99,Queijo Ricota,,174,11.26,12.98,3.04,,207,11,0.01,158,0.38,84,105,0.02,1.16,14.5,117,119.75,0.01,0.2,0.1,0.04,0.34,12,0.11,0.11,,51,8.3,3.63,0.39,0.39,2.08,
7902301-99,Leite de Soja com Sabor,,64.1,3.68,1.65,9.06,1.1,26.35,23.43,0.162,68.93,1.04,57.6,127.03,0.095,0.23,2.59,,0.08,0.03,0.092,0.898,0.094,,11.13,,0.064,0.31,,0.238,0.364,0.929,,3.79,7.24
7902303-99,Ades Original,,54,3.27,1.75,6.28,0.6,25,25,0.223,52,0.64,51,118,0.128,0.12,4.8,,0.17,0.06,0.069,0.513,0.077,,18,,0.11,,,0.205,0.401,0.961,,3.2,4.09
7902403-99,Queijo Ralado,,431,38.46,28.61,4.06,,1109,38,0.09,729,0.9,1529,125,0.24,3.87,17.7,117,119.58,0.03,0.49,0.11,0.05,2.26,10,0.81,0.26,,88,17.3,8.38,1.17,0.72,0.9,
7902501-99,Queijo Provolone,,351,25.58,26.62,2.14,,756,28,0.01,496,0.52,876,138,0.026,3.23,14.5,230,235.67,0.019,0.321,0.156,0.073,1.46,10,0.9,0.23,,69,17.078,7.393,0.769,0.637,2.14,
7902801-99,Queijo Polenguinho,,349,7.55,34.87,2.66,,80,6,0.004,104,1.2,296,119,0.016,0.54,2.4,359,366.42,0.017,0.197,0.101,0.047,0.42,13,0.27,0.3,,110,21.966,9.838,1.265,1.04,1.7,
7902901-99,Requeijao,,231,10.6,17.6,7,,112,8,0.01,146,1.68,296,167,0.02,0.76,4,352,355.75,0.02,0.28,0.14,0.07,0.6,18,0.58,0.15,,56,11.09,4.97,0.64,0.5,7,
7902902-99,Queijo Cremoso,,231,10.6,17.6,7,,112,8,0.01,146,1.68,296,167,0.02,0.76,4,352,355.75,0.02,0.28,0.14,0.07,0.6,18,0.58,0.15,,56,11.09,4.97,0.64,0.5,7,
7903001-99,Queijo Nao Especificado,,375,22.15,31.25,1.6,,552,27,0.01,513,0.19,1489,169,0.02,2.84,14.4,247,253.83,0.03,0.35,0.07,0.07,0.7,8,0.21,0.27,,94,19.69,8.95,0.99,0.76,1.29,
7903101-99,Leite com Sabor,,83.3,3.18,3.4,10.38,0.8,112.44,13.05,0.077,101.39,0.24,60.23,167.65,0.065,0.41,1.91,26.1,26.52,0.037,0.163,0.125,0.04,0.331,5.02,1.004,0.06,0.9,12.05,2.112,0.994,0.124,0.121,10.14,5.09
7903102-99,Leite Achocolatado,,83.3,3.18,3.4,10.38,0.8,112.44,13.05,0.077,101.39,0.24,60.23,167.65,0.065,0.41,1.91,26.1,26.52,0.037,0.163,0.125,0.04,0.331,5.02,1.004,0.06,0.9,12.05,2.112,0.994,0.124,0.121,10.14,5.09
7903109-99,Leite Aromatizado,,83.3,3.18,3.4,10.38,0.8,112.44,13.05,0.077,101.39,0.24,60.23,167.65,0.065,0.41,1.91,26.1,26.52,0.037,0.163,0.125,0.04,0.331,5.02,1.004,0.06,0.9,12.05,2.112,0.994,0.124,0.121,10.14,5.09
7903110-99,Bebida Achocolatada,,83.3,3.18,3.4,10.38,0.8,112.44,13.05,0.077,101.39,0.24,60.23,167.65,0.065,0.41,1.91,26.1,26.52,0.037,0.163,0.125,0.04,0.331,5.02,1.004,0.06,0.9,12.05,2.112,0.994,0.124,0.121,10.14,5.09
7903201-99,Nata,,195,2.7,19.31,3.66,,96,9,0.001,80,0.04,40,122,0.008,0.27,0.6,178,181.08,0.032,0.148,0.057,0.032,0.22,2,0.678,0.55,0.8,66,12.02,5.577,0.717,0.687,3.7,
7903301-99,Queijo Gorgonzola,,353,21.4,28.74,2.34,,528,23,0.009,387,0.31,1395,256,0.04,2.66,14.5,192,198.17,0.029,0.382,1.016,0.166,1.22,36,0.23,0.25,,75,18.669,7.778,0.8,0.69,2.34,
7903402-99,Tofu,,61,6.55,3.69,1.8,0.2,111,27,0.39,92,1.11,8,120,0.16,0.64,8.9,,0.33,0.05,0.04,0.54,0.05,,44,,0.01,0.2,,0.53,0.81,2.08,,0.2,
7903501-99,Leite de Soja em Po,,408.3,32.85,13.22,42.13,9.18,182.41,150.64,1.373,484.31,8.94,1263.13,1003.19,0.78,2.05,14.92,,0.61,0.253,0.534,2.921,0.51,,96.38,,0.523,2.64,,1.912,2.915,7.455,,15.99,23.42
7903601-99,Leite de Vaca Desnatado,,34.2,3.38,0.08,4.98,,125.56,11.05,0.003,101.46,0.03,42.19,156.7,0.013,0.42,3.11,61.27,61.27,0.045,0.183,0.094,0.037,0.532,5.02,1.03,0.01,,2.01,0.051,0.021,0.003,0.003,5.11,
7903702-99,Leite de Vaca Semidesnatado,,42,3.37,0.97,4.99,,119,11,0.003,95,0.03,44,150,0.01,0.42,3.3,58,58.17,0.02,0.185,0.093,0.037,0.44,5,1.3,0.01,,5,0.633,0.277,0.035,0.04,5.2,
7903801-99,Leite Nao Especificado Pasteurizado,,60,3.22,3.25,4.52,,113.05,10,0.003,91.04,0.03,40.02,143.06,0.011,0.4,3.7,28.01,28.43,0.044,0.183,0.107,0.036,0.44,5,1,0.06,,10,1.866,0.812,0.195,0.116,5.26,
7903901-99,Iogurte de Qualquer Sabor Light,,102,4.37,1.08,19.05,0.29,152,15,0.065,119,0.07,58,195,0.08,0.74,3.1,10,10.17,0.037,0.178,0.095,0.04,0.47,9,0.01,0.02,0.7,4,0.697,0.297,0.031,0.03,16.41,13
7904001-99,Iogurte de Qualquer Sabor Diet,,51.4,3.11,2.65,3.88,0.08,66.71,6.69,0.017,59,0.06,33.45,85.59,0.031,0.28,2.11,50.44,50.88,0.029,0.114,0.071,0.026,0.274,4.01,0.541,0.088,2.14,10.29,1.654,0.778,0.082,0.093,2.91,
7904201-99,Margarina Light,,253.7,0.08,28.52,0.27,,2.4,0.65,0.001,1.78,0,500.57,6.07,0.014,0.07,,804,848.67,,,,,0.028,0.36,,1.637,0.04,,7.635,17.477,2.174,3.537,0.32,
7904301-99,Leite de Vaca Integral Organico,,60,3.22,3.25,4.52,,113.05,10,0.003,91.04,0.03,40.02,143.06,0.011,0.4,3.7,28.01,28.43,0.044,0.183,0.107,0.036,0.44,5,1,0.06,,10,1.866,0.812,0.195,0.116,5.26,
7904401-99,Leite de Vaca Fresco Organico,,60,3.22,3.25,4.52,,113.05,10,0.003,91.04,0.03,40.02,143.06,0.011,0.4,3.7,28.01,28.43,0.044,0.183,0.107,0.036,0.44,5,,0.06,,10,1.866,0.812,0.195,0.116,5.26,
7904601-99,Leite Semidesnatado de Vaca Organico,,42,3.37,0.97,4.99,,119,11,0.003,95,0.03,44,150,0.01,0.42,3.3,58,58.17,0.02,0.185,0.093,0.037,0.44,5,1.3,0.01,,5,0.633,0.277,0.035,0.04,5.2,
7904701-99,Creme de Leite Organico,,292,2.17,30.91,2.96,,69,7,0.001,61,0.03,34,97,0.007,0.25,0.5,274,279,0.024,0.125,0.042,0.028,0.2,4,1.1,0.88,0.6,111,19.337,9.093,0.884,1.1,2.8,
7904801-99,Iogurte de Qualquer Sabor Organico,,98.7,3.46,3.47,14.62,2.13,120.93,11.52,0.031,98.07,0.09,44.78,162.44,0.02,0.44,3.99,29.65,30.13,0.048,0.197,0.141,0.042,0.466,7,0.064,0.083,4.15,10.59,1.976,0.863,0.218,0.123,13.06,7.06
7904803-99,Iogurte de Qualquer Sabor Desnatado Organico,,95,4.4,0.2,19,,152,15,0.035,119,0.07,58,194,0.011,0.74,6,2,2.33,0.04,0.18,0.1,0.04,0.47,9,,0.06,0.7,2,0.119,0.05,0.016,0.005,18.54,11.78
7904804-99,Iogurte Natural de Qualquer Sabor Organico,,61,3.47,3.25,4.66,,121,12,0.004,95,0.05,46,155,0.009,0.59,2.2,27,27.42,0.029,0.142,0.075,0.032,0.37,7,0.04,0.087,0.5,13,2.096,0.893,0.092,0.07,3.39,
7905103-99,Mussarela Light,,302,25.96,20.03,3.83,,731,26,0.011,524,0.25,16,95,0.027,3.13,16.3,133,136.67,0.101,0.329,0.119,0.079,2.31,10,0.16,0.37,,54,12.67,5.73,0.626,0.41,0.78,
7905104-99,Queijo Mussarela Light,,302,25.96,20.03,3.83,,731,26,0.011,524,0.25,16,95,0.027,3.13,16.3,133,136.67,0.101,0.329,0.119,0.079,2.31,10,0.16,0.37,,54,12.67,5.73,0.626,0.41,0.78,
7905201-99,Leite de Soja com Sabor Light,,53.2,2.56,1.03,8.62,0.69,19.65,17.77,0.105,52.85,0.69,49.55,92.63,0.068,0.15,2.13,,0.05,0.019,0.074,0.898,0.079,,7.45,,0.04,0.2,,0.149,0.227,0.581,,3.86,7.48
7905203-99,Ades Light,,39.4,1.99,0.82,6.18,0.55,15.53,13.6,0.083,39.92,0.54,49.27,70.92,0.052,0.12,1.58,,0.04,0.015,0.055,0.636,0.058,,5.84,,0.032,0.16,,0.119,0.182,0.465,,2.72,5.27
7905601-99,Creme de Leite Light,,59,2.6,1.4,9,,96,16,0.002,151,,144,206,0.016,0.81,2.9,12,12.25,0.056,0.237,0.124,0.062,0.52,4,0.047,0.04,0.7,5,0.841,0.384,0.052,0.055,5.65,5.21
7905901-99,Queijo Prato Light,,297.3,24.49,21.36,1.22,,704.84,18.04,0.008,276.48,0.44,847.57,62.81,0.02,1.99,8.9,279.12,283.65,0.017,0.24,0.051,0.047,0.531,11.52,0.112,0.186,,67.2,13.593,6.053,0.608,0.506,1.37,
7906001-99,Queijo de Minas Light,,90,13.74,1.93,3.63,,69,6,0.003,151,0.16,406,96,0.028,0.42,10.2,21,21.42,0.024,0.185,0.144,0.076,0.71,13,0.01,0.02,,8,1.221,0.55,0.059,0.06,3.6,
7906005-99,Queijo de Coalho Light,,297.3,24.49,21.36,1.22,,704.84,18.04,0.008,276.48,0.44,847.57,62.81,0.02,1.99,8.9,279.12,283.65,0.017,0.24,0.051,0.047,0.531,11.52,0.112,0.186,,67.2,13.593,6.053,0.608,0.506,1.37,
7906201-99,Queijo Ricota Light,,92.7,14.56,0.28,7.08,,181.1,17.66,0.003,119.48,0.11,83.87,201.45,0.005,0.56,2.51,1.48,1.49,0.055,0.184,0.103,0.054,0.246,3.1,,0.001,0.07,10.39,0.179,0.081,0.01,0.001,7.11,
7906303-99,Queijo Ralado Light,,265,20,20,1.37,,1109,38,0.085,729,0.9,1529,125,0.238,3.87,17.7,156,160.25,0.029,0.486,0.114,0.049,2.26,10,0.487,0.17,,88,13.317,6.098,0.462,0.571,1.37,
7906401-99,Queijo Polenguinho Light,,231,10.6,17.6,7,,112,8,0.005,146,1.68,296,167,0.022,0.76,4,352,355.75,0.02,0.28,0.14,0.07,0.6,18,0.58,0.15,,56,11.089,4.967,0.636,0.499,7,
7906501-99,Requeijao Light,,231,10.6,17.6,7,,112,8,0.005,146,1.68,296,167,0.022,0.76,4,352,355.75,0.02,0.28,0.14,0.07,0.6,18,0.58,0.15,,56,11.089,4.967,0.636,0.499,7,
7906601-99,Queijo Nao Especificado Light,,90,13.74,1.93,3.63,,69,6,0.003,151,0.16,406,96,0.028,0.42,10.2,21,21.42,0.024,0.185,0.144,0.076,0.71,13,0.01,0.02,,8,1.221,0.55,0.059,0.06,3.6,
7906702-99,Leite Achocolatado Light,,63,3.24,1,10.44,0.5,115,13,0.077,103,0.24,61,170,0.065,0.41,1.9,58,58.17,0.038,0.166,0.127,0.041,0.34,5,1,0.02,0.9,3,0.616,0.3,0.035,0.036,10.42,6
7906710-99,Bebida Achocolatada Light,,63,3.24,1,10.44,0.5,115,13,0.077,103,0.24,61,170,0.065,0.41,1.9,58,58.17,0.038,0.166,0.127,0.041,0.34,5,1,0.02,0.9,3,0.616,0.3,0.035,0.036,10.42,6
7906801-99,Leite com Sabor Diet,,73.3,3.48,3.51,7.09,0.39,147.69,17.76,0.082,115.69,0.17,71.79,188.49,0.089,0.97,4.12,26.86,27.26,0.053,0.21,0.143,0.113,0.461,5.66,0.959,0.066,2.36,9.59,2.007,0.901,0.214,0.111,6.24,
7906802-99,Leite Achocolatado Diet,,73.3,3.48,3.51,7.09,0.39,147.69,17.76,0.082,115.69,0.17,71.79,188.49,0.089,0.97,4.12,26.86,27.26,0.053,0.21,0.143,0.113,0.461,5.66,0.959,0.066,2.36,9.59,2.007,0.901,0.214,0.111,6.24,
7906810-99,Bebida Achocolatada Diet,,73.3,3.48,3.51,7.09,0.39,147.69,17.76,0.082,115.69,0.17,71.79,188.49,0.089,0.97,4.12,26.86,27.26,0.053,0.21,0.143,0.113,0.461,5.66,0.959,0.066,2.36,9.59,2.007,0.901,0.214,0.111,6.24,
7906901-99,Leite de Soja em Po Light,,379.6,32.94,2.8,59.92,2.4,1576.55,37.64,0.718,318.37,6.12,622.02,656.75,0.628,1.62,6.55,789.47,789.6,0.101,0.12,0.574,0.1,3.158,71.75,13.158,10.576,32.08,,0.402,0.613,1.568,,25.2,23.68
7907001-99,Leite em Po com Sabor,,405,3.3,3.1,90.9,4.8,37,98,0.707,128,3.14,210,591,0.705,1.55,2.6,,,0.032,0.146,0.511,0.01,,5,,0.37,0.7,,1.834,1.009,0.091,,75.79,79.56
7907101-99,Manteiga com ou sem Sal Light,,347.3,0.41,39.29,0.03,,12.65,1.21,0.002,11.63,0.01,36.64,11.63,0.008,0.04,0.48,325.03,449.41,0.002,0.016,0.02,0.001,0.082,1.45,0.678,1.124,,104.15,24.883,10.183,1.474,1.588,0.05,
7907301-99,Queijo de Minas Frescal Organico,,240,17.6,14.1,10.6,,529,33,0.01,829,0.2,1587,330,0.03,2.36,12.4,247,253.83,0.07,0.48,0.18,0.08,1.11,18,0.11,0.27,,53,8.85,4.13,0.41,0.78,10.6,
7907305-99,Queijo de Coalho Frescal Organico,,373,24.48,30.28,0.68,,746,27,0.011,444,0.72,536,81,0.032,3,14.5,192,198.5,0.015,0.39,0.093,0.079,0.83,18,0.24,0.26,,89,19.066,8.751,0.899,0.725,0.68,
8000103-99,Pao de Hamburguer,,279,9.5,4.33,49.45,2.1,138,21,0.272,62,3.32,479,94,0.22,0.66,19.5,,,0.4,0.318,4.154,0.071,0.2,170,,0.07,,,1.092,1.112,1.968,0.69,6.28,6.31
8000105-99,Pao de Sal,,300,8,3.1,58.6,2.3,16,25,0.46,95,1,648,142,0.13,0.8,,3,,0.39,0.67,2.34,0.6,,,,,,,1,0.9,0.7,0.37,,
8000201-99,Pao Doce,,355.2,5.14,13.08,55.83,2.02,32.49,18.08,0.443,73.44,2.09,207.79,98.68,0.107,0.5,14.37,95.85,97.7,0.307,0.26,2.404,0.036,0.108,89.84,0.382,0.391,0.05,44.09,7.883,3.532,0.66,0.419,26.57,26.19
8000203-99,Chineque,,355.2,5.14,13.08,55.83,2.02,32.49,18.08,0.443,73.44,2.09,194.29,98.68,0.107,0.5,14.37,95.85,97.7,0.307,0.26,2.404,0.036,0.108,89.84,0.382,0.391,0.05,44.09,7.883,3.532,0.66,0.419,26.57,26.19
8000218-99,Chineque com Farofa,,355.2,5.14,13.08,55.83,2.02,32.49,18.08,0.443,73.44,2.09,194.29,98.68,0.107,0.5,14.37,95.85,97.7,0.307,0.26,2.404,0.036,0.108,89.84,0.382,0.391,0.05,44.09,7.883,3.532,0.66,0.419,26.57,26.19
8000229-99,Pao de Mel,,508.4,4.46,18.34,85.04,1.85,89.98,107,0.936,73.67,3.54,153.34,600.85,0.312,0.61,18.83,120.01,122.32,0.26,0.198,2.165,0.258,0.085,65.5,0.414,0.53,0.02,57.44,11.103,5.062,0.859,0.544,52.88,60.4
8000234-99,Panetone,,355.9,7.45,10.43,58.03,2.14,19.44,15.99,0.388,96.56,2.85,210.02,139.79,0.104,0.58,25.5,19.86,20.09,0.446,0.386,3.545,0.064,0.131,136.82,0.151,0.865,0.34,50.12,1.821,2.516,5.344,0.046,15.77,13.03
8000237-99,Bisnaguinha,,310,10.86,6.47,52.04,2,178,26,0.58,122,3.72,536,139,0.14,0.99,26.8,1,1,0.53,0.37,5.37,0.1,0.13,150,,0.28,0.2,4,1.38,1.88,2.51,0.41,5.68,5.5
8000240-99,Croissant,,455.2,8.04,26.26,46.84,1.75,52.94,16.93,0.373,114.31,2.7,130.47,129.94,0.089,0.65,22,230.6,234.72,0.452,0.406,3.444,0.055,0.277,129.57,0.832,0.824,0.06,103.66,16.069,6.856,1.274,1.003,6.11,4.38
8000501-99,Pao de Forma Industrializado de Qualquer Marca,,266,7.64,3.29,50.61,2.4,151,23,0.478,99,3.74,681,100,0.253,0.74,17.3,,,0.455,0.331,4.385,0.084,,171,,0.22,,,0.717,0.681,1.355,0.63,4.31,4.13
8000801-99,Pao de Queijo,,363,5.1,24.6,34.2,0.6,102,8,0.03,94,0.3,773,93,0.01,0.6,,61,,0.04,0.1,,0.04,,,,,,68,,,,,,
8001101-99,Pao de Milho,,316.6,7.2,10.43,47.96,4.38,71,19.82,0.216,373.82,1.86,774.22,126.11,0.062,0.62,8.91,40.59,42.94,0.307,0.296,2.283,0.111,0.315,108.25,0.406,0.265,0.07,62.83,2.96,5.276,1.374,0.833,15.48,12.11
8001401-99,Pao Integral,,247,12.95,3.35,41.29,6.71,107,82,2.14,202,2.43,472,248,0.38,1.8,40.3,,0.17,0.35,0.22,4.71,0.21,,50,,0.51,,,0.75,1.6,0.6,0.6,10.08,6.76
8001501-99,Pao Nao Especificado,,300,8,3.1,58.6,2.3,16,25,0.46,95,1,648,142,0.13,0.8,,3,,0.39,0.67,2.34,0.6,,,,,,,1,0.9,0.7,0.37,,
8001901-99,Torrada de Qualquer Pao,,377,10.5,3.3,74.6,3.4,19,32,0.55,114,1.2,829,189,0.16,0.9,,,,0.38,,,,,,,,,,0.9,0.8,1,0.45,,
8002001-99,Rosca Doce,,423,4.54,20.61,55.53,1.07,66.53,10.54,0.28,75.85,1.62,175.07,74.07,0.06,0.4,13.22,53.61,55.42,0.24,0.22,1.78,0.03,0.15,64.5,0.24,1.1,0.08,31.95,8.06,7.72,2.84,3.55,31.83,31.54
8002002-99,Rosquinha Doce,,443,8.1,12,75.2,2.1,54,37,,166,1.8,352,142,0.17,1,,,,1.01,0.42,3.91,,,,,,,,3.9,3.7,2.2,1.58,36.52,36.53
8002101-99,Rosca Salgada,,245.8,12.83,9.85,25.8,1.18,213.03,19.04,0.242,208.42,1.93,511,143.54,0.085,1.42,19.32,61.99,70.06,0.3,0.335,2.475,0.082,0.752,86.01,0.175,0.303,3.92,47.3,5.241,3.105,0.702,0.196,1.52,0.66
8002106-99,Rosquinha Salgada,,432,10.1,14.4,68.7,2.5,20,40,,148,2.2,854,181,0.18,1.1,,,,0.71,0.13,7.14,0.17,,,,,,,4.4,4.6,2.9,1.8,10.64,10.58
8002201-99,Biscoito Salgado,,432,10.1,14.4,68.7,2.5,20,40,,148,2.2,854,181,0.18,1.1,,,,0.71,0.13,7.14,0.17,,,,,,,4.4,4.6,2.9,1.8,10.64,10.58
8002205-99,Presuntinho Biscoito,,509,8.88,25.4,60.74,2.54,31.34,18.25,0.546,92.97,3.76,833.41,96.79,0.137,0.62,30.22,0.25,0.6,0.633,0.42,4.867,0.043,0.004,173.25,0.001,5.772,0,0.09,5.4,8.852,9.818,0.755,0.32,
8002212-99,Biscoito de Polvilho,,436.7,4.46,29.08,38.37,,18.28,3.56,0.01,60.96,0.57,536.68,45.01,,0.37,10.92,59.54,60.01,0.02,0.18,0.02,0.04,0.39,15.59,0.45,4,,150.27,4.65,19.92,3.17,0.04,0.43,
8002225-99,Bolacha Salgada,,432,10.1,14.4,68.7,2.5,20,40,,148,2.2,854,181,0.18,1.1,,,,0.71,0.13,7.14,0.17,,,,,,,4.4,4.6,2.9,1.8,10.64,10.58
8002227-99,Chips (Salgadinhos),,558.9,5.08,35.25,55.41,2.76,2.47,24.52,0.129,73.5,3.05,601.77,106.52,0.054,0.5,23.7,,7.5,0.43,0.291,3.716,0.139,,85.4,,2.893,,,5.457,7.989,20.145,0.181,1.17,
8002230-99,Baconzitos,,509,8.88,25.4,60.74,2.54,31.34,18.25,0.546,92.97,3.76,833.41,96.79,0.137,0.62,30.22,0.25,0.6,0.633,0.42,4.867,0.043,0.004,173.25,0.001,5.772,0,0.09,5.4,8.852,9.818,0.755,0.32,
8002236-99,Biscoito Salgado Integral,,412.4,11.49,16.07,60.85,10.23,28.91,115.73,3.187,290.12,3.27,643.7,339.73,0.321,2.46,65.93,,0.35,0.375,0.18,5.337,0.286,,36.89,,1.874,,,2.539,3.498,9.025,0.077,0.5,
8002301-99,Biscoito Doce,,443,8.1,12,75.2,2.1,54,37,,166,1.8,352,142,0.17,1,,,,1.01,0.42,3.91,,,,,,,,3.9,3.7,2.2,1.58,36.52,36.53
8002302-99,Cavaco Chines,,443,8.1,12,75.2,2.1,54,37,,166,1.8,352,142,0.17,1,,,,1.01,0.42,3.91,,,,,,,,3.9,3.7,2.2,1.58,36.52,36.53
8002305-99,Sequilho,,443,8.1,12,75.2,2.1,54,37,,166,1.8,352,142,0.17,1,,,,1.01,0.42,3.91,,,,,,,,3.9,3.7,2.2,1.58,36.52,36.53
8002306-99,Tareco,,443,8.1,12,75.2,2.1,54,37,,166,1.8,352,142,0.17,1,,,,1.01,0.42,3.91,,,,,,,,3.9,3.7,2.2,1.58,36.52,36.53
8002309-99,Solda,,432,10.1,14.4,68.7,2.5,20,40,,148,2.2,854,181,0.18,1.1,,,,0.71,0.13,7.14,0.17,,,,,,,4.4,4.6,2.9,1.8,10.64,10.58
8002315-99,Brevidade,,371.2,3.18,14.61,57.71,1.06,29.07,3.74,0.152,45.4,0.38,162.4,39.93,0.024,0.3,7.41,162.63,170.35,0.016,0.128,0.016,0.032,0.279,12.67,0.303,0.71,0.03,100.29,2.738,6.609,4.286,1.908,30.11,29.72
8002334-99,Bolacha Doce,,443,8.1,12,75.2,2.1,54,37,,166,1.8,352,142,0.17,1,,,,1.01,0.42,3.91,,,,,,,,3.9,3.7,2.2,1.58,36.52,36.53
8002335-99,Maria Maluca (Bolacha Doce),,443,8.1,12,75.2,2.1,54,37,,166,1.8,352,142,0.17,1,,,,1.01,0.42,3.91,,,,,,,,3.9,3.7,2.2,1.58,36.52,36.53
8002405-99,Quebra Quebra,,443,8.1,12,75.2,2.1,54,37,,166,1.8,352,142,0.17,1,,,,1.01,0.42,3.91,,,,,,,,3.9,3.7,2.2,1.58,36.52,36.53
8002502-99,Rocambole,,339.3,6.32,26.93,18.55,0.54,45.49,9.84,0.13,93.2,1.18,50.56,92.24,0.038,0.53,15.22,250.49,254.72,0.168,0.284,1.094,0.053,0.413,50.88,0.969,0.982,0.2,194.01,15.901,7.698,1.274,0.908,4.95,3.57
8002503-99,Cuca de Qualquer Tipo,,355.2,5.14,13.08,55.83,2.02,32.49,18.08,0.443,73.44,2.09,194.29,98.68,0.107,0.5,14.37,95.85,97.7,0.307,0.26,2.404,0.036,0.108,89.84,0.382,0.391,0.05,44.09,7.883,3.532,0.66,0.419,26.57,26.19
8002601-99,Bolo de Milho,,311,4.8,12.4,45.1,0.7,83,10,0.11,128,0.7,134,118,0.04,0.4,,57,,0.11,0.05,,,,,,,,82,4.5,3.9,1.5,1.99,8.27,5.68
8002604-99,Amidomil (Bolinho),,311,4.8,12.4,45.1,0.7,83,10,0.11,128,0.7,134,118,0.04,0.4,,57,,0.11,0.05,,,,,,,,82,4.5,3.9,1.5,1.99,8.27,5.68
8002605-99,Angusor de Milho,,311,4.8,12.4,45.1,0.7,83,10,0.11,128,0.7,134,118,0.04,0.4,,57,,0.11,0.05,,,,,,,,82,4.5,3.9,1.5,1.99,8.27,5.68
8002609-99,Grustoli (Bolinho Doce),,421.4,5.55,19.8,55.7,1.21,80.51,11.37,0.281,90.03,1.95,211.11,78.11,0.06,0.44,16,66.35,68.64,0.305,0.266,2.225,0.034,0.176,80.92,0.279,1.276,0.05,40.1,4.574,9.553,3.505,4.472,26.61,26
8002701-99,Bolo de Aipim,,324,4.4,12.7,47.9,0.7,85,10,0.11,122,0.5,111,135,0.05,0.4,,,,0.13,0.07,,,,,,,,73,5,3.9,1.1,1.99,17.62,15.81
8002702-99,Bolo de Tapioca,,324,4.4,12.7,47.9,0.7,85,10,0.11,122,0.5,111,135,0.05,0.4,,,,0.13,0.07,,,,,,,,73,5,3.9,1.1,1.99,17.62,15.81
8002703-99,Bolo de Macaxeira,,324,4.4,12.7,47.9,0.7,85,10,0.11,122,0.5,111,135,0.05,0.4,,,,0.13,0.07,,,,,,,,73,5,3.9,1.1,1.99,17.62,15.81
8002704-99,Bolo de Goma,,324,4.4,12.7,47.9,0.7,85,10,0.11,122,0.5,111,135,0.05,0.4,,,,0.13,0.07,,,,,,,,73,5,3.9,1.1,1.99,17.62,15.81
8002801-99,Bolo de Batata Doce,,324,4.4,12.7,47.9,0.7,85,10,0.11,122,0.5,111,135,0.05,0.4,,,,0.13,0.07,,,,,,,,73,5,3.9,1.1,1.99,17.62,15.81
8002901-99,Bolo de Arroz,,324,4.4,12.7,47.9,0.7,85,10,0.11,122,0.5,111,135,0.05,0.4,,,,0.13,0.07,,,,,,,,73,5,3.9,1.1,1.99,17.62,15.81
8003101-99,Bolo de Cara,,324,4.4,12.7,47.9,0.7,85,10,0.11,122,0.5,111,135,0.05,0.4,,,,0.13,0.07,,,,,,,,73,5,3.9,1.1,1.99,17.62,15.81
8003501-99,Tortas Doces de Qualquer Sabor,,119.7,2.28,5.38,15.56,0.48,51.33,9.4,0.071,51.12,0.4,148.33,81.32,0.043,0.25,4.52,10.54,10.69,0.067,0.101,0.407,0.023,0.166,23.05,0.376,0.064,,3.76,1.787,2.627,0.608,1.063,7.46,5.55
8003601-99,Tortas Salgadas de Qualquer Sabor,,249.5,3.87,9.86,38.4,1.49,17.95,12,0.151,49.97,1.17,161.34,205.7,0.103,0.53,5.38,45.79,47.87,0.113,0.101,1.176,0.086,0.209,22.9,0.144,0.266,3.52,23.27,5.188,3.272,0.428,0.416,27.12,14.31
8003701-99,Sonho,,378.8,6.02,18.25,48.08,1.31,40.16,12.42,0.247,93.1,1.94,132.89,110.06,0.061,0.53,15.74,34.34,34.79,0.317,0.333,2.549,0.056,0.22,104.5,0.389,1,0.05,45.63,4.48,8.555,3.304,3.469,21.09,19.63
8003702-99,Filhos (Bolinho de Farinha de Trigo e Ovos),,421.4,5.55,19.8,55.7,1.21,80.51,11.37,0.281,90.03,1.95,211.11,78.11,0.06,0.44,16,66.35,68.64,0.305,0.266,2.225,0.034,0.176,80.92,0.279,1.276,0.05,40.1,4.574,9.553,3.505,4.472,26.61,26
8003801-99,Bolo de Chocolate,,312.8,8.71,6,58.3,1.76,33.65,29.57,0.3,133.44,2.67,63.07,151.89,0.2,0.93,17.03,82.84,83.52,0.22,0.36,1.51,0.07,0.55,63.48,0.63,0.52,0.75,209.07,1.98,2.22,0.8,,40.39,39.44
8003902-99,Brioche,,366.8,9.04,14.21,49.58,1.8,35.3,16.35,0.38,117.86,2.9,225.41,120.31,0.087,0.71,25.57,43.63,43.95,0.462,0.446,3.522,0.067,0.301,138.3,0.419,0.37,0.03,99.04,4.922,5.538,2.669,1.196,8.24,7.14
8004001-99,Bolo de Laranja,,360.8,4.8,13.15,58.31,2.36,68.71,32.54,0.638,82.73,1.98,102.03,255.24,0.194,0.65,12.46,77.62,80.8,0.24,0.193,1.543,0.104,0.143,54.3,0.27,0.483,5.31,67.72,5.292,4.906,1.905,0.284,34.4,30.76
8004101-99,Bolo de Coco,,317.2,6.33,8.7,54.19,1.2,22.51,15.82,0.48,91.55,1.52,78.47,161.56,0.08,0.73,18.33,54.56,56.31,0.17,0.26,1.14,0.1,0.36,52.64,0.42,0.43,5.26,137.69,5.59,1.56,0.59,,39.36,37.56
8004201-99,Bolo de Cenoura,,344.9,4.17,17.26,44.27,1.61,25.68,9.24,0.249,57.53,1.26,240.28,106.73,0.042,0.36,11.65,150.68,373.35,0.193,0.193,1.442,0.066,0.174,53.14,0.433,0.865,0.94,95.41,10.368,4.592,0.877,0.632,26.61,25.46
8004601-99,Bolo de Trigo,,286.6,6.91,4.24,55.27,0.65,23.76,10.13,0.15,88.97,1.46,47.87,132.31,0.04,0.55,18.6,63.65,65.7,0.19,0.3,1.25,0.07,0.42,60.08,0.48,0.44,6.02,160.65,1.27,1.57,0.62,,39.84,37.88
8004701-99,Broa,,392,9.8,18.3,47.1,1.7,,,,,,,,,,,,,,,,,,,,,,,,,,,,
8004801-99,Biscoito Recheado,,472,6.4,19.6,70.5,3,27,48,,139,2.3,239,232,0.27,1,,,,0.32,0.39,2.52,0.46,,,,,,,6.2,6.6,1.7,4.21,40.62,40.53
8004807-99,Waffer (Biscoito),,430.3,6.25,12.49,74.79,2.25,34.82,23.45,0.47,91.23,2.82,717.78,114.85,0.2,0.7,23.79,2.64,2.68,0.41,0.3,3.07,0.04,0.06,107.14,0.04,0.91,0.03,15.64,2.76,4.67,4.18,1.4,34.84,33.85
8004809-99,Alfajores (Biscoito),,505.2,6.47,22.55,70.85,2.43,68.59,26.03,0.49,102.32,3.09,354.18,119.45,0.17,0.59,21.11,0.12,0.12,0.46,0.31,3.48,0.04,0.02,119.19,,2.15,0.01,0.02,7.63,10.27,3.41,4.85,25.21,24.8
8004810-99,Bolacha Recheada,,472,6.4,19.6,70.5,3,27,48,,139,2.3,239,232,0.27,1,,,,0.32,0.39,2.52,0.46,,,,,,,6.2,6.6,1.7,4.21,40.62,40.53
8004813-99,Rosca Recheada,,620.2,5.57,26.28,98.06,3.22,53.67,56.23,0.653,112.99,3.25,151.83,182.93,0.439,1.37,12.72,137.6,140.12,0.211,0.206,1.57,0.031,0.133,56.48,0.554,0.616,,78.21,15.888,7.551,1.117,0.597,74.97,75.63
8004814-99,Rosquinha Recheada de Qualquer Sabor,,472,6.4,19.6,70.5,3,27,48,,139,2.3,239,232,0.27,1,,,,0.32,0.39,2.52,0.46,,,,,,,6.2,6.6,1.7,4.21,40.62,40.53
8005201-99,Biscoito Não Especificado,,432,10.1,14.4,68.7,2.5,20,40,,148,2.2,854,181,0.18,1.1,,,,0.71,0.13,7.14,0.17,,,,,,,4.4,4.6,2.9,1.8,10.64,10.58
8006101-99,Crepe,,203.2,13.96,12.46,8.27,0.66,91.91,21.82,0.134,163,1.54,332.45,198.64,0.089,2.7,13.68,60.54,67.25,0.093,0.242,2.426,0.148,1.093,24.13,0.573,1.017,0.78,77.23,4.803,5.142,1.258,0.764,1.75,
8006501-99,Pao Diet (de Forma Industrializado),,198,9.1,2.3,43.6,12,80,39,0.853,102,2.96,511,122,0.137,1.12,30.4,,,0.422,0.295,3.885,0.126,,135,,0.24,0.1,,0.344,0.252,0.969,,4.11,3.82
8006601-99,Pao Light (de Forma Industrializado),,198,9.1,2.3,43.6,12,80,39,0.853,102,2.96,511,122,0.137,1.12,30.4,,,0.422,0.295,3.885,0.126,,135,,0.24,0.1,,0.344,0.252,0.969,,4.11,3.82
8006701-99,Pao de Queijo Light,,363,5.1,24.6,34.2,0.6,102,8,0.03,94,0.3,773,93,0.01,0.6,,61,,0.04,0.1,,0.04,,,,,,68,,,,,,
8006801-99,Pao Integral Light,,198,9.1,2.3,43.6,12,80,39,0.853,102,2.96,511,122,0.137,1.12,30.4,,,0.422,0.295,3.885,0.126,,135,,0.24,0.1,,0.344,0.252,0.969,,4.11,3.82
8007001-99,Tortas Doces de Qualquer Sabor Light,,121.8,2.29,5.39,16.06,0.5,51.45,9.66,0.074,51.53,0.41,236.66,82.69,0.045,0.26,4.53,10.54,10.69,0.067,0.101,0.409,0.023,0.166,23.07,0.376,0.064,,3.76,1.791,2.63,0.61,1.063,7.84,5.92
8007101-99,Tortas Doces de Qualquer Sabor Diet,,99.2,2.25,5.3,10.66,0.37,52.43,8.34,0.062,49.79,0.52,141.82,108.17,0.039,0.21,4.43,10.54,10.69,0.067,0.099,0.4,0.023,0.166,22.98,0.376,0.059,,3.76,1.748,2.621,0.583,1.063,2.31,0.22
8007302-99,Filhos (Bolinho de Farinha de Trigo e Ovos) Light,,426.5,6.44,22.95,48.69,1.4,93.2,13.18,0.325,104.4,2.26,244.63,90.26,0.07,0.51,18.45,76.94,79.59,0.354,0.306,2.58,0.039,0.204,93.83,0.323,1.479,0.05,46.5,5.301,11.072,4.057,5.186,15.48,14.25
8007402-99,Filhos (Bolinho de Farinha de Trigo e Ovos) Diet,,426.5,6.44,22.95,48.69,1.4,93.2,13.18,0.325,104.4,2.26,244.63,90.26,0.07,0.51,18.45,76.94,79.59,0.354,0.306,2.58,0.039,0.204,93.83,0.323,1.479,0.05,46.5,5.301,11.072,4.057,5.186,15.48,14.25
8007501-99,Bolo de Chocolate Light,,299.5,4.59,9.36,52.45,2,43.44,32.2,0.487,82.61,2.59,150.69,103.85,0.292,1.02,11.53,49.04,62,0.199,0.177,1.476,0.024,0.111,53.41,0.188,0.256,,49.83,5.441,2.711,0.5,0.164,32.49,32.25
8007601-99,Bolo de Chocolate Diet,,299.5,4.59,9.36,52.45,2,43.44,32.2,0.487,82.61,2.59,150.69,103.85,0.292,1.02,11.53,49.04,62,0.199,0.177,1.476,0.024,0.111,53.41,0.188,0.256,,49.83,5.441,2.711,0.5,0.164,32.49,32.25
8007701-99,Bolo de Laranja Light,,328.4,4.76,9.48,58.31,2.36,67.71,32.47,0.638,81.64,1.98,104.21,254.15,0.194,0.65,12.41,47.25,59.93,0.24,0.191,1.541,0.104,0.136,54.17,0.206,0.378,5.31,57.98,2.967,3.955,1.768,0.136,34.4,30.76
8008001-99,Bolo de Coco Diet,,299.5,4.59,9.36,52.45,2,43.44,32.2,0.487,82.61,2.59,150.69,103.85,0.292,1.02,11.53,49.04,62,0.199,0.177,1.476,0.024,0.111,53.41,0.188,0.256,,49.83,5.441,2.711,0.5,0.164,32.49,32.25
8008201-99,Bolo de Cenoura Diet,,272.7,4.08,9.1,44.26,1.61,23.47,9.09,0.249,55.11,1.26,245.13,104.31,0.04,0.35,11.55,83.19,326.97,0.193,0.19,1.438,0.065,0.157,52.84,0.292,0.631,0.94,73.79,5.202,2.478,0.571,0.302,26.6,25.46
8008301-99,Biscoito Recheado Light,,433,5.88,13.24,77.8,4.24,18.24,54.3,0.622,109.86,3.11,558.19,182.37,0.404,0.9,14.99,,,0.318,0.225,2.536,0.028,,83.64,,1.97,,,4.085,6.268,2.375,0.052,41.18,41.04
8008305-99,Biscoito Waffer Light,,398.6,4.51,6.92,80.66,1.31,18.59,10.59,0.3,54.05,2.01,379.36,59.81,0.09,0.35,18.01,0.1,0.1,0.341,0.233,2.545,0.022,0.014,87.91,,0.552,0.01,0.02,1.037,2.833,2.622,0.932,47.65,47.43
8008307-99,Waffer (Biscoito) Light,,398.6,4.51,6.92,80.66,1.31,18.59,10.59,0.3,54.05,2.01,379.36,59.81,0.09,0.35,18.01,0.1,0.1,0.341,0.233,2.545,0.022,0.014,87.91,,0.552,0.01,0.02,1.037,2.833,2.622,0.932,47.65,47.43
8008309-99,Alfajores (Biscoito) Light,,433,5.88,13.24,77.8,4.24,18.24,54.3,0.622,109.86,3.11,558.19,182.37,0.404,0.9,14.99,,,0.318,0.225,2.536,0.028,,83.64,,1.97,,,4.085,6.268,2.375,0.052,41.18,41.04
8008310-99,Bolacha Recheada Light,,433,5.88,13.24,77.8,4.24,18.24,54.3,0.622,109.86,3.11,558.19,182.37,0.404,0.9,14.99,,,0.318,0.225,2.536,0.028,,83.64,,1.97,,,4.085,6.268,2.375,0.052,41.18,41.04
8008401-99,Biscoito Recheado Diet,,405.3,8.17,20.83,66.82,3.67,49.3,32.86,0.384,83.8,2.07,459.74,110.47,0.247,0.63,9.21,0.51,0.51,0.197,0.144,1.541,0.021,0.015,51.29,,3.371,0.01,0.09,2.174,12.398,5.726,0.075,5.54,0.55
8008408-99,Rosquinha Recheada de Qualquer Sabor Diet,,405.3,8.17,20.83,66.82,3.67,49.3,32.86,0.384,83.8,2.07,459.74,110.47,0.247,0.63,9.21,0.51,0.51,0.197,0.144,1.541,0.021,0.015,51.29,,3.371,0.01,0.09,2.174,12.398,5.726,0.075,5.54,0.55
8008410-99,Bolacha Recheada Diet,,405.3,8.17,20.83,66.82,3.67,49.3,32.86,0.384,83.8,2.07,459.74,110.47,0.247,0.63,9.21,0.51,0.51,0.197,0.144,1.541,0.021,0.015,51.29,,3.371,0.01,0.09,2.174,12.398,5.726,0.075,5.54,0.55
8010001-99,Pao Doce Diet,,312.3,4.83,6.92,57.97,1.64,29.48,10.75,0.393,63.81,1.89,197.85,74.97,0.062,0.39,14.09,60.64,79.58,0.303,0.254,2.377,0.034,0.099,88.86,0.253,0.252,0.05,32.81,4.06,1.797,0.442,0.247,29.12,28.98
8010029-99,Pao de Mel Diet,,446.2,4.38,11.31,85.03,1.85,88.07,106.86,0.936,71.59,3.54,157.52,598.77,0.31,0.6,18.74,61.86,82.36,0.26,0.195,2.161,0.258,0.07,65.24,0.293,0.329,0.02,38.8,6.651,3.241,0.595,0.26,52.87,60.4
8010034-99,Panetone Diet,,355.9,7.45,10.43,58.03,2.14,19.44,15.99,0.388,96.56,2.85,210.02,139.79,0.104,0.58,25.5,19.86,20.09,0.446,0.386,3.545,0.064,0.131,136.82,0.151,0.865,0.34,50.12,1.821,2.516,5.344,0.046,15.77,13.03
8010101-99,Biscoito Salgado Light,,452.6,9.67,13.79,72.45,3.45,46.22,40.7,1.781,174.41,4,899.27,170.85,0.187,1.7,37.57,,0.5,0.737,0.408,5.002,0.168,,171.47,,3.151,,,2.173,2.962,7.89,0.065,10.29,11.37
8010125-99,Bolacha Salgada Light,,452.6,9.67,13.79,72.45,3.45,46.22,40.7,1.781,174.41,4,899.27,170.85,0.187,1.7,37.57,,0.5,0.737,0.408,5.002,0.168,,171.47,,3.151,,,2.173,2.962,7.89,0.065,10.29,11.37
8010127-99,Chips (Salgadinhos) Light,,407,6.53,7.05,81.13,5.64,32.98,77.83,0.892,194.53,0.87,634.57,558.43,0.081,0.72,24.59,,0.46,0.36,0.202,3.783,0.684,,31.76,,0.756,29.38,,1.146,1.517,4.011,0.035,8.11,6.62
8010401-99,Biscoito Doce Light,,395.3,6.45,4.84,83.88,3.7,19.33,44.76,1.114,113.01,2.56,546.4,170.02,0.149,0.9,27.57,,0.09,0.36,0.22,3.389,0.11,,77.45,,0.532,0.02,,1.137,2.592,0.691,1.401,41.49,42.61
8010434-99,Bolacha Doce Light,,395.3,6.45,4.84,83.88,3.7,19.33,44.76,1.114,113.01,2.56,546.4,170.02,0.149,0.9,27.57,,0.09,0.36,0.22,3.389,0.11,,77.45,,0.532,0.02,,1.137,2.592,0.691,1.401,41.49,42.61
8010501-99,Biscoito Doce Diet,,453.9,6.22,21.89,65.74,2.95,51.03,24.91,0.845,103.69,2.75,407.53,91.9,0.111,0.71,18.95,0.03,0.17,0.416,0.249,2.905,0.032,,99.36,,1.773,0.04,0.09,5.324,12.947,2.363,7.085,3.99,
8010534-99,Bolacha Doce Diet,,453.9,6.22,21.89,65.74,2.95,51.03,24.91,0.845,103.69,2.75,407.53,91.9,0.111,0.71,18.95,0.03,0.17,0.416,0.249,2.905,0.032,,99.36,,1.773,0.04,0.09,5.324,12.947,2.363,7.085,3.99,
8010601-99,Bolo de Banana,,300.1,3.93,9.07,52.14,1.66,29.47,16.89,0.253,57.18,1.21,218.07,184.18,0.064,0.33,10.53,79.01,81.64,0.186,0.193,1.522,0.165,0.122,55.22,0.243,0.376,3.44,56.72,5.314,2.408,0.53,0.316,31.79,26.64
8100101-2,"Carne Seca, cozido(a)",,313,26.9,21.9,,,13,12,0.02,82,1.9,1943,86,0.03,7.7,,,,,0.06,,,,,,,,100,10.5,8.3,0.4,0.93,,
8100101-3,"Carne Seca, grelhado(a)/brasa/churrasco",,313,26.9,21.9,,,13,12,0.02,82,1.9,1943,86,0.03,7.7,,,,,0.06,,,,,,,,100,10.5,8.3,0.4,0.93,,
8100101-4,"Carne Seca, assado(a)",,313,26.9,21.9,,,13,12,0.02,82,1.9,1943,86,0.03,7.7,,,,,0.06,,,,,,,,100,10.5,8.3,0.4,0.93,,
8100101-5,"Carne Seca, frito(a)",,347,25.29,26.56,,,12.22,11.28,0.019,77.08,1.79,1826.42,80.84,0.028,7.24,2.74,,,,0.056,,,,,,0.488,,94,10.804,9.162,3.824,0.032,,
8100101-7,"Carne Seca, refogado(a)",,347,25.29,26.56,,,12.22,11.28,0.019,77.08,1.79,1826.42,80.84,0.028,7.24,2.74,,,,0.056,,,,,,0.488,,94,10.804,9.162,3.824,0.032,,
8100101-8,"Carne Seca, molho vermelho",,255.2,21.78,17.56,1.08,0.3,13,12.8,0.038,70.8,1.72,1659.2,135,0.048,6.2,0.04,,3.48,0.004,0.062,0.196,0.02,,2.2,,0.284,1.4,80,8.406,6.646,0.334,,0.85,
8100101-13,"Carne Seca, ensopado",,347,25.29,26.56,,,12.22,11.28,0.019,77.08,1.79,1826.42,80.84,0.028,7.24,2.74,,,,0.056,,,,,,0.488,,94,10.804,9.162,3.824,0.032,,
8100102-1,"Carne de Charque, cru(a)",,313,26.9,21.9,,,13,12,0.02,82,1.9,1943,86,0.03,7.7,,,,,0.06,,,,,,,,100,10.5,8.3,0.4,0.93,,
8100102-2,"Carne de Charque, cozido(a)",,313,26.9,21.9,,,13,12,0.02,82,1.9,1943,86,0.03,7.7,,,,,0.06,,,,,,,,100,10.5,8.3,0.4,0.93,,
8100102-3,"Carne de Charque, grelhado(a)/brasa/churrasco",,313,26.9,21.9,,,13,12,0.02,82,1.9,1943,86,0.03,7.7,,,,,0.06,,,,,,,,100,10.5,8.3,0.4,0.93,,
8100102-4,"Carne de Charque, assado(a)",,313,26.9,21.9,,,13,12,0.02,82,1.9,1943,86,0.03,7.7,,,,,0.06,,,,,,,,100,10.5,8.3,0.4,0.93,,
8100102-5,"Carne de Charque, frito(a)",,347,25.29,26.56,,,12.22,11.28,0.019,77.08,1.79,1826.42,80.84,0.028,7.24,2.74,,,,0.056,,,,,,0.488,,94,10.804,9.162,3.824,0.032,,
8100102-7,"Carne de Charque, refogado(a)",,347,25.29,26.56,,,12.22,11.28,0.019,77.08,1.79,1826.42,80.84,0.028,7.24,2.74,,,,0.056,,,,,,0.488,,94,10.804,9.162,3.824,0.032,,
8100102-8,"Carne de Charque, molho vermelho",,255.2,21.78,17.56,1.08,0.3,13,12.8,0.038,70.8,1.72,1659.2,135,0.048,6.2,0.04,,3.48,0.004,0.062,0.196,0.02,,2.2,,0.284,1.4,80,8.406,6.646,0.334,,0.85,
8100102-13,"Carne de Charque, ensopado",,347,25.29,26.56,,,12.22,11.28,0.019,77.08,1.79,1826.42,80.84,0.028,7.24,2.74,,,,0.056,,,,,,0.488,,94,10.804,9.162,3.824,0.032,,
8100103-2,"Jaba, cozido(a)",,313,26.9,21.9,,,13,12,0.02,82,1.9,1943,86,0.03,7.7,,,,,0.06,,,,,,,,100,10.5,8.3,0.4,0.93,,
8100103-5,"Jaba, frito(a)",,347,25.29,26.56,,,12.22,11.28,0.019,77.08,1.79,1826.42,80.84,0.028,7.24,2.74,,,,0.056,,,,,,0.488,,94,10.804,9.162,3.824,0.032,,
8100103-7,"Jaba, refogado(a)",,347,25.29,26.56,,,12.22,11.28,0.019,77.08,1.79,1826.42,80.84,0.028,7.24,2.74,,,,0.056,,,,,,0.488,,94,10.804,9.162,3.824,0.032,,
8100103-99,Jaba,,313,26.9,21.9,,,13,12,0.02,82,1.9,1943,86,0.03,7.7,,,,,0.06,,,,,,,,100,10.5,8.3,0.4,0.93,,
8100201-1,"Carne de Sol, cru(a)",,313,26.9,21.9,,,13,12,0.02,82,1.9,1943,86,0.03,7.7,,,,,0.06,,,,,,,,100,10.5,8.3,0.4,0.93,,
8100201-2,"Carne de Sol, cozido(a)",,313,26.9,21.9,,,13,12,0.02,82,1.9,1943,86,0.03,7.7,,,,,0.06,,,,,,,,100,10.5,8.3,0.4,0.93,,
8100201-3,"Carne de Sol, grelhado(a)/brasa/churrasco",,313,26.9,21.9,,,13,12,0.02,82,1.9,1943,86,0.03,7.7,,,,,0.06,,,,,,,,100,10.5,8.3,0.4,0.93,,
8100201-4,"Carne de Sol, assado(a)",,313,26.9,21.9,,,13,12,0.02,82,1.9,1943,86,0.03,7.7,,,,,0.06,,,,,,,,100,10.5,8.3,0.4,0.93,,
8100201-5,"Carne de Sol, frito(a)",,347,25.29,26.56,,,12.22,11.28,0.019,77.08,1.79,1826.42,80.84,0.028,7.24,2.74,,,,0.056,,,,,,0.488,,94,10.804,9.162,3.824,0.032,,
8100201-13,"Carne de Sol, ensopado",,347,25.29,26.56,,,12.22,11.28,0.019,77.08,1.79,1826.42,80.84,0.028,7.24,2.74,,,,0.056,,,,,,0.488,,94,10.804,9.162,3.824,0.032,,
8100202-2,"Carne do Sertao, cozido(a)",,313,26.9,21.9,,,13,12,0.02,82,1.9,1943,86,0.03,7.7,,,,,0.06,,,,,,,,100,10.5,8.3,0.4,0.93,,
8100202-4,"Carne do Sertao, assado(a)",,313,26.9,21.9,,,13,12,0.02,82,1.9,1943,86,0.03,7.7,,,,,0.06,,,,,,,,100,10.5,8.3,0.4,0.93,,
8100202-5,"Carne do Sertao, frito(a)",,347,25.29,26.56,,,12.22,11.28,0.019,77.08,1.79,1826.42,80.84,0.028,7.24,2.74,,,,0.056,,,,,,0.488,,94,10.804,9.162,3.824,0.032,,
8100502-1,"Hamburguer de Carne Bovina, cru(a)",,214,26.62,11.1,,,13,21,0.01,193,2.89,61,300,0.078,6.65,21.6,,,0.037,0.172,5.228,0.348,2.5,6,0.45,0.41,,86,4.379,4.676,0.398,0.692,,
8100502-2,"Hamburguer de Carne Bovina, cozido(a)",,214,26.62,11.1,,,13,21,0.01,193,2.89,61,300,0.078,6.65,21.6,,,0.037,0.172,5.228,0.348,2.5,6,0.45,0.41,,86,4.379,4.676,0.398,0.692,,
8100502-3,"Hamburguer de Carne Bovina, grelhado(a)/brasa/churrasco",,214,26.62,11.1,,,13,21,0.01,193,2.89,61,300,0.078,6.65,21.6,,,0.037,0.172,5.228,0.348,2.5,6,0.45,0.41,,86,4.379,4.676,0.398,0.692,,
8100502-4,"Hamburguer de Carne Bovina, assado(a)",,214,26.62,11.1,,,13,21,0.01,193,2.89,61,300,0.078,6.65,21.6,,,0.037,0.172,5.228,0.348,2.5,6,0.45,0.41,,86,4.379,4.676,0.398,0.692,,
8100502-5,"Hamburguer de Carne Bovina, frito(a)",,236.7,26.62,13.66,,,13,21,0.01,193,2.89,61,300,0.078,6.65,22.77,,,0.037,0.172,5.228,0.348,2.5,6,0.45,0.62,,86,4.78,5.26,1.878,0.706,,
8100502-8,"Hamburguer de Carne Bovina, molho vermelho",,176,21.56,8.92,1.08,0.3,13,20,0.029,159.6,2.52,153.6,306.2,0.086,5.36,17.32,,3.48,0.034,0.151,4.377,0.298,2,7,0.36,0.612,1.4,68.8,3.508,3.746,0.333,0.554,0.85,
8100502-99,Hamburguer de Carne Bovina,,214,26.62,11.1,,,13,21,0.01,193,2.89,61,300,0.078,6.65,21.6,,,0.037,0.172,5.228,0.348,2.5,6,0.45,0.41,,86,4.379,4.676,0.398,0.692,,
8100802-99,Copa de Porco Defumada,,248.7,20.53,17.76,0.42,,8,17,0.029,243,1.37,941,357,0.13,2.5,37.08,,,0.82,0.26,5.3,0.3,1.06,5,0.796,0.49,,62,5.441,7.654,3.26,0.056,,
8101005-99,Bacon,,541,37.04,41.78,1.43,,11,33,0.022,533,1.44,2310,565,0.164,3.5,62,11,11,0.404,0.264,11.099,0.349,1.23,2,0.7,0.31,,110,13.739,18.52,4.548,0.31,0.59,1.43
8101101-2,"Hamburguer de Frango, cozido(a)",,206.1,16.19,9.71,12.64,0.61,71.17,20.85,0.133,146.93,1.26,121.92,197.35,0.068,1.29,15.53,18.68,19.74,0.179,0.218,5.109,0.244,0.361,31,0.59,0.196,0.6,44.34,2.925,3.631,2.226,0.925,2.85,1.1
8101101-3,"Hamburguer de Frango, grelhado(a)/brasa/churrasco",,206.1,16.19,9.71,12.64,0.61,71.17,20.85,0.133,146.93,1.26,121.92,197.35,0.068,1.29,15.53,18.68,19.74,0.179,0.218,5.109,0.244,0.361,31,0.59,0.196,0.6,44.34,2.925,3.631,2.226,0.925,2.85,1.1
8101101-4,"Hamburguer de Frango, assado(a)",,206.1,16.19,9.71,12.64,0.61,71.17,20.85,0.133,146.93,1.26,121.92,197.35,0.068,1.29,15.53,18.68,19.74,0.179,0.218,5.109,0.244,0.361,31,0.59,0.196,0.6,44.34,2.925,3.631,2.226,0.925,2.85,1.1
8101101-5,"Hamburguer de Frango, frito(a)",,266.7,16.19,16.55,12.64,0.61,71.17,20.85,0.133,146.93,1.26,121.92,197.35,0.068,1.29,18.67,18.68,19.74,0.179,0.218,5.109,0.244,0.361,31,0.59,0.756,0.6,44.34,3.997,5.191,6.18,0.961,2.85,1.1
8101101-6,"Hamburguer de Frango, empanado(a)/a milanesa",,266.7,16.19,16.55,12.64,0.61,71.17,20.85,0.133,146.93,1.26,121.92,197.35,0.068,1.29,18.67,18.68,19.74,0.179,0.218,5.109,0.244,0.361,31,0.59,0.756,0.6,44.34,3.997,5.191,6.18,0.961,2.85,1.1
8101101-99,Hamburguer de Frango,,206.1,16.19,9.71,12.64,0.61,71.17,20.85,0.133,146.93,1.26,121.92,197.35,0.068,1.29,15.53,18.68,19.74,0.179,0.218,5.109,0.244,0.361,31,0.59,0.196,0.6,44.34,2.925,3.631,2.226,0.925,2.85,1.1
8102101-1,"Salsicha No Varejo, cru(a)",,321.1,9.72,29.51,3.6,,16.49,8.28,0.008,78.67,0.81,1174.71,108.81,0.045,1.34,9.92,12.99,12.99,0.084,0.093,2.134,0.135,0.597,1.62,0.317,0.139,,52.95,10.863,12.599,2.976,0.802,3.15,3.6
8102101-2,"Salsicha No Varejo, cozido(a)",,321.1,9.72,29.51,3.6,,16.49,8.28,0.008,78.67,0.81,1174.71,108.81,0.045,1.34,9.92,12.99,12.99,0.084,0.093,2.134,0.135,0.597,1.62,0.317,0.139,,52.95,10.863,12.599,2.976,0.802,3.15,3.6
8102101-3,"Salsicha No Varejo, grelhado(a)/brasa/churrasco",,321.1,9.72,29.51,3.6,,16.49,8.28,0.008,78.67,0.81,1174.71,108.81,0.045,1.34,9.92,12.99,12.99,0.084,0.093,2.134,0.135,0.597,1.62,0.317,0.139,,52.95,10.863,12.599,2.976,0.802,3.15,3.6
8102101-4,"Salsicha No Varejo, assado(a)",,321.1,9.72,29.51,3.6,,16.49,8.28,0.008,78.67,0.81,1174.71,108.81,0.045,1.34,9.92,12.99,12.99,0.084,0.093,2.134,0.135,0.597,1.62,0.317,0.139,,52.95,10.863,12.599,2.976,0.802,3.15,3.6
8102101-5,"Salsicha No Varejo, frito(a)",,321.1,9.72,29.51,3.6,,16.49,8.28,0.008,78.67,0.81,1174.71,108.81,0.045,1.34,9.92,12.99,12.99,0.084,0.093,2.134,0.135,0.597,1.62,0.317,0.139,,52.95,10.863,12.599,2.976,0.802,3.15,3.6
8102101-7,"Salsicha No Varejo, refogado(a)",,321.1,9.72,29.51,3.6,,16.49,8.28,0.008,78.67,0.81,1174.71,108.81,0.045,1.34,9.92,12.99,12.99,0.084,0.093,2.134,0.135,0.597,1.62,0.317,0.139,,52.95,10.863,12.599,2.976,0.802,3.15,3.6
8102101-8,"Salsicha No Varejo, molho vermelho",,289.4,8.55,26.09,4.74,0.04,36.07,8.94,0.017,82.63,0.71,960.69,117.1,0.04,1.16,9.1,31.09,31.47,0.086,0.117,1.803,0.116,0.567,4.89,0.481,0.177,0,49.19,10.223,10.716,2.494,0.738,3.56,2.88
8102101-9,"Salsicha No Varejo, molho branco",,321.6,11.3,29.04,3.24,0.3,10.6,12.8,0.051,90.8,1.11,748.8,217.4,0.055,1.54,11.56,,3.48,0.29,0.131,2.889,0.059,0.344,3.8,0.56,0.46,1.4,56.8,10.373,13.749,3.135,2.016,1.92,2.16
8102101-10,"Salsicha No Varejo, ao alho e oleo",,321.1,9.72,29.51,3.6,,16.49,8.28,0.008,78.67,0.81,1174.71,108.81,0.045,1.34,9.92,12.99,12.99,0.084,0.093,2.134,0.135,0.597,1.62,0.317,0.139,,52.95,10.863,12.599,2.976,0.802,3.15,3.6
8102101-11,"Salsicha No Varejo, com manteiga/oleo",,321.1,9.72,29.51,3.6,,16.49,8.28,0.008,78.67,0.81,1174.71,108.81,0.045,1.34,9.92,12.99,12.99,0.084,0.093,2.134,0.135,0.597,1.62,0.317,0.139,,52.95,10.863,12.599,2.976,0.802,3.15,3.6
8102101-13,"Salsicha No Varejo, ensopado",,321.1,9.72,29.51,3.6,,16.49,8.28,0.008,78.67,0.81,1174.71,108.81,0.045,1.34,9.92,12.99,12.99,0.084,0.093,2.134,0.135,0.597,1.62,0.317,0.139,,52.95,10.863,12.599,2.976,0.802,3.15,3.6
8102101-99,Salsicha No Varejo,,321.1,9.72,29.51,3.6,,16.49,8.28,0.008,78.67,0.81,1174.71,108.81,0.045,1.34,9.92,12.99,12.99,0.084,0.093,2.134,0.135,0.597,1.62,0.317,0.139,,52.95,10.863,12.599,2.976,0.802,3.15,3.6
8102204-1,"Linguica (Suína, Bovina, Mista, Etc), cru(a)",,396,13.8,36.25,2.7,,10,12,0.037,107,1.13,805,189,0.04,1.87,14.4,,,0.357,0.147,3.367,0.05,0.43,2,0.7,0.22,,71,12.96,17.18,3.9,2.52,1.34,2.7
8102204-2,"Linguica (Suína, Bovina, Mista, Etc), cozido(a)",,396,13.8,36.25,2.7,,10,12,0.037,107,1.13,805,189,0.04,1.87,14.4,,,0.357,0.147,3.367,0.05,0.43,2,0.7,0.22,,71,12.96,17.18,3.9,2.52,1.34,2.7
8102204-3,"Linguica (Suína, Bovina, Mista, Etc), grelhado(a)/brasa/churrasco",,396,13.8,36.25,2.7,,10,12,0.037,107,1.13,805,189,0.04,1.87,14.4,,,0.357,0.147,3.367,0.05,0.43,2,0.7,0.22,,71,12.96,17.18,3.9,2.52,1.34,2.7
8102204-4,"Linguica (Suína, Bovina, Mista, Etc), assado(a)",,396,13.8,36.25,2.7,,10,12,0.037,107,1.13,805,189,0.04,1.87,14.4,,,0.357,0.147,3.367,0.05,0.43,2,0.7,0.22,,71,12.96,17.18,3.9,2.52,1.34,2.7
8102204-5,"Linguica (Suína, Bovina, Mista, Etc), frito(a)",,396,13.8,36.25,2.7,,10,12,0.037,107,1.13,805,189,0.04,1.87,14.4,,,0.357,0.147,3.367,0.05,0.43,2,0.7,0.22,,71,12.96,17.18,3.9,2.52,1.34,2.7
8102204-6,"Linguica (Suína, Bovina, Mista, Etc), empanado(a)/a milanesa",,396,13.8,36.25,2.7,,10,12,0.037,107,1.13,805,189,0.04,1.87,14.4,,,0.357,0.147,3.367,0.05,0.43,2,0.7,0.22,,71,12.96,17.18,3.9,2.52,1.34,2.7
8102204-7,"Linguica (Suína, Bovina, Mista, Etc), refogado(a)",,396,13.8,36.25,2.7,,10,12,0.037,107,1.13,805,189,0.04,1.87,14.4,,,0.357,0.147,3.367,0.05,0.43,2,0.7,0.22,,71,12.96,17.18,3.9,2.52,1.34,2.7
8102204-8,"Linguica (Suína, Bovina, Mista, Etc), molho vermelho",,321.6,11.3,29.04,3.24,0.3,10.6,12.8,0.051,90.8,1.11,748.8,217.4,0.055,1.54,11.56,,3.48,0.29,0.131,2.889,0.059,0.344,3.8,0.56,0.46,1.4,56.8,10.373,13.749,3.135,2.016,1.92,2.16
8102204-11,"Linguica (Suína, Bovina, Mista, Etc), com manteiga/oleo",,396,13.8,36.25,2.7,,10,12,0.037,107,1.13,805,189,0.04,1.87,14.4,,,0.357,0.147,3.367,0.05,0.43,2,0.7,0.22,,71,12.96,17.18,3.9,2.52,1.34,2.7
8102204-13,"Linguica (Suína, Bovina, Mista, Etc), ensopado",,396,13.8,36.25,2.7,,10,12,0.037,107,1.13,805,189,0.04,1.87,14.4,,,0.357,0.147,3.367,0.05,0.43,2,0.7,0.22,,71,12.96,17.18,3.9,2.52,1.34,2.7
8102204-99,"Linguica (Suína, Bovina, Mista, Etc)",,396,13.8,36.25,2.7,,10,12,0.037,107,1.13,805,189,0.04,1.87,14.4,,,0.357,0.147,3.367,0.05,0.43,2,0.7,0.22,,71,12.96,17.18,3.9,2.52,1.34,2.7
8102207-1,"Linguica de Frango, cru(a)",,244,18.2,18.4,,,14,21,0.1,228,0.7,1351,356,0.09,1,,,,0.12,0.04,5.97,,,,,,,80,4.7,6.8,3.4,,,
8102207-2,"Linguica de Frango, cozido(a)",,244,18.2,18.4,,,14,21,0.1,228,0.7,1351,356,0.09,1,,,,0.12,0.04,5.97,,,,,,,80,4.7,6.8,3.4,,,
8102207-3,"Linguica de Frango, grelhado(a)/brasa/churrasco",,244,18.2,18.4,,,14,21,0.1,228,0.7,1351,356,0.09,1,,,,0.12,0.04,5.97,,,,,,,80,4.7,6.8,3.4,,,
8102207-4,"Linguica de Frango, assado(a)",,244,18.2,18.4,,,14,21,0.1,228,0.7,1351,356,0.09,1,,,,0.12,0.04,5.97,,,,,,,80,4.7,6.8,3.4,,,
8102207-5,"Linguica de Frango, frito(a)",,245,18.3,18.5,,,15,29,0.1,262,0.8,1374,364,0.04,1.2,,,,0.11,0.05,5.67,,,,,,,76,5,7.2,4.3,,,
8102401-99,Chourico,,379,14.6,34.5,1.29,,6,8,0.01,22,6.4,680,38,0.04,1.3,15.5,,,0.07,0.13,1.2,0.04,1,5,0.253,0.13,,120,13.4,15.9,3.46,0.081,1.31,1.1
8102402-99,Morcela,,379,14.6,34.5,1.29,,6,8,0.01,22,6.4,680,38,0.04,1.3,15.5,,,0.07,0.13,1.2,0.04,1,5,0.253,0.13,,120,13.4,15.9,3.46,0.081,1.31,1.1
8102403-1,"Morcilha, cru(a)",,379,14.6,34.5,1.29,,6,8,0.01,22,6.4,680,38,0.04,1.3,15.5,,,0.07,0.13,1.2,0.04,1,5,0.253,0.13,,120,13.4,15.9,3.46,0.081,1.31,1.1
8102403-2,"Morcilha, cozido(a)",,379,14.6,34.5,1.29,,6,8,0.01,22,6.4,680,38,0.04,1.3,15.5,,,0.07,0.13,1.2,0.04,1,5,0.253,0.13,,120,13.4,15.9,3.46,0.081,1.31,1.1
8102501-2,"Paio, cozido(a)",,339,19.43,28.36,,,13,17,0.005,163,1.36,749,294,0.086,2.08,,12,12,0.294,0.197,6.258,0.327,1.18,3,,0.55,0.7,84,9.131,12.376,3.727,0.11,0.14,
8102601-99,Mortadela,,307,11.1,27.7,3.2,,11,11,0.021,98,0.66,930,199,0.06,1.66,13.5,,,0.342,0.14,2.734,0.17,1.18,2,1.1,0.57,,60,10.21,12.81,2.92,0.802,2.54,2.71
8102701-99,Salame,,336,21.85,25.9,2.4,,15,19,0.978,191,1.56,1449,316,0.357,2.93,31.3,,,0.367,0.357,6.053,0.459,1.52,3,0.719,0.22,,89,9.316,11.127,2.529,0.586,0.96,0.95
8102702-99,Salaminho,,336,21.85,25.9,2.4,,15,19,0.978,191,1.56,1449,316,0.357,2.93,31.3,,,0.367,0.357,6.053,0.459,1.52,3,0.719,0.22,,89,9.316,11.127,2.529,0.586,0.96,0.95
8102801-99,Blanquet de Peru,,126,17.5,4.84,2.04,0.2,8,22,0.02,294,2.34,1114,287,0.25,2.59,32.2,7,7,0.03,0.149,2.118,0.209,0.23,7,0.185,0.64,8.9,72,1.526,1.902,1.319,0.107,2.04,2.04
8102901-99,Presunto,,226,20.53,15.2,0.42,,8,17,0.029,243,1.37,941,357,0.13,2.5,35.9,,,0.82,0.26,5.3,0.3,1.06,5,0.796,0.28,,62,5.04,7.07,1.78,0.042,,
8103001-2,"Hamburguer de Peru, cozido(a)",,196,16.61,8.35,12.64,0.61,73.66,21.07,0.133,151.9,1.5,118.3,198.94,0.099,1.55,20.35,15.63,16.69,0.174,0.22,4.555,0.253,0.377,31.45,0.499,0.232,0.6,48.63,2.618,2.998,1.975,0.857,2.85,1.1
8103001-4,"Hamburguer de Peru, assado(a)",,196,16.61,8.35,12.64,0.61,73.66,21.07,0.133,151.9,1.5,118.3,198.94,0.099,1.55,20.35,15.63,16.69,0.174,0.22,4.555,0.253,0.377,31.45,0.499,0.232,0.6,48.63,2.618,2.998,1.975,0.857,2.85,1.1
8103001-6,"Hamburguer de Peru, empanado(a)/a milanesa",,256.5,16.61,15.2,12.64,0.61,73.66,21.07,0.133,151.9,1.5,118.3,198.94,0.099,1.55,23.48,15.63,16.69,0.174,0.22,4.555,0.253,0.377,31.45,0.499,0.792,0.6,48.63,3.689,4.558,5.929,0.894,2.85,1.1
8103101-2,"Hamburguer Nao Especificado, cozido(a)",,214,26.62,11.1,,,13,21,0.01,193,2.89,61,300,0.078,6.65,21.6,,,0.037,0.172,5.228,0.348,2.5,6,0.45,0.41,,86,4.379,4.676,0.398,0.692,,
8103101-3,"Hamburguer Nao Especificado, grelhado(a)/brasa/churrasco",,214,26.62,11.1,,,13,21,0.01,193,2.89,61,300,0.078,6.65,21.6,,,0.037,0.172,5.228,0.348,2.5,6,0.45,0.41,,86,4.379,4.676,0.398,0.692,,
8103101-4,"Hamburguer Nao Especificado, assado(a)",,214,26.62,11.1,,,13,21,0.01,193,2.89,61,300,0.078,6.65,21.6,,,0.037,0.172,5.228,0.348,2.5,6,0.45,0.41,,86,4.379,4.676,0.398,0.692,,
8103101-5,"Hamburguer Nao Especificado, frito(a)",,236.7,26.62,13.66,,,13,21,0.01,193,2.89,61,300,0.078,6.65,22.77,,,0.037,0.172,5.228,0.348,2.5,6,0.45,0.62,,86,4.78,5.26,1.878,0.706,,
8103101-99,Hamburguer Nao Especificado,,214,26.62,11.1,,,13,21,0.01,193,2.89,61,300,0.078,6.65,21.6,,,0.037,0.172,5.228,0.348,2.5,6,0.45,0.41,,86,4.379,4.676,0.398,0.692,,
8103601-99,Apresuntado,,178,22.62,9.02,,,8,22,0.041,281,1.34,1500,409,0.145,2.47,19.8,,,0.73,0.33,6.15,0.31,0.7,3,0.8,0.31,,59,3.12,4.44,1.41,0.027,,
8103901-99,Pururuca de Porco,,544,61.3,31.3,,,30,11,0.069,85,0.88,1838,127,0.094,0.56,41,12,12,0.099,0.283,1.549,0.023,0.64,,,0.53,0.5,95,11.37,14.78,3.64,0.31,,
8103902-99,Pele de Porco Preparada (Pururuca),,544,61.3,31.3,,,30,11,0.069,85,0.88,1838,127,0.094,0.56,41,12,12,0.099,0.283,1.549,0.023,0.64,,,0.53,0.5,95,11.37,14.78,3.64,0.31,,
8104001-99,"Pate (Fígado, Calabresa, Frango, Presunto, Etc)",,326,14.1,28.5,2.2,,26,12,0.155,230,6.4,860,170,0.24,2.3,58,8300,8300,0.272,1.03,4.3,0.19,13.46,30,0.6,0.405,,158,10.6,13.34,2.6,2.36,0.51,0.59
8104101-99,Carne de Aves Defumada,,195.7,30.91,7.07,,,15,27,0.017,216,1.06,77,247,0.05,1.23,25.57,9,9,0.065,0.116,12.421,0.6,0.34,4,0.2,0.48,,85,1.671,2.124,2.46,0.104,,
8104601-2,"Carne Salgada Nao Especificada, cozido(a)",,313,26.9,21.9,,,13,12,0.02,82,1.9,1943,86,0.03,7.7,,,,,0.06,,,,,,,,100,10.5,8.3,0.4,0.93,,
8104601-3,"Carne Salgada Nao Especificada, grelhado(a)/brasa/churrasco",,313,26.9,21.9,,,13,12,0.02,82,1.9,1943,86,0.03,7.7,,,,,0.06,,,,,,,,100,10.5,8.3,0.4,0.93,,
8104601-4,"Carne Salgada Nao Especificada, assado(a)",,313,26.9,21.9,,,13,12,0.02,82,1.9,1943,86,0.03,7.7,,,,,0.06,,,,,,,,100,10.5,8.3,0.4,0.93,,
8104601-5,"Carne Salgada Nao Especificada, frito(a)",,347,25.29,26.56,,,12.22,11.28,0.019,77.08,1.79,1826.42,80.84,0.028,7.24,2.74,,,,0.056,,,,,,0.488,,94,10.804,9.162,3.824,0.032,,
8104601-7,"Carne Salgada Nao Especificada, refogado(a)",,347,25.29,26.56,,,12.22,11.28,0.019,77.08,1.79,1826.42,80.84,0.028,7.24,2.74,,,,0.056,,,,,,0.488,,94,10.804,9.162,3.824,0.032,,
8104601-8,"Carne Salgada Nao Especificada, molho vermelho",,255.2,21.78,17.56,1.08,0.3,13,12.8,0.038,70.8,1.72,1659.2,135,0.048,6.2,0.04,,3.48,0.004,0.062,0.196,0.02,,2.2,,0.284,1.4,80,8.406,6.646,0.334,,0.85,
8104601-99,Carne Salgada Nao Especificada,,313,26.9,21.9,,,13,12,0.02,82,1.9,1943,86,0.03,7.7,,,,,0.06,,,,,,,,100,10.5,8.3,0.4,0.93,,
8104904-2,"Mini Chicken Empanado, cozido(a)",,273,16.24,15.63,15.91,0.64,9.85,17.73,0.107,121.52,1.36,704.38,138.84,0.047,0.71,16.45,4.22,4.89,0.167,0.142,6.892,0.299,0.159,35,0.094,1.087,,39.84,3.619,7.431,2.572,3.008,0.14,
8104904-3,"Mini Chicken Empanado, grelhado(a)/brasa/churrasco",,273,16.24,15.63,15.91,0.64,9.85,17.73,0.107,121.52,1.36,704.38,138.84,0.047,0.71,16.45,4.22,4.89,0.167,0.142,6.892,0.299,0.159,35,0.094,1.087,,39.84,3.619,7.431,2.572,3.008,0.14,
8104904-4,"Mini Chicken Empanado, assado(a)",,273,16.24,15.63,15.91,0.64,9.85,17.73,0.107,121.52,1.36,704.38,138.84,0.047,0.71,16.45,4.22,4.89,0.167,0.142,6.892,0.299,0.159,35,0.094,1.087,,39.84,3.619,7.431,2.572,3.008,0.14,
8104904-5,"Mini Chicken Empanado, frito(a)",,273,16.24,15.63,15.91,0.64,9.85,17.73,0.107,121.52,1.36,704.38,138.84,0.047,0.71,16.45,4.22,4.89,0.167,0.142,6.892,0.299,0.159,35,0.094,1.087,,39.84,3.619,7.431,2.572,3.008,0.14,
8104904-6,"Mini Chicken Empanado, empanado(a)/a milanesa",,273,16.24,15.63,15.91,0.64,9.85,17.73,0.107,121.52,1.36,704.38,138.84,0.047,0.71,16.45,4.22,4.89,0.167,0.142,6.892,0.299,0.159,35,0.094,1.087,,39.84,3.619,7.431,2.572,3.008,0.14,
8105001-99,Mortadela Light,,211,13.06,16.06,3.45,,48,17,0.155,94,1.15,716,138,0.082,0.73,5.6,1,1,0.159,0.097,3.072,0.163,0.29,18,0.416,0.232,,79,5.46,7.548,3.051,0.109,0.46,0.46
8105201-5,"Salsicha No Varejo Light, frito(a)",,154,11,10,4.4,,10,10,0.01,140,1.2,1257,150,0.075,1.96,15.1,,,0.18,0.11,2.4,0.1,1.3,4,0.327,0.08,,44,3.692,4.75,0.937,0.191,3.63,4.4
8105401-99,Salame Light,,145.2,14.7,8.94,0.5,,9.88,12.67,0.014,95.12,0.78,999.07,124.77,0.044,1.41,11.44,33.97,33.97,0.037,0.117,3.6,0.176,0.164,3.96,0.113,0.243,,51.52,2.474,3.505,1.976,0.194,0.5,0.5
8105501-99,Blanquet de Peru Light,,124.1,14.99,3.57,7.11,,43.68,14.84,0.05,120.15,0.68,853.62,180.74,0.084,1.18,11.6,6.34,6.34,0.06,0.13,4.292,0.214,0.271,4.62,0.192,0.131,0.03,37.61,1.039,1.342,0.711,0.107,2.8,1.55
8105701-99,Hamburguer Nao Especificado Light,,190,27.03,8.26,,,10,21.6,0.011,196.6,2.99,59.2,309,0.078,6.78,22.02,,,0.035,0.173,5.408,0.353,2.5,6,0.465,0.392,,78.2,3.486,3.456,0.349,0.373,,
8200101-99,Refrigerante de Cola Tradicional,,36.9,0.07,0.02,9.53,,1.99,,0.002,9.97,0.11,3.99,1.99,0.001,0.02,0.1,,,,,,,,,,,,,,,,,10.56,9.53
8200102-99,Coca Cola Tradicional,,36.9,0.07,0.02,9.53,,1.99,,0.002,9.97,0.11,3.99,1.99,0.001,0.02,0.1,,,,,,,,,,,,,,,,,10.56,9.53
8200202-99,Fanta Laranja Tradicional,,48,,,12.3,,5,1,0.013,1,0.06,12,2,0.015,0.1,,,,,,,,,,,,,,,,,,12.03,12.3
8200208-99,Sukita Tradicional,,48,,,12.3,,5,1,0.013,1,0.06,12,2,0.015,0.1,,,,,,,,,,,,,,,,,,12.03,12.3
8200301-99,Refrigerante de Guarana Tradicional,,39,,,10,,1,,,,,9,1,,,,,,,,,,,,,,,,,,,,10,10
8200302-99,Guarana Tradicional,,39,,,10,,1,,,,,9,1,,,,,,,,,,,,,,,,,,,,10,10
8200407-99,Sprit Refrigerante Tradicional,,40,0.05,0.02,10.14,,2,1,0.002,,0.11,9,1,0.001,0.04,,,,,,0.015,,,,,,,,,,,,9.07,10.14
8200505-99,Fanta Uva Tradicional,,48,,,12.3,,5,1,0.013,1,0.06,12,2,0.015,0.1,,,,,,,,,,,,,,,,,,12.03,12.3
8200701-99,Refrigerante de Cola Light,,2,0.11,0.03,0.29,,3,1,0.107,9.01,0.11,8.01,8.01,0.002,0.01,,,,0.005,0.023,,,,,,,,,,,,,,
8200702-99,Coca Cola Light,,2,0.11,0.03,0.29,,3,1,0.107,9.01,0.11,8.01,8.01,0.002,0.01,,,,0.005,0.023,,,,,,,,,,,,,,
8200801-99,Refrigerante de Cola Diet,,2,0.11,0.03,0.29,,3,1,0.107,9,0.11,8,8,0.002,0.01,,,,0.005,0.023,,,,,,,,,,,,,,
8200902-99,Minuano Tradicional,,40,0.05,0.02,10.14,,2,1,0.002,,0.11,9,1,0.001,0.04,,,,,,0.015,,,,,,,,,,,,9.07,10.14
8201104-99,Mate Tradicional,,2.8,0.25,,2.31,1.86,4.7,1.12,38.335,0.88,0.15,0.27,11.01,0.3,1.3,0.07,,,0.028,0.014,0.024,0.018,,1,,,0.16,,,,,,0.06,
8201202-99,Bidu Tradicional,,39,,,10,,1,,,,,9,1,,,,,,,,,,,,,,,,,,,,10,10
8201502-99,Fanta Laranja Light,,,0.1,,,,4,1,0.017,,0.04,6.01,2,0.025,,,,,,,,,,,,,,,,,,,,
8201601-99,Refrigerante de Guarana Light,,,,,,,,,,,,15,,,,,,,,,,,,,,,,,,,,,,
8201602-99,Guarana Light,,,,,,,,,,,,15,,,,,,,,,,,,,,,,,,,,,,
8201802-99,Tubaina Tradicional,,39,,,10,,1,,,,,9,1,,,,,,,,,,,,,,,,,,,,10,10
8201902-99,Tubaina Light,,2,0.11,0.03,0.29,,3,1,0.107,9.01,0.11,8.01,8.01,0.002,0.01,,,,0.005,0.023,,,,,,,,,,,,,,
8202001-99,Caldo de Cana,,73.6,,0.05,19.97,,5.6,1,,,,18.34,1,0.01,0.11,0.18,,,0.02,,,,,,,,,,,,,,9.83,19.97
8202002-99,Garapa,,73.6,,0.05,19.97,,5.6,1,,,,18.34,1,0.01,0.11,0.18,,,0.02,,,,,,,,,,,,,,9.83,19.97
8202101-99,Agua de Coco,,19.3,0.73,0.2,3.76,1.12,24.35,25.36,0.144,20.29,0.29,106.52,253.61,0.041,0.1,1.01,,,0.03,0.058,0.081,0.032,,3.04,,,2.44,,0.179,0.008,0.002,,1.49,
8202402-99,Q-suco,,15.3,,0,3.91,,5.68,,0.001,,0.02,1.68,0.2,0.005,0,0.03,,,,0.001,0.001,,,,,,1.41,,0.002,,,,3.81,3.81
8202403-99,Q-refresko,,15.3,,0,3.91,,5.68,,0.001,,0.02,1.68,0.2,0.005,0,0.03,,,,0.001,0.001,,,,,,1.41,,0.002,,,,3.81,3.81
8202602-99,Nescafe,,241,12.2,0.5,75.4,,141,327,1.712,303,4.41,37,3535,0.139,0.35,12.6,,,0.008,0.074,28.173,0.029,,,,2.339,,,0.197,0.041,0.196,,0.48,
8202803-99,Erva Mate,,2.8,0.25,,2.31,1.86,4.7,1.12,38.335,0.88,0.15,0.27,11.01,0.3,1.3,0.07,,,0.028,0.014,0.024,0.018,,1,,,0.16,,,,,,0.06,
8202804-99,Chimarrao,,2.8,0.25,,2.31,1.86,4.7,1.12,38.335,0.88,0.15,0.27,11.01,0.3,1.3,0.07,,,0.028,0.014,0.024,0.018,,1,,,0.16,,,,,,0.06,
8202805-99,Terere,,2.8,0.25,,2.31,1.86,4.7,1.12,38.335,0.88,0.15,0.27,11.01,0.3,1.3,0.07,,,0.028,0.014,0.024,0.018,,1,,,0.16,,,,,,0.06,
8203401-99,Levedo de Cerveja,,170,16.2,1.3,28.1,11.5,86,180,0.19,104,36,3400,1800,0.3,2.1,18,,,11,8.4,50,1.3,10,3105,,,,,0.2,0.715,0.002,,13.54,1
8203501-99,Refrigerante Nao Especificado,,36.9,0.07,0.02,9.53,,1.99,,0.002,9.97,0.11,3.99,1.99,0.001,0.02,0.1,,,,,,,,,,,,,,,,,10.56,9.53
8203603-99,Cevada em Po,,352,9.91,1.16,77.72,15.6,29,79,1.322,221,2.5,9,280,0.42,2.13,37.7,,1.08,0.191,0.114,4.604,0.26,,23,,0.02,,,0.244,0.149,0.56,,1.3,
8204503-99,Chocomilk,,83.3,3.18,3.4,10.38,0.8,112.44,13.05,0.077,101.39,0.24,60.23,167.65,0.065,0.41,1.91,26.1,26.52,0.037,0.163,0.125,0.04,0.331,5.02,1.004,0.06,0.9,12.05,2.112,0.994,0.124,0.121,10.14,5.09
8204902-99,Agua Tonica Tradicional,,40,0.05,0.02,10.14,,2,1,0.002,,0.11,9,1,0.001,0.04,,,,,,0.015,,,,,,,,,,,,9.07,10.14
8205201-99,"Cha Diet (Preto, Camomila, Erva Cidreira, Capim Limao, Etc)",,2.5,0.01,,0.67,,,2.98,0.218,0.99,0.02,2.98,36.77,0.01,0.02,0,,,,0.014,,,,4.97,,,,,0.002,0.001,0.004,,0.34,0.36
8205402-99,Paraguai Refrigerante Tradicional,,39,,,10,,1,,,,,9,1,,,,,,,,,,,,,,,,,,,,10,10
8205803-99,Gatorade,,27,,0.1,6.76,,1,2,0.05,7,0.22,30.01,14.01,0.25,0.2,0.3,,,0.011,0.001,0.616,0.061,0.45,,,,0.4,,,,,,5.9,5.9
8205901-99,Bebida Energetica,,45.3,0.25,0.08,11.03,,13.1,3.02,0.003,,0.02,84.65,3.02,0.005,,0.2,,,0.025,0.579,8.566,1.975,1.764,,,,,,,,,,10.14,10.14
8206301-99,"Cha (Preto, Camomila, Erva Cidreira, Capim Limao, Etc)",,1,,,0.3,,,3,0.219,1,0.02,3,37.03,0.01,0.02,,,,,0.014,,,,5,,,,,0.002,0.001,0.004,,,
8206402-99,Cafe Soluvel Capuccino,,27.7,0.26,0.84,5.17,0.13,4.05,3.12,0.011,1.96,0.03,50.1,22.94,0.011,0.02,0.11,,,0.001,0.001,0.182,,,,,0.016,,,0.788,0.003,0.001,0.002,4.35,4.67
8207401-99,Refrigerante de Guarana Diet,,,,,,,,,,,,15,,,,,,,,,,,,,,,,,,,,,,
8207402-99,Guarana Diet,,,,,,,,,,,,15,,,,,,,,,,,,,,,,,,,,,,
8207601-99,Refrigerante de Limao Diet,,,0.1,,,,4,1,0.017,,0.04,6.01,2,0.025,,,,,,,,,,,,,,,,,,,,
8207705-99,Fanta Uva Light,,,0.1,,,,4,1,0.017,,0.04,6.01,2,0.025,,,,,,,,,,,,,,,,,,,,
8208104-99,Mate Light,,2.8,0.25,,2.31,1.86,4.7,1.12,38.335,0.88,0.15,0.27,11.01,0.3,1.3,0.07,,,0.028,0.014,0.024,0.018,,1,,,0.16,,,,,,0.06,
8209002-99,Agua Tonica Light,,40,0.05,0.02,10.14,,2,1,0.002,,0.11,9,1,0.001,0.04,,,,,,0.015,,,,,,,,,,,,9.07,10.14
8209102-99,Paraguai Refrigerante Light,,2,0.11,0.03,0.29,,3,1,0.107,9.01,0.11,8.01,8.01,0.002,0.01,,,,0.005,0.023,,,,,,,,,,,,,,
8211002-99,Q-suco Light,,15.3,,0,3.91,,5.68,,0.001,,0.02,1.68,0.2,0.005,0,0.03,,,,0.001,0.001,,,,,,1.41,,0.002,,,,3.81,3.81
8211003-99,Q-refresko Light,,15.3,,0,3.91,,5.68,,0.001,,0.02,1.68,0.2,0.005,0,0.03,,,,0.001,0.001,,,,,,1.41,,0.002,,,,3.81,3.81
8211102-99,Q-suco Diet,,15.3,,0,3.91,,5.68,,0.001,,0.02,1.68,0.2,0.005,0,0.03,,,,0.001,0.001,,,,,,1.41,,0.002,,,,3.81,3.81
8212401-99,Cafe Capuccino Soluvel Light,,12.8,0.14,1,0.91,0.05,3.39,1.79,0.004,0.74,0.01,24.95,8.81,0.01,0.01,0.03,,,,,0.069,,,,,0.007,,,0.943,0.003,0.001,0.003,0.18,0.32
8212501-99,Cafe Capuccino Soluvel Diet,,12.8,0.14,1,0.91,0.05,3.39,1.79,0.004,0.74,0.01,24.95,8.81,0.01,0.01,0.03,,,,,0.069,,,,,0.007,,,0.943,0.003,0.001,0.003,0.18,0.32
8212902-99,Agua Tonica Diet,,40,0.05,0.02,10.14,,2,1,0.002,,0.11,9,1,0.001,0.04,,,,,,0.015,,,,,,,,,,,,9.07,10.14
8212906-99,Refrigerante de Quinino Dietetico,,40,0.05,0.02,10.14,,2,1,0.002,,0.11,9,1,0.001,0.04,,,,,,0.015,,,,,,,,,,,,9.07,10.14
8213003-99,Cha Mate Organico,,2.8,0.25,,2.31,1.86,4.7,1.12,38.335,0.88,0.15,0.27,11.01,0.3,1.3,0.07,,,0.028,0.014,0.024,0.018,,1,,,0.16,,,,,,0.06,
8213004-99,Chimarrao Organico,,2.8,0.25,,2.31,1.86,4.7,1.12,38.335,0.88,0.15,0.27,11.01,0.3,1.3,0.07,,,0.028,0.014,0.024,0.018,,1,,,0.16,,,,,,0.06,
8213601-99,Suco de Clorofila,,1.9,0.24,0.02,0.3,0.2,12.97,7.53,0.076,4.56,0.29,52.14,37.97,0.014,0.06,0.12,,42.68,0.008,0.019,0.04,0.02,,11.89,,0.169,0.8,,0.004,,0.009,,0.07,
8273902-99,Cafe com Farinha,,181,0.86,0.16,44.19,3.44,33.5,20,0.011,22.5,0.56,1.5,194.52,0.041,0.21,,,,0.077,0.038,0.096,0.001,,1,,0.005,,,0.051,0.058,0.001,,,
8300101-99,Cerveja (com ou sem Alcool),,43.2,0.46,,3.56,,4.02,6.03,0.008,14.06,0.02,4.02,27.12,0.005,0.01,0.6,,,0.005,0.025,0.515,0.046,0.02,6.03,,,,,,,,,,
8300201-99,Chopp,,43.2,0.46,,3.56,,4.02,6.03,0.008,14.06,0.02,4.02,27.12,0.005,0.01,0.6,,,0.005,0.025,0.515,0.046,0.02,6.03,,,,,,,,,,
8300301-99,Aguardente,,216,,,,,,,,,,3,,0.06,,,,,,,,,,,,,,,,,,,,
8300302-99,Cachaca,,216,,,,,,,,,,3,,0.06,,,,,,,,,,,,,,,,,,,,
8300501-99,Batida de Qualquer Sabor,,187.4,0.54,3.69,22.14,0.32,7.07,8.26,0.366,17.54,0.39,1.6,92.64,0.076,0.16,0.24,,0.11,0.031,0.013,0.185,0.05,,10.39,,0.025,4.73,,3.232,0.161,0.058,,20.78,15.74
8300701-99,Rum,,230.2,,,,,,,0.018,3.99,0.04,1,1.99,0.021,0.04,,,,0.006,0.004,0.013,0.001,,,,,,,,,,,,
8300801-99,Vodka,,217.2,,,,,,,0.017,3.76,0.04,0.94,1.88,0.02,0.04,,,,0.006,0.004,0.012,0.001,,,,,,,,,,,,
8301001-99,Uisque,,230.2,,,,,,,0.018,3.99,0.04,1,1.99,0.021,0.04,,,,0.006,0.004,0.013,0.001,,,,,,,,,,,,
8301002-99,Whisky,,230.2,,,,,,,0.018,3.99,0.04,1,1.99,0.021,0.04,,,,0.006,0.004,0.013,0.001,,,,,,,,,,,,
8301201-99,Champanhe,,82,0.07,,2.6,,9,10,0.117,18,0.27,5,71,0.004,0.12,0.1,,,0.005,0.015,0.108,0.05,,1,,,,,,,,,0.07,
8301202-99,Sidra Champanhe,,82,0.07,,2.6,,9,10,0.117,18,0.27,5,71,0.004,0.12,0.1,,,0.005,0.015,0.108,0.05,,1,,,,,,,,,0.07,
8301501-99,Martini,,194.4,0.01,,0.53,,1.62,2.43,0.041,7.73,0.12,1.58,27.29,0.018,0.06,0.04,,0.02,0.006,0.009,0.055,0.012,,0.2,,,,,,,,,0.01,
8301601-99,Conhaque,,231,,,,,,,0.018,4,0.04,1,2,0.021,0.04,,,,0.006,0.004,0.013,0.001,,,,,,,,,,,,
8301701-99,Drink Dreher,,216,,,,,,,,,,3,,0.06,,,,,,,,,,,,,,,,,,,,
8301901-99,Licor de Qualquer Sabor,,282.6,,,33.64,,0.99,,0.016,0.99,0.06,1.99,1.99,0.08,0.07,0.5,,,,,,,,,,,,,,,,,28.27,
8302409-99,Cajuina,,45,0.8,,11.5,1.5,,,,,,15,,,,,,,,,,,,,,,,,,,,,,
8302415-99,Vinho,,84.5,0.07,,2.6,,7.95,11.93,0.131,22.87,0.46,3.98,126.26,0.011,0.14,0.2,,0.08,0.005,0.031,0.223,0.057,,0.99,,,,,,,,,0.02,
8302416-99,Catuaba,,216,,,,,,,,,,3,,0.06,,,,,,,,,,,,,,,,,,,,
8302901-99,Coquetel de Frutas,,187.4,0.54,3.69,22.14,0.32,7.07,8.26,0.366,17.54,0.39,1.6,92.64,0.076,0.16,0.24,,0.11,0.031,0.013,0.185,0.05,,10.39,,0.025,4.73,,3.232,0.161,0.058,,20.78,15.74
8303101-99,Caipirinha,,143.9,0.1,0.1,37.9,0.1,5.75,2.55,0.005,2.34,0.04,14.38,27.17,0.013,0.07,0.27,,0.18,0.018,0.007,0.051,0.011,,2.6,,0.039,6.45,,0.01,0.003,0.022,,32.08,36.21
8303501-99,Bebida Alcoolica,,216,,,,,,,,,,3,,0.06,,,,,,,,,,,,,,,,,,,,
8303615-99,Vinho Organico,,84.5,0.07,,2.6,,7.95,11.93,0.131,22.87,0.46,3.98,126.26,0.011,0.14,0.2,,0.08,0.005,0.031,0.223,0.057,,0.99,,,,,,,,,0.02,
8304301-99,Cerveja (com ou sem Alcool) Light,,29,0.24,,1.64,,4,5,0.006,12,0.03,4,21,0.006,0.01,0.4,,,0.005,0.015,0.391,0.034,0.02,6,,,,,,,,,0.09,
8304502-99,Caxiri (Aguardente de Mandioca),,216,,,,,,,,,,3,,0.06,,,,,,,,,,,,,,,,,,,,
8400101-99,Azeite de Oliva,,887.8,,100.43,,,1,,,,0.56,2.01,1,,,,,,,,,,,,,14.412,,,13.867,73.275,10.568,0.161,,
8400301-99,Oleo de Soja,,879.7,,99.52,,,,,,,0.05,,,,0.01,45.61,,,,,,,,,,8.141,,,15.574,22.673,57.461,0.53,,
8401801-99,Banha Suina,,902,,100,,,,,,,,,,0.07,0.11,0.2,,,,,,0.02,,,,0.6,,95,39.2,45.1,11.2,1.08,,
8403001-99,Banha Bovina,,680,10.65,70.33,,,19,6,,64,1.08,23,99,0.04,1.24,8.3,,,0.03,0.046,1.528,0.14,0.9,,,,,95,28.5,30.45,2.66,3.38,,
8403201-99,Oleo Nao Especificado,,879.7,,99.52,,,,,,,0.05,,,,0.01,45.61,,,,,,,,,,8.141,,,15.574,22.673,57.461,0.53,,
8403501-99,Oleo de Dende,,857.8,,99.52,,,,,,,,,,0.1,,,,,,,,,,,,3.792,,,81.107,11.345,1.592,0.174,,
8500201-99,Salgadinho,,274.6,13.41,16.88,16.54,0.88,84.48,19.5,0.184,154.25,2.05,165.16,213.1,0.08,2.48,21.36,43.72,48.17,0.225,0.265,3.011,0.19,1.27,50.53,0.644,1.008,1.65,107.65,4.606,5.489,5.366,0.432,2.68,1.82
8500202-99,"Pastel (Queijo, Carne, Palmito, Etc)",,319.8,10.38,15.68,33.51,1.45,18.34,16.77,0.31,108.95,2.48,413.19,127.61,0.094,0.93,30.81,19.18,20.35,0.421,0.303,3.33,0.1,0.28,92.2,0.491,1.212,1.19,61.19,3.161,4.244,7.28,0.068,0.36,
8500203-99,Croquete,,274.6,13.41,16.88,16.54,0.88,84.48,19.5,0.184,154.25,2.05,165.16,213.1,0.08,2.48,21.36,43.72,48.17,0.225,0.265,3.011,0.19,1.27,50.53,0.644,1.008,1.65,107.65,4.606,5.489,5.366,0.432,2.68,1.82
8500205-99,Coxinha,,274.6,13.41,16.88,16.54,0.88,84.48,19.5,0.184,154.25,2.05,165.16,213.1,0.08,2.48,21.36,43.72,48.17,0.225,0.265,3.011,0.19,1.27,50.53,0.644,1.008,1.65,107.65,4.606,5.489,5.366,0.432,2.68,1.82
8500206-99,"Empada (Queijo, Carne, Camarao, Etc)",,154,7.89,7.91,12.47,1.03,12.56,11.32,0.188,74.34,1.06,193.95,136.56,0.071,0.43,8.46,1.44,80.47,0.153,0.109,3.624,0.132,0.104,33.27,0.032,0.216,1.78,17.32,2.707,3.109,1.589,0.734,1.22,
8500207-99,"Rizole (Queijo, Carne, Camarao, Etc)",,274.6,13.41,16.88,16.54,0.88,84.48,19.5,0.184,154.25,2.05,165.16,213.1,0.08,2.48,21.36,43.72,48.17,0.225,0.265,3.011,0.19,1.27,50.53,0.644,1.008,1.65,107.65,4.606,5.489,5.366,0.432,2.68,1.82
8500209-99,Acaraje,,289,8.3,19.9,19.1,9.4,124,51,0.59,142,1.9,305,354,0.23,1.2,,,,0.06,,,,,,,,,25,9.1,7.8,2.1,,,
8500210-99,Torresmo,,544,61.3,31.3,,,30,11,0.069,85,0.88,1838,127,0.094,0.56,41,12,12,0.099,0.283,1.549,0.023,0.64,,,0.53,0.5,95,11.37,14.78,3.64,0.31,,
8500211-99,Quibe,,274.6,13.41,16.88,16.54,0.88,84.48,19.5,0.184,154.25,2.05,165.16,213.1,0.08,2.48,21.36,43.72,48.17,0.225,0.265,3.011,0.19,1.27,50.53,0.644,1.008,1.65,107.65,4.606,5.489,5.366,0.432,2.68,1.82
8500212-99,Abara (Bahia),,289,8.3,19.9,19.1,9.4,124,51,0.59,142,1.9,305,354,0.23,1.2,,,,0.06,,,,,,,,,25,9.1,7.8,2.1,,,
8500213-99,Pacoca de Carne de Sol,,354,13.44,13.43,43.95,3.2,38.61,24.14,0.009,59.54,1.44,913.71,210.42,0.054,3.82,1.37,,,0.07,0.028,,,,,,0.244,,47,5.452,4.631,1.912,0.016,,
8500215-99,Angu Frito,,74.6,1.45,1.78,13,0.26,3.43,5.28,0.018,12.39,0.64,250.51,22.89,0.021,0.08,2.8,13.11,13.39,0.105,0.063,0.811,0.024,0.003,39.5,0.027,0.065,,4.2,1.029,0.46,0.144,0.064,0.52,
8500217-99,Angu de Milho,,60.6,1.44,0.2,13,0.26,2.96,5.25,0.018,11.92,0.64,239.26,22.42,0.021,0.08,2.78,,0.02,0.105,0.062,0.81,0.024,,39.44,,0.02,,,0.025,0.049,0.084,,0.52,
8500218-99,Polenta,,74.6,1.45,1.78,13,0.26,3.43,5.28,0.018,12.39,0.64,250.51,22.89,0.021,0.08,2.8,13.11,13.39,0.105,0.063,0.811,0.024,0.003,39.5,0.027,0.065,,4.2,1.029,0.46,0.144,0.064,0.52,
8500222-99,Esfirra,,359.4,9.76,18.88,37.51,1.46,240.03,16.11,0.329,183.37,2.46,821.95,71.72,0.076,0.89,19.86,149.76,153.02,0.38,0.3,2.849,0.035,0.186,99.73,0.26,0.448,,53.94,11.726,4.953,0.856,0.656,0.7,
8500223-99,Esfirra de Carne,,346.5,11.89,21.38,26.2,1.07,20.68,14.55,0.262,107.97,2.43,224.21,156.63,0.088,2.22,18.1,127.09,129.58,0.281,0.232,3.646,0.143,0.91,72.4,0.375,0.603,,67.24,12.014,6.611,0.875,0.969,0.13,
8500224-99,Esfirra de Queijo,,359.4,9.76,18.88,37.51,1.46,240.03,16.11,0.329,183.37,2.46,821.95,71.72,0.076,0.89,19.86,149.76,153.02,0.38,0.3,2.849,0.035,0.186,99.73,0.26,0.448,,53.94,11.726,4.953,0.856,0.656,0.7,
8500225-99,Esfirra de Ricota,,320.4,7.54,15.25,38.09,1.46,174.34,14.8,0.33,133.71,2.51,759.07,82.56,0.079,0.64,19.99,130.9,133.38,0.381,0.282,2.846,0.026,0.09,100.82,0.232,0.418,,41.37,9.42,3.931,0.744,0.58,0.47,
8500226-99,Esfirra de Frango,,222.4,9.47,12.71,17.32,0.78,18.2,11.12,0.229,82.28,1.34,539.3,125.58,0.085,0.77,12.18,76.26,77.71,0.174,0.144,3.959,0.139,0.136,41.69,0.198,0.384,,42.42,6.606,3.833,1.314,0.41,0.46,
8500227-99,Enroladinho,,274.6,13.41,16.88,16.54,0.88,84.48,19.5,0.184,154.25,2.05,165.16,213.1,0.08,2.48,21.36,43.72,48.17,0.225,0.265,3.011,0.19,1.27,50.53,0.644,1.008,1.65,107.65,4.606,5.489,5.366,0.432,2.68,1.82
8500228-99,Bolinho de Aipim,,212.6,6.28,13.11,18.51,2.72,29.98,26.23,0.285,89.76,1.28,398.23,333.12,0.13,1.36,9.69,2.79,17.8,0.086,0.081,1.316,0.22,0.42,36.21,0.218,1.559,10.86,15.91,2.913,3.76,5.597,0.164,2.75,
8500232-99,Bolinho de Bacalhau,,214,16.7,12.75,7.69,0.83,48.92,25.86,0.075,184.31,0.96,377.44,165.21,0.094,0.63,41.4,41.03,47,0.055,0.132,2.098,0.196,0.302,10.48,0.114,1.443,4.36,74.8,2.48,3.48,6.015,0.626,0.68,
8500302-99,Cachorro Quente,,272.5,8.73,15.22,24.8,1.09,70.41,16.56,0.15,69.34,1.89,868.34,123.95,0.131,0.93,14.43,5.79,9.43,0.226,0.188,2.852,0.105,0.351,74.2,0.141,0.219,1.2,23.59,5.321,6.225,2.222,0.652,5.81,5.5
8500303-99,Hamburguer (Sanduiche),,267.2,13.08,9.22,32.36,1.68,93,24.31,0.216,101.47,2.71,472.53,221.58,0.182,2.16,18.5,,4.09,0.278,0.253,3.727,0.18,0.971,103.04,0.1,0.29,2.18,23.71,3.285,3.536,1.409,0.691,6.24,4.77
8500304-99,Cheesburguer,,279.9,14.15,11.81,28.74,1.49,147,24.62,0.192,149.88,2.42,592.12,215.39,0.163,2.24,18.02,29.06,33.47,0.248,0.265,3.297,0.167,0.939,91.86,0.113,0.287,1.92,31.98,5.215,4.173,1.36,0.699,5.65,4.21
8500305-99,Eggsburguer,,269.4,13.28,16.1,17.42,0.64,60.17,16.2,0.102,121.64,2.1,461.19,177.98,0.108,2.19,20.92,56.41,61.56,0.148,0.303,2.659,0.21,1.033,64.86,0.513,1.186,1.52,148.59,3.714,4.859,5.952,0.405,4.56,3.69
8500307-99,Bauru,,229.5,13.67,13,13.96,0.78,106.83,18.64,0.111,186.11,1.46,890.09,234.26,0.123,1.46,14.21,33.87,41.42,0.387,0.254,3.44,0.189,0.413,50.85,0.339,0.56,1.62,35.15,4.478,4.179,3.746,0.296,2.31,1.79
8500308-99,Americano,,236.7,10.05,14.21,16.85,1,118.49,16.2,0.195,146.27,1.73,474.56,154.09,0.106,1,20.29,62.87,102.67,0.238,0.305,2.05,0.11,0.43,70.81,0.432,1.071,3.09,127.5,3.96,4.01,5.174,0.29,2.25,1.27
8500313-99,Misto Quente ou Frio,,265.4,16.29,13.78,18.3,0.85,168.75,22.53,0.188,252.02,1.9,1175.68,235.32,0.153,1.83,16.99,77.17,79.89,0.461,0.322,4.043,0.169,0.426,63.49,0.364,0.361,0.01,42.62,6.029,5.145,1.948,1.254,1.82,1.46
8500315-99,Sanduiche de Queijo Prato,,329.3,12.22,17.24,31.09,1.45,281.21,23.25,0.291,236.17,2.32,972.55,120.36,0.16,1.43,15.34,131.09,135.72,0.284,0.322,2.666,0.075,0.245,105.8,0.072,0.401,0.01,32.11,8.11,5.707,2.345,2.111,3.09,2.49
8500316-99,Sanduiche de Salame,,283,8.96,13.74,30.27,1.4,96.69,17.36,0.282,98.27,2.58,839.12,110.33,0.179,1.1,15.54,48.83,51.06,0.315,0.266,3.537,0.104,0.44,100.21,0.163,0.348,0.01,22.66,3.979,5.676,2.833,1.876,3.16,3.19
8500317-99,Sanduiche de Presunto,,230.3,10.97,12.15,18.73,1.11,63.46,17.85,0.201,141.52,1.86,844.22,223.88,0.15,1.18,13.42,7.8,11.46,0.428,0.25,3.798,0.208,0.282,67.94,0.314,0.739,0.49,24.73,2.532,3.74,5.128,0.26,1.93,1.7
8500318-99,Sanduiche de Queijo Prato com Presunto,,265.4,16.29,13.78,18.3,0.85,168.75,22.53,0.188,252.02,1.9,1175.68,235.32,0.153,1.83,16.99,77.17,79.89,0.461,0.322,4.043,0.169,0.426,63.49,0.364,0.361,0.01,42.62,6.029,5.145,1.948,1.254,1.82,1.46
8500319-99,Sanduiche de Mortadela,,316,8.6,16.56,32.81,1.45,103.26,18.81,0.379,104.67,2.66,824.32,138.46,0.186,1.22,14.66,46.72,49.02,0.327,0.253,3.773,0.184,0.375,104.44,0.102,0.309,3.77,25.62,5.38,7.018,2.865,2.046,3.47,4.76
8500320-99,Sanduiche de Queijo Minas,,329.3,12.22,17.24,31.09,1.45,281.21,23.25,0.291,236.17,2.32,972.55,120.36,0.16,1.43,15.34,131.09,135.72,0.284,0.322,2.666,0.075,0.245,105.8,0.072,0.401,0.01,32.11,8.11,5.707,2.345,2.111,3.09,2.49
8500321-99,Cheese Egg,,279.9,14.15,11.81,28.74,1.49,147,24.62,0.192,149.88,2.42,592.12,215.39,0.163,2.24,18.02,29.06,33.47,0.248,0.265,3.297,0.167,0.939,91.86,0.113,0.287,1.92,31.98,5.215,4.173,1.36,0.699,5.65,4.21
8500322-99,Cheese Tudo,,279.9,14.15,11.81,28.74,1.49,147,24.62,0.192,149.88,2.42,592.12,215.39,0.163,2.24,18.02,29.06,33.47,0.248,0.265,3.297,0.167,0.939,91.86,0.113,0.287,1.92,31.98,5.215,4.173,1.36,0.699,5.65,4.21
8500323-99,Sanduiche Natural,,245.6,11.21,10.84,25.58,1.47,81.83,20.07,0.249,103.37,2.22,436.03,147.94,0.148,0.94,14.15,11.5,18.9,0.238,0.212,4.416,0.222,0.115,86.72,0.13,0.737,2.12,26.28,1.958,2.85,4.999,0.373,3.81,3.32
8500401-99,Suco,,41.8,0.59,0.14,9.81,0.31,7.97,10.95,0.014,13.94,0.44,1.99,174.27,0.057,0.07,0.1,,8.76,0.06,0.028,0.313,0.088,,17.93,,0.199,34.26,,0.018,0.025,0.034,,8.12,
8500402-99,Suco de Abacaxi,,53.2,0.36,0.12,12.92,0.2,13.05,12.05,0.506,8.03,0.31,2.01,130.5,0.069,0.11,0.1,,0.25,0.058,0.021,0.2,0.1,,18.07,,0.02,10.04,,0.008,0.014,0.042,,10.03,
8500403-99,Suco de Acerola,,23.1,0.4,0.3,4.81,0.3,10.02,12.03,0.066,9.02,0.5,3.01,97.24,0.086,0.1,0.1,,25.48,0.02,0.06,0.401,0.004,,14.03,,0.18,1603.91,,0.068,0.082,0.09,,4.41,
8500404-99,Suco de Beterraba,,30.8,0.81,0.12,7.11,0.76,17.14,11.73,0.123,31.27,0.39,28.03,222.58,0.038,0.16,0.47,,602.42,0.061,0.04,0.285,0.145,,12.66,,0.736,5.81,,0.021,0.009,0.053,,4.71,
8500405-99,Suco de Cupuacu,,24.5,0.6,0.5,5.2,1.55,6.5,9,0.035,10.5,0.25,1.5,165.5,0.035,0.15,,,,0.185,0.02,2.17,0.035,,,,,12.25,,0.2,0.1,0.05,,,
8500406-99,Suco de Goiaba,,62.3,0.37,0.14,15.62,0.79,2.75,3.2,0.022,5.82,0.04,0.29,60.91,0.033,0.03,0.17,,4.53,0.01,0.008,0.158,0.016,,7.12,,0.106,33.2,,0.04,0.013,0.058,,14.81,13.54
8500407-99,Suco de Laranja,,41.8,0.59,0.14,9.81,0.31,7.97,10.95,0.014,13.94,0.44,1.99,174.27,0.057,0.07,0.1,,8.76,0.06,0.028,0.313,0.088,,17.93,,0.199,34.26,,0.018,0.025,0.034,,8.12,
8500408-99,Suco de Laranja com Banana,,56.8,0.76,0.2,13.84,0.93,7.66,15.85,0.082,16.91,0.42,1.85,233.27,0.066,0.1,0.34,,7.82,0.056,0.041,0.425,0.167,,19.55,,0.193,29.56,,0.044,0.028,0.046,,9.69,
8500409-99,Suco de Laranja e Beterraba,,30.8,0.81,0.12,7.11,0.76,17.14,11.73,0.123,31.27,0.39,28.03,222.58,0.038,0.16,0.47,,602.42,0.061,0.04,0.285,0.145,,12.66,,0.736,5.81,,0.021,0.009,0.053,,4.71,
8500410-99,Suco de Laranja e Cenoura,,30.8,0.81,0.12,7.11,0.76,17.14,11.73,0.123,31.27,0.39,28.03,222.58,0.038,0.16,0.47,,602.42,0.061,0.04,0.285,0.145,,12.66,,0.736,5.81,,0.021,0.009,0.053,,4.71,
8500411-99,Suco de Laranja Cenoura e Beterraba,,30.8,0.81,0.12,7.11,0.76,17.14,11.73,0.123,31.27,0.39,28.03,222.58,0.038,0.16,0.47,,602.42,0.061,0.04,0.285,0.145,,12.66,,0.736,5.81,,0.021,0.009,0.053,,4.71,
8500412-99,Suco de Mamao,,57.1,0.17,0.15,14.54,0.6,10.02,3.01,0.013,,0.34,5.01,31.07,0.013,0.15,0.3,,18.08,0.006,0.004,0.15,0.009,,2,,0.241,3.01,,0.047,0.041,0.035,,10.6,
8500413-99,Suco de Manga,,50.9,0.11,0.06,13.08,0.3,16.95,2.99,0.028,2,0.36,4.99,23.93,0.015,0.02,0.4,,34.49,0.003,0.003,0.08,0.015,,6.98,,0.209,15.16,,0.014,0.022,0.011,,12.42,9.43
8500414-99,Suco de Maracuja,,60.1,0.67,0.18,14.48,0.2,4.01,17.04,0.013,25.06,0.36,6.01,278.63,0.05,0.06,0.1,,47.27,,0.101,2.245,0.06,,8.02,,0.01,18.24,,0.015,0.022,0.106,,11.44,
8500415-99,Suco de Melao,,31.8,0.65,0.16,8,0.42,7.42,10.6,0.04,11.66,0.25,1.06,118.68,0.045,0.11,0.42,,9.07,0.035,0.022,0.189,0.048,,3.18,,0.053,8.58,,0.017,0.039,0.053,,6.58,
8500416-99,Suco de Morango,,59.2,0.57,0.1,14.51,0.23,9.49,10.23,0.363,11.9,0.25,2.87,133.74,0.029,0.06,0.12,,0.43,0.026,0.036,0.271,0.064,,4.42,,0.019,4.04,,0.024,0.006,0.031,,14.45,
8500417-99,Suco de Pessego,,54,0.27,0.02,13.92,0.6,5,4,0.019,6,0.19,7,39.99,0.069,0.08,0.2,,12.87,0.003,0.014,0.288,0.007,,1,,0.29,5.3,,0.002,0.008,0.011,,13.24,9.3
8500418-99,Suco de Pessego em Calda,,54,0.27,0.02,13.92,0.6,5,4,0.019,6,0.19,7,39.99,0.069,0.08,0.2,,12.87,0.003,0.014,0.288,0.007,,1,,0.29,5.3,,0.002,0.008,0.011,,13.24,9.3
8500501-99,Vitamina,,92.8,2.47,2.31,16.39,0.62,78.87,13.32,0.067,67.75,0.08,27.71,183.89,0.026,0.31,2.83,19.23,20.28,0.038,0.145,0.232,0.112,0.302,8.21,0.687,0.072,2.08,6.87,1.307,0.565,0.151,0.08,14.36,7.83
8500503-99,Vitamina de Banana,,92.8,2.47,2.31,16.39,0.62,78.87,13.32,0.067,67.75,0.08,27.71,183.89,0.026,0.31,2.83,19.23,20.28,0.038,0.145,0.232,0.112,0.302,8.21,0.687,0.072,2.08,6.87,1.307,0.565,0.151,0.08,14.36,7.83
8500504-99,Vitamina de Banana com Aveia,,108.5,3.06,2.54,19.2,1.15,77.23,20.2,0.264,86.57,0.31,26.45,193.4,0.046,0.49,4.26,18.13,19.12,0.061,0.145,0.281,0.112,0.285,9.51,0.647,0.091,1.96,6.47,1.294,0.643,0.27,0.075,13.59,7.38
8500505-99,Vitamina de Mamão,,80.6,2.42,2.34,12.95,0.38,85.55,9.22,0.004,65.81,0.04,29.1,156.1,0.011,0.3,2.81,19.93,31.76,0.037,0.138,0.147,0.03,0.313,11.57,0.712,0.197,13.03,7.12,1.336,0.586,0.145,0.083,12.43,7.67
8500506-99,Vitamina de Abacate,,100.2,2.74,4.63,12.8,1.34,80.07,12.6,0.025,72.05,0.06,27.95,182.22,0.082,0.37,2.68,19.23,21.2,0.035,0.14,0.234,0.043,0.302,11.8,0.687,0.677,4.16,6.87,1.749,1.875,0.534,0.08,12.02,7.83
8500507-99,Vitamina de Morango,,74.6,1.96,1.83,13.27,0.8,65.81,10.45,0.156,57.38,0.18,21.41,136.37,0.025,0.27,2.15,14.7,15.16,0.033,0.106,0.21,0.038,0.231,12.21,0.525,0.143,23.49,5.25,0.985,0.444,0.164,0.061,12.55,7.83
8500508-99,Vitamina Mista,,83.2,1.8,1.65,16.2,0.77,59.34,9.76,0.039,49.21,0.07,19.83,158.11,0.022,0.23,2.02,13.54,21.48,0.032,0.107,0.183,0.066,0.213,9.37,0.484,0.146,9.63,4.84,0.923,0.402,0.113,0.056,14.26,7.75
8500509-99,Vitamina de Maca,,83,2.28,2.26,13.98,0.31,78.87,7.82,0.011,65.12,0.04,27.47,119.86,0.015,0.29,2.59,19.23,19.98,0.035,0.134,0.095,0.034,0.302,3.43,0.687,0.053,0.96,6.87,1.286,0.559,0.143,0.08,13.85,7.83
8500601-99,Refresco,,46.8,,,11.92,0.2,7.97,2.99,0.084,2.99,0.09,37.84,30.87,0.01,0.01,0.2,,1.33,0.005,0.023,0.021,0.011,,1,,0.01,22.68,,0.001,0.002,0.003,,10.76,11.87
8500602-99,Refresco de Caju,,46.8,,,11.92,0.2,7.97,2.99,0.084,2.99,0.09,37.84,30.87,0.01,0.01,0.2,,1.33,0.005,0.023,0.021,0.011,,1,,0.01,22.68,,0.001,0.002,0.003,,10.76,11.87
8500603-99,Refresco de Groselha,,46.8,,,11.92,0.2,7.97,2.99,0.084,2.99,0.09,37.84,30.87,0.01,0.01,0.2,,1.33,0.005,0.023,0.021,0.011,,1,,0.01,22.68,,0.001,0.002,0.003,,10.76,11.87
8500604-99,Refresco de Laranja,,46.8,,,11.92,0.2,7.97,2.99,0.084,2.99,0.09,37.84,30.87,0.01,0.01,0.2,,1.33,0.005,0.023,0.021,0.011,,1,,0.01,22.68,,0.001,0.002,0.003,,10.76,11.87
8500605-99,Refresco de Maracuja,,46.8,,,11.92,0.2,7.97,2.99,0.084,2.99,0.09,37.84,30.87,0.01,0.01,0.2,,1.33,0.005,0.023,0.021,0.011,,1,,0.01,22.68,,0.001,0.002,0.003,,10.76,11.87
8500606-99,Refresco de Limao,,46.8,,,11.92,0.2,7.97,2.99,0.084,2.99,0.09,37.84,30.87,0.01,0.01,0.2,,1.33,0.005,0.023,0.021,0.011,,1,,0.01,22.68,,0.001,0.002,0.003,,10.76,11.87
8500801-99,"Salada ou Verdura Cozida, Exceto de Fruta",,26,2.11,0.36,4.91,2.8,140,20,0.436,30,1.16,16,116,0.038,0.23,0.5,,405.75,0.04,0.106,0.575,0.128,,93,,0.88,18.2,,0.047,0.026,0.173,,1.41,
8500802-99,Salada de Maionese,,209.8,2.71,16.82,12.64,1.38,15.73,14.11,0.102,50.84,0.4,281.91,221.95,0.105,0.33,4.39,34.88,36.37,0.076,0.085,0.762,0.287,0.192,14.01,0.205,1.188,4.75,56.02,2.717,4.322,8.474,0.054,1.2,0.48
8500903-99,Pizza,,281.2,14.6,11.35,29.82,1.74,308.77,24.06,0.288,264.19,2.16,736.75,184.62,0.106,1.6,19.31,51.25,57.59,0.326,0.355,2.566,0.097,0.896,93.33,0.08,0.783,2.17,21.88,5.57,3.015,2.104,0.183,2.19,0.44
8500904-99,Lazanha,,158.6,10.78,7.31,12.34,1.11,150.19,19.89,0.162,145.82,1.46,319,206.39,0.092,1.65,15.6,40.68,47.15,0.104,0.161,1.574,0.133,0.58,43.92,0.09,0.533,3.56,28.56,3.817,2.5,0.338,0.274,2.27,0.17
8500905-99,Nhoque,,190.5,9.31,13.18,8.48,0.26,190.1,11.3,0.072,151.28,0.76,196.3,72.18,0.049,0.94,16.29,61.89,62.77,0.084,0.205,0.544,0.029,0.434,27.53,0.245,0.737,,70.21,4.518,3.519,4.34,0.172,0.66,
8500906-99,Caneloni,,120.9,5.94,6.8,9.22,1.01,66.9,19.1,0.172,84.01,1.42,430.52,234.53,0.086,1.02,7.34,34.12,78.29,0.088,0.147,1.36,0.129,0.441,31.85,0.178,0.995,5.25,43.32,2.5,3.066,0.682,0.507,2.7,0.19
8500907-99,Capeleti,,95.2,5.53,2.59,12.6,1.2,48.55,16.71,0.183,70.19,1.48,499.6,176.19,0.08,0.83,9.21,18.67,59.53,0.129,0.158,1.463,0.108,0.312,42.53,0.17,0.757,4.21,54.49,0.984,0.932,0.308,0.059,2.01,0.27
8500909-99,Ravioli,,95.2,5.53,2.59,12.6,1.2,48.55,16.71,0.183,70.19,1.48,499.6,176.19,0.08,0.83,9.21,18.67,59.53,0.129,0.158,1.463,0.108,0.312,42.53,0.17,0.757,4.21,54.49,0.984,0.932,0.308,0.059,2.01,0.27
8500910-99,Calzone,,245.8,12.83,9.85,25.8,1.18,213.03,19.04,0.242,208.42,1.93,511,143.54,0.085,1.42,19.32,61.99,70.06,0.3,0.335,2.475,0.082,0.752,86.01,0.175,0.303,3.92,47.3,5.241,3.105,0.702,0.196,1.52,0.66
8500913-99,Panqueca,,203.2,13.96,12.46,8.27,0.66,91.91,21.82,0.134,163,1.54,332.45,198.64,0.089,2.7,13.68,60.54,67.25,0.093,0.242,2.426,0.148,1.093,24.13,0.573,1.017,0.78,77.23,4.803,5.142,1.258,0.764,1.75,
8500914-99,Pizza Calabreza,,284.7,13.74,12.21,29.51,1.75,223.25,22.97,0.288,220.63,2.3,762.05,207.6,0.113,1.46,17.43,36.76,42.69,0.349,0.34,3.278,0.125,0.755,92.96,0.061,0.805,2.26,25.03,5.104,3.747,2.464,0.147,2.13,0.45
8500915-99,Pizza Muzzarela,,281.2,14.6,11.35,29.82,1.74,308.77,24.06,0.288,264.19,2.16,736.75,184.62,0.106,1.6,19.31,51.25,57.59,0.326,0.355,2.566,0.097,0.896,93.33,0.08,0.783,2.17,21.88,5.57,3.015,2.104,0.183,2.19,0.44
8500916-99,Pizza Presunto,,284.7,13.74,12.21,29.51,1.75,223.25,22.97,0.288,220.63,2.3,762.05,207.6,0.113,1.46,17.43,36.76,42.69,0.349,0.34,3.278,0.125,0.755,92.96,0.061,0.805,2.26,25.03,5.104,3.747,2.464,0.147,2.13,0.45
8500917-99,Pizza Portuguesa,,247.5,11.75,12.23,22.4,1.56,160.1,20.31,0.282,176.51,1.86,668.22,214.72,0.12,1.29,15.56,25.5,32.11,0.285,0.279,2.892,0.158,0.67,68.77,0.08,0.613,10.22,26.19,4.798,4.048,2.023,0.239,2.31,0.31
8500919-99,Macarronada,,120.6,6.22,2.79,17.42,1.25,12.24,15.38,0.21,61.22,1.34,82.21,137.2,0.088,1.05,16.28,,12.71,0.156,0.096,1.614,0.094,0.274,69.11,0.049,0.341,8.94,9.43,0.742,0.827,0.828,0.081,1.4,0.16
8501004-99,Galeto,,261.7,27.3,16.16,,,15,23,0.02,182,1.26,82,223,0.066,1.94,25.07,48,48,0.063,0.168,8.487,0.4,0.3,5,0.3,0.48,,88,4.191,5.924,4.45,0.464,,
8501104-99,Costela,,365,22.6,29.79,,,11,20,0.013,176,2.35,64,302,0.084,5.4,22.4,,,0.07,0.17,3.43,0.23,2.55,7,0.6,0.24,,84,12.01,12.8,1.05,1.35,,
8501202-99,Pipoca Doce ou Salgada,,468.2,6.59,23.28,62.51,6.02,8.66,66.93,0.57,160.88,1.37,505.54,172.51,0.148,1.43,1.04,17.42,21.6,0.075,0.044,1.846,0.078,0.004,22.19,0.026,1.812,0,4.02,5.388,12.229,4.371,4.834,29.5,31.71
8501302-99,Cafe,,1,0.12,0.02,0.47,0.47,2,3,0.023,3,0.01,2,49.05,0.002,0.02,,,,0.014,0.076,0.191,0.001,,2,,0.01,,,0.002,0.015,0.001,,,
8501303-99,Cafe com Leite,,31.4,1.72,1.69,2.57,0.23,59.27,6.66,0.013,48.43,0.02,21.63,98.27,0.007,0.22,1.91,14.44,14.65,0.03,0.132,0.151,0.019,0.227,3.58,0.516,0.036,,5.16,0.963,0.426,0.101,0.06,2.71,
8501304-99,Cafe Tipo Expresso,,2.4,0.12,0.01,0.77,0.2,4.44,4.32,0.017,3.07,0.04,4.38,35.86,0.011,0.01,0.13,,,,0.001,0.286,,,,,0.024,,,0.002,,0.002,,0.01,
8501305-99,Cafe Tipo Capuccino,,27.7,0.26,0.84,5.17,0.13,4.05,3.12,0.011,1.96,0.03,50.1,22.94,0.011,0.02,0.11,,,0.001,0.001,0.182,,,,,0.016,,,0.788,0.003,0.001,0.002,4.35,4.67
8501402-99,Milho Cozido,,160.1,3.32,7.18,25.11,4.25,3.15,26.01,0.159,75,0.45,244.96,212.05,0.047,0.61,2.9,,13.17,0.215,0.072,1.614,0.06,,46,,0.572,6.2,,1.12,1.718,4.009,0.031,3.16,
8501502-99,Batata Palito,,263.5,2.87,13.64,33.6,3.44,13.43,33.58,0.235,67.17,0.53,8.4,550.76,0.28,0.46,6.68,,0.28,0.165,0.032,2.203,0.452,,15.11,,1.203,12.43,,2.152,3.073,7.851,0.072,1.44,
8501503-99,Batata Palha,,545.7,5.24,35.24,54.52,4.53,26.55,62.5,0.716,156.21,0.72,701.61,448.37,0.066,0.58,33.27,,0.37,0.289,0.161,3.038,0.549,,25.5,,3.027,23.59,,5.55,7.958,20.303,0.186,1.2,
8501902-99,Mungunza,,146,4,3.9,24.4,2.4,,,,,,,,,,,,,,,,,,,,,,,,,,,,
8501903-99,Canjica,,146,4,3.9,24.4,2.4,,,,,,,,,,,,,,,,,,,,,,,,,,,,
8501904-99,Curau,,78.2,2.42,3.06,10.46,0.17,124.57,13.22,0.029,95.38,0.22,319.33,156.85,0.015,0.45,4.03,21.16,30.09,0.068,0.177,0.322,0.043,0.302,11.23,0.508,0.187,0.15,6.02,1.348,0.89,0.555,0.226,7.2,2.08
8502201-99,Farofa,,406,2.1,9.1,80.3,7.8,66,34,0.29,45,1.4,575,201,,0.2,,,,0.1,,,0.15,,,,,,,1.9,2.4,2.5,,,
8502301-99,"Mingau (Fuba, Aveia, Farinha, Etc)",,78.2,2.42,3.06,10.46,0.17,124.57,13.22,0.029,95.38,0.22,319.33,156.85,0.015,0.45,4.03,21.16,30.09,0.068,0.177,0.322,0.043,0.302,11.23,0.508,0.187,0.15,6.02,1.348,0.89,0.555,0.226,7.2,2.08
8502401-99,Tacaca,,16,2,0.6,0.4,,30,1,0.026,30,0.21,318,86,0.051,0.1,0.7,1,1,,0.03,1.37,0.01,0.1,4,0.192,0.15,,,0.142,0.121,0.162,,0.16,
8502501-99,Bolinho de Coco,,297.3,6.71,5.8,54.89,0.85,23.32,12.12,0.265,89.87,1.48,58.58,142.55,0.058,0.61,18.51,60.47,62.41,0.183,0.29,1.208,0.08,0.4,57.47,0.461,0.435,5.75,152.61,2.781,1.563,0.611,,39.67,37.77
8502701-99,Risoto,,113,6.66,1.99,17.16,1.1,19.37,15.38,0.237,66.15,1.02,307.73,182.1,0.082,0.53,7.5,1.5,152.81,0.088,0.047,2.977,0.178,0.057,20.52,0.033,0.796,2.83,14.14,0.419,0.651,0.699,0.017,3.6,3.37
8502801-99,Vatapa,,226.1,13.77,15.61,9.28,1.32,30.68,53.59,0.373,173.18,1.7,225.28,391.08,0.382,1.17,21.72,10.36,19.68,0.181,0.212,5.038,0.398,1.121,41.16,10.286,2.277,9.73,40.61,6.633,5.026,2.933,0.049,2.29,0.27
8502901-99,Farofa Pronta,,406,2.1,9.1,80.3,7.8,66,34,0.29,45,1.4,575,201,,0.2,,,,0.1,,,0.15,,,,,,,1.9,2.4,2.5,,,
8503202-99,Caldo de Carne,,7,1.36,,0.45,,5.03,2.62,0.01,14.04,0.23,200.79,67.46,0.006,0.01,0.76,,,0.009,0.012,0.313,0.011,0.076,2.7,,0.005,0.38,,,,,,0.17,
8503203-99,Caldo de Feijao,,75.5,4.78,1.76,10.33,2.2,33.67,23.4,0.221,60.15,1.35,401.39,221.4,0.107,0.61,2.89,0.43,7.42,0.058,0.029,0.516,0.051,0.048,27.92,0.027,0.365,0.39,4.32,0.571,0.738,0.233,0.012,1.08,0.82
8503204-99,Caldo de Mocoto,,7,1.36,,0.45,,5.03,2.62,0.01,14.04,0.23,200.79,67.46,0.006,0.01,0.76,,,0.009,0.012,0.313,0.011,0.076,2.7,,0.005,0.38,,,,,,0.17,
8503501-99,Baiao de Dois,,136,6.2,3.2,20.4,5.1,33,19,0.27,72,0.6,93,157,0.08,0.6,,,,0.04,,,0.04,,,,,,4,0.6,1,1.5,,,
8503801-99,Churrasco,,204,30.67,9,,,7,20,0.011,193,2.53,41,252,0.074,5.2,31.7,,,0.07,0.163,5.36,0.403,1.71,10,0.6,0.43,,58,3.415,3.918,0.347,0.409,,
8504201-99,Sushi,,146.8,5.56,0.45,29.19,0.91,16.78,21.24,0.44,79.56,1.27,216,100.86,0.081,0.6,12.47,1.41,37.26,0.178,0.044,1.652,0.125,0.272,44.91,0.211,0.165,1.54,7.38,0.114,0.104,0.157,,5.68,4.6
8504401-99,Salada de Frutas,,51.2,0.62,0.14,13.31,1.68,15.88,7.5,0.037,13.34,0.16,0.82,154.02,0.062,0.06,0.44,,4.51,0.05,0.039,0.197,0.057,,10.26,,0.245,23.2,,0.029,0.012,0.039,,10.26,
8504501-99,"Sopa (Legumes, Carne, Etc)",,28.8,1.63,0.78,3.81,0.64,6.74,5.38,0.055,20.17,0.22,333.11,57.45,0.026,0.24,2.23,,28.69,0.016,0.018,0.693,0.044,0.074,2.9,0.02,0.056,0.51,3.48,0.307,0.321,0.049,0.033,0.23,
8504801-99,Salpicao,,202.9,14.26,14.41,3.93,0.55,28.29,16.51,0.049,123.93,0.91,202.76,173.16,0.044,0.75,15.64,44.84,55.82,0.056,0.16,4.729,0.338,0.374,20.36,0.349,1.113,3.08,114.28,2.68,4.015,6.351,0.07,2.91,2.09
8505201-99,Charuto de Repolho,,84.9,9.63,1.3,8.75,1.2,19.31,17.97,0.165,79.98,1.39,415.85,255.67,0.101,1.28,9.11,,6.81,0.067,0.093,1.562,0.147,0.624,19.51,0.19,0.556,10.5,20.79,0.421,0.49,0.103,0.052,2.81,0.34
8505401-99,Arroz a Grega,,92,2.17,1.69,17.47,1,16.89,14.62,0.323,46.65,1.18,179.39,222.66,0.103,0.36,4.46,,25.36,0.109,0.03,1.148,0.143,,31.77,,0.667,24.32,,0.278,0.383,0.911,0.007,3.04,0.43
8505501-99,Arrumadinho,,198.9,9.33,8.47,21.73,3.47,57.81,36.44,0.371,114.56,2.22,478.42,375.01,0.177,1.14,6.06,13.46,94.41,0.124,0.071,1.535,0.134,0.2,42.61,0.076,0.739,6.7,19.41,2.967,3.142,1.507,0.096,1.03,0.11
8505601-99,Bobo de Camarao,,72.1,2.63,4.42,5.48,0.15,62.24,8.21,0.027,56.01,0.29,381.15,106.07,0.029,0.29,4.48,21.38,23.32,0.042,0.11,0.331,0.029,0.269,7.32,0.624,0.599,0.56,12.98,1.69,1.217,1.182,0.184,3.01,
8505701-99,"Caruru (Quiabo, Amendoim, Castanha de Caju, Camarao Seco, Etc)",,215.9,6.07,20.07,4.07,1.41,44.86,40.28,,64.6,1,59.85,225.69,0.09,0.69,9.83,48.23,,0.08,0.04,,0.13,0.36,,0.86,7.55,9.7,47.04,9.8,7.34,1.96,,,
8505801-99,Cuscuz Paulista,,142,2.6,4.6,22.5,2.4,14,5,0.06,26,0.3,236,53,0.05,0.2,,,,,,0.93,,,,,,,15,1.8,1.8,0.8,,,
8505901-99,"Empadao (Queijo, Frango, Camarao, Palmito, Etc)",,154,7.89,7.91,12.47,1.03,12.56,11.32,0.188,74.34,1.06,193.95,136.56,0.071,0.43,8.46,1.44,80.47,0.153,0.109,3.624,0.132,0.104,33.27,0.032,0.216,1.78,17.32,2.707,3.109,1.589,0.734,1.22,
8506001-99,Farofa de Banana,,309.6,1.66,11.17,52.89,5.35,35.79,32.06,0.295,34.77,0.85,288.06,300.14,0.043,0.18,,3.58,,0.068,0.041,0.371,0.279,,,,,4.85,,2.02,2.685,5.008,,,
8506101-99,Feijao Tropeiro,,198.9,9.33,8.47,21.73,3.47,57.81,36.44,0.371,114.56,2.22,478.42,375.01,0.177,1.14,6.06,13.46,94.41,0.124,0.071,1.535,0.134,0.2,42.61,0.076,0.739,6.7,19.41,2.967,3.142,1.507,0.096,1.03,0.11
8506201-99,Galinha com Arroz,,143.5,4.46,3.07,23.93,0.65,16.96,14.28,0.413,58.72,1.18,534.1,99.56,0.091,0.54,9.42,0.55,1.88,0.144,0.04,2.177,0.141,0.024,37.4,0.035,0.271,1.32,5.34,0.547,0.752,1.588,0.02,0.83,0.04
8506301-99,Galinhada,,143.5,4.46,3.07,23.93,0.65,16.96,14.28,0.413,58.72,1.18,534.1,99.56,0.091,0.54,9.42,0.55,1.88,0.144,0.04,2.177,0.141,0.024,37.4,0.035,0.271,1.32,5.34,0.547,0.752,1.588,0.02,0.83,0.04
8506401-99,Moqueca Baiana,,130.1,13.62,7.54,1.66,0.17,39.94,24.91,0.141,171.45,3.35,242.19,309.45,0.249,0.93,26.57,29.9,35.22,0.11,0.099,1.826,0.117,10.403,11.3,1.735,0.881,5.9,41.66,5.099,1.079,0.513,0.011,0.55,
8506501-99,Omelete,,241.6,11.04,21.26,0.98,,44.4,8.91,0.023,150.88,1.05,357.48,110.58,0.013,0.92,32.5,147.37,148.54,0.058,0.45,0.056,0.106,0.974,38.6,1.123,1.881,,371.93,4.736,6.299,8.141,0.064,1.07,
8506601-99,Pirao,,119.6,8.05,5.76,8.9,0.75,61.42,24.9,0.068,128.38,0.3,128.85,255.1,0.063,0.45,16.2,39.6,67.82,0.079,0.124,1.079,0.157,0.762,10.11,0.681,0.382,2.54,30.16,2.835,1.588,0.905,0.152,3.04,0.07
8506701-99,Quibebe,,36.4,0.72,1.92,4.9,1.1,15,9,0.089,30,0.57,1,230,0.091,0.23,1.05,,249.58,0.031,0.078,0.413,0.044,,9,,0.952,4.7,,0.327,0.431,1.074,0.01,3.3,
8506801-99,Quiche,,282.7,10.34,20.44,13.85,0.56,156.43,14.82,0.118,177.97,0.97,408.79,145.81,0.045,1.04,16.77,70.83,72.13,0.161,0.279,1.442,0.079,0.527,39.62,0.639,0.343,0.51,97.7,8.675,7.707,2.623,1.086,3.14,0.07
8506901-99,Sufle,,126.1,5.11,9.17,6.4,1.1,101.63,40.9,0.405,90.54,1.85,487,444.31,0.082,0.67,9.16,90.47,297.31,0.097,0.272,0.482,0.133,0.366,75.98,0.665,1.207,3.91,100.96,5.014,2.592,0.619,0.277,2.32,
8507001-99,Tutu,,123.8,5.41,1.64,22.34,4.04,56.18,38.08,0.344,65.22,2.11,4.78,336.94,0.166,0.79,1.36,,,0.078,0.025,0.076,0.05,,43.74,,0.625,,,0.283,0.352,0.905,0.007,0.27,
8507101-99,Moqueca Capixaba,,100.5,14.34,3.66,1.75,0.18,42.04,26.22,0.149,180.47,3.53,254.93,325.74,0.256,0.98,28.68,31.47,37.07,0.116,0.104,1.922,0.123,10.951,11.9,1.826,0.832,6.21,43.85,0.867,0.826,1.342,0.009,0.57,
8507201-99,Manicoba,,181.8,15.09,12.16,2.92,1.31,74.71,20.79,0.227,130.08,1.34,508.52,228.63,0.06,1.83,15.83,2.87,189.51,0.227,0.188,3.381,0.266,0.544,46.06,0.243,0.769,8.94,47.48,3.777,4.903,2.249,0.063,0.91,0.27
8507301-99,Caldo Verde,,94.9,3.53,2.9,14.19,2.14,40.01,16.6,0.156,43.75,0.38,1291.11,278.27,0.126,0.41,0.49,1.16,76.8,0.104,0.061,1.617,0.242,0.114,43.7,,0.604,12.84,8.09,0.909,1.203,0.433,0.011,0.94,
8507401-99,Arroz de Cuxa,,102.7,2.38,0.95,20.92,1.92,44.46,7.56,0.338,21.44,0.4,5.63,44.97,0.022,0.41,0.15,,121.72,0.012,0.033,0.174,0.039,,27.9,,0.264,5.46,,0.26,0.165,0.445,,0.42,
8507501-99,Angu a Baiana,,125.3,9.01,5.75,8.87,0.31,5.34,10.95,0.062,102.45,2.02,315.96,133.87,1.517,1.42,12.18,942.8,946,0.102,0.524,3.347,0.173,8.393,51.26,0.1,0.392,0.89,69.2,1.785,1.851,1.271,0.181,0.74,
8507601-99,Chocolate,,535,7.65,29.66,59.4,3.4,189,63,0.471,208,2.35,79,372,0.491,2.3,4.5,56,56.67,0.112,0.298,0.386,0.036,0.75,11,,0.51,,23,20.78,15.869,1.256,0.09,54.8,46.99
8507701-99,Gemada,,134.8,3.8,7.47,13.52,,129.8,18.97,0.005,108.83,0.2,53.92,164.75,0.013,0.46,4.19,44.93,45.47,0.034,0.19,0.105,0.05,0.449,1,0.985,0.2,1.5,58.91,4.436,2.23,0.338,0.19,4.29,
8507801-99,Acai com Granola,,110,0.7,3.7,21.5,1.7,22,13,3.29,11,0.3,15,75,0.14,0.2,,,,,,,0.07,,,,,10.3,,0.7,1.9,0.3,,,
8507901-99,Suco Organico,,41.8,0.59,0.14,9.81,0.31,7.97,10.95,0.014,13.94,0.44,1.99,174.27,0.057,0.07,0.1,,8.76,0.06,0.028,0.313,0.088,,17.93,,0.199,34.26,,0.018,0.025,0.034,,8.12,
8507902-99,Suco de Abacaxi Organico,,53.2,0.36,0.12,12.92,0.2,13.05,12.05,0.506,8.03,0.31,2.01,130.5,0.069,0.11,0.1,,0.25,0.058,0.021,0.2,0.1,,18.07,,0.02,10.04,,0.008,0.014,0.042,,10.03,
8507903-99,Suco de Acerola Organico,,23.1,0.4,0.3,4.81,0.3,10.02,12.03,0.066,9.02,0.5,3.01,97.24,0.086,0.1,0.1,,25.48,0.02,0.06,0.401,0.004,,14.03,,0.18,1603.91,,0.068,0.082,0.09,,4.41,
8507906-99,Suco de Goiaba Organico,,62.3,0.37,0.14,15.62,0.79,2.75,3.2,0.022,5.82,0.04,0.29,60.91,0.033,0.03,0.17,,4.53,0.01,0.008,0.158,0.016,,7.12,,0.106,33.2,,0.04,0.013,0.058,,14.81,13.54
8507907-99,Suco de Laranja Organico,,41.8,0.59,0.14,9.81,0.31,7.97,10.95,0.014,13.94,0.44,1.99,174.27,0.057,0.07,0.1,,8.76,0.06,0.028,0.313,0.088,,17.93,,0.199,34.26,,0.018,0.025,0.034,,8.12,
8507911-99,Suco de Laranja Cenoura e Beterraba Organico,,30.8,0.81,0.12,7.11,0.76,17.14,11.73,0.123,31.27,0.39,28.03,222.58,0.038,0.16,0.47,,602.42,0.061,0.04,0.285,0.145,,12.66,,0.736,5.81,,0.021,0.009,0.053,,4.71,
8507913-99,Suco de Manga Organico,,50.9,0.11,0.06,13.08,0.3,16.95,2.99,0.028,2,0.36,4.99,23.93,0.015,0.02,0.4,,34.49,0.003,0.003,0.08,0.015,,6.98,,0.209,15.16,,0.014,0.022,0.011,,12.42,9.43
8507914-99,Suco de Maracuja Organico,,60.1,0.67,0.18,14.48,0.2,4.01,17.04,0.013,25.06,0.36,6.01,278.63,0.05,0.06,0.1,,47.27,,0.101,2.245,0.06,,8.02,,0.01,18.24,,0.015,0.022,0.106,,11.44,
8507916-99,Suco de Morango Organico,,59.2,0.57,0.1,14.51,0.23,9.49,10.23,0.363,11.9,0.25,2.87,133.74,0.029,0.06,0.12,,0.43,0.026,0.036,0.271,0.064,,4.42,,0.019,4.04,,0.024,0.006,0.031,,14.45,
8507917-99,Suco de Pessego Organico,,54,0.27,0.02,13.92,0.6,5,4,0.019,6,0.19,7,39.99,0.069,0.08,0.2,,12.87,0.003,0.014,0.288,0.007,,1,,0.29,5.3,,0.002,0.008,0.011,,13.24,9.3
8507918-99,Suco de Pessego em Calda Organico,,54,0.27,0.02,13.92,0.6,5,4,0.019,6,0.19,7,39.99,0.069,0.08,0.2,,12.87,0.003,0.014,0.288,0.007,,1,,0.29,5.3,,0.002,0.008,0.011,,13.24,9.3
8508003-99,Pizza Pronta Light,,255.6,14.6,8.45,29.82,1.74,308.77,24.06,0.288,264.19,2.16,736.75,184.62,0.106,1.59,17.98,51.25,57.59,0.326,0.355,2.566,0.097,0.896,93.33,0.08,0.545,2.17,21.88,5.116,2.355,0.43,0.168,2.19,0.44
8508004-99,Lazanha Pronta Light,,144.3,10.93,5.67,12.34,1.11,146.58,19.89,0.162,143.74,1.51,314,200.97,0.091,1.75,15.64,40.68,47.15,0.102,0.159,1.6,0.123,0.519,43.09,0.104,0.519,3.56,26.34,3.241,1.704,0.311,0.139,2.27,0.17
8508012-2,"Macarrao Pronto Light, cozido(a)",,189.9,5.64,7.18,25.54,1.16,94.04,19.73,0.209,101.26,0.87,429.68,128.16,0.073,0.64,20.21,33.88,33.49,0.203,0.195,1.134,0.058,0.214,81.11,0.373,0.427,0.09,8.28,2.363,1.822,2.485,0.203,4.48,1.73
8508017-99,Pizza Portuguesa Light,,229.6,11.75,10.21,22.4,1.56,160.1,20.31,0.282,176.51,1.86,668.22,214.72,0.12,1.29,14.63,25.5,32.11,0.285,0.279,2.892,0.158,0.67,68.77,0.08,0.447,10.22,26.19,4.482,3.587,0.855,0.228,2.31,0.31
8508101-99,Farofa Pronta Light em Pacote,,406,2.1,9.1,80.3,7.8,66,34,0.29,45,1.4,575,201,,0.2,,,,0.1,,,0.15,,,,,,,1.9,2.4,2.5,,,
8508301-99,Vaca Atolada,,245,11.6,15.04,15.05,0.8,15,23.5,0.036,99,1.23,32.5,201,0.047,2.8,11.2,,,0.065,0.085,1.715,0.13,1.275,3.5,0.3,0.12,5.55,42,6.055,6.45,0.575,0.675,,
8508401-99,"Salada ou Verdura Crua, Exceto de Fruta",,18,0.88,0.2,3.92,1.2,10,11,0.114,24,0.27,5,237,0.059,0.17,,,41.62,0.037,0.019,0.594,0.08,,15,,0.54,12.7,,0.028,0.031,0.083,,2.62,
8508403-99,Outros Legumes Cozidos,,60.5,1.24,0.14,14.12,2.52,19,15,0.148,35,0.33,31.5,281.5,0.092,0.23,0.5,,425.92,0.082,0.032,0.979,0.211,,11.5,,0.545,5.5,,0.028,0.004,0.066,,2.16,
8509801-99,Cafe da Manha,,31.4,1.72,1.69,2.57,0.23,59.27,6.66,0.013,48.43,0.02,21.63,98.27,0.007,0.22,1.91,14.44,14.65,0.03,0.132,0.151,0.019,0.227,3.58,0.516,0.036,,5.16,0.963,0.426,0.101,0.06,2.71,
8570101-99,Prato de Comida Brasileiro,,148.4,6.74,3.86,21.34,2.31,24.25,21.94,0.308,64.88,1.49,8.77,173.51,0.107,1.11,11.49,,,0.114,0.071,0.826,0.059,0.264,55.15,0.065,0.387,,7,0.971,1.158,1.349,0.073,0.28,
8570102-99,Prato de Comida Ne,,129.2,6.49,2.66,19.48,2.33,26.62,21.78,0.294,65.48,1.29,69.85,187.9,0.106,1.11,4.35,,0.01,0.051,0.041,0.635,0.058,0.287,22.22,0.071,0.307,,7.61,0.806,0.929,0.638,0.072,0.29,
8570103-99,Prato de Comida N,,157.1,6.53,3.36,24.99,2.94,35.03,25.03,0.269,64.97,1.52,10.82,239.42,0.107,1.26,4.18,,,0.058,0.04,0.418,0.056,0.334,23.97,0.082,0.368,,8.84,0.983,1.151,0.892,0.086,0.14,
8570104-99,Prato de Comida Se,,131.1,8.62,5.3,12,1.86,23.52,20.56,0.217,79.54,1.51,19.35,246.57,0.098,1.82,7.7,,8.12,0.052,0.069,0.926,0.097,0.69,21.72,0.171,0.428,2.48,18.29,1.684,2.035,0.993,0.172,0.61,
8570105-99,Prato de Comida Sul,,148.4,6.74,3.86,21.34,2.31,24.25,21.94,0.308,64.88,1.49,8.77,173.51,0.107,1.11,11.49,,,0.114,0.071,0.826,0.059,0.264,55.15,0.065,0.387,,7,0.971,1.158,1.349,0.073,0.28,
8570106-99,Prato de Comida Co,,105.9,5.68,2.91,14.27,2.22,26.45,20.66,0.257,57.6,1.27,10.38,229.53,0.099,1.08,3.6,,9.65,0.046,0.039,0.496,0.067,0.287,24.11,0.071,0.442,2.94,7.61,0.844,0.989,0.786,0.074,0.73,
8570107-99,Arroz com Feijao,,116.5,4.17,1.5,21.42,2.66,29.36,20.22,0.338,42.78,1.15,3.2,175.56,0.095,0.66,0.75,,,0.035,0.014,0.042,0.028,,24.3,,0.347,,,0.327,0.301,0.785,0.004,0.15,
8570328-99,Pao com Manteiga,,369.5,6.81,16.1,48.84,1.92,17.33,21.17,0.383,83.17,0.84,636,122.33,0.108,0.68,0.17,114.33,114.03,0.327,0.563,1.957,0.5,0.028,0.5,0.233,0.387,,35.83,9.395,4.253,1.09,0.547,0.02,
8570329-99,Pao com Margarina,,369.8,6.82,16,48.98,1.92,18.33,21.33,0.383,83,0.83,697.17,125.33,0.115,0.7,,139.17,143.4,0.327,0.565,1.953,0.502,0.017,0.17,,0.517,0.03,,3.617,7.3,4.067,4.307,0.15,
8570330-99,Pao com Ovo,,261.3,10.84,10.38,29.91,1.15,35.17,17.93,0.244,140.98,1.15,391.39,139.48,0.072,0.97,18.14,92.8,92.03,0.231,0.614,1.205,0.366,0.604,23.91,0.696,0.81,,230.44,2.755,3.363,2.885,0.017,0.66,
8571110-99,"Carne com Batata, Inhame, Batata Baroa ou Aipim",,188.2,12.96,10.5,10.01,1.02,8,20,0.071,118,1.56,36,332.5,0.13,2.99,15.55,,0.08,0.09,0.123,2.26,0.262,1.415,9,0.35,0.324,3.7,37.5,3.31,4.126,1.909,0.355,0.43,
8571111-99,"Carne com Legumes (Exceto Batata, Inhame e Aipim)",,150.5,12.47,9.95,2.45,0.55,11.5,14.5,0.045,113,1.69,34,283.5,0.092,2.97,15.26,,124.79,0.056,0.152,1.81,0.15,1.415,9,0.35,0.651,2.35,37.5,3.233,4.009,1.584,0.352,1.65,
8571112-99,"Frango com Batata, Inhame Batata Baroa ou Aipim",,153.7,16.31,5.04,10.01,1.02,11.5,23.5,0.079,128,0.69,41,287.5,0.109,0.75,13.6,4.5,4.58,0.082,0.068,6.866,0.435,0.17,6.5,0.1,0.389,3.7,42.5,1.076,1.395,2.092,0.06,0.43,
8571113-99,"Frango com Legumes (Exceto Batata,inhame e Aipim)",,116,15.81,4.5,2.45,0.55,15,18,0.053,123,0.82,39,238.5,0.071,0.73,13.31,4.5,129.29,0.048,0.097,6.417,0.322,0.17,6.5,0.1,0.716,2.35,42.5,0.999,1.278,1.767,0.057,1.65,
8578404-99,Abobora com Quiabo,,21,1.29,0.14,4.71,1.8,46,22.5,0.192,31,0.42,3.5,182.5,0.088,0.33,0.3,,131.88,0.082,0.067,0.642,0.116,,27.5,,0.535,10.5,,0.041,0.019,0.025,,2.78,
8579002-99,Arroz Carreteiro,,154,10.8,7.1,11.6,1.5,13,9,0.18,48,1,1622,87,0.08,2.7,,,,0.03,,,0.07,,,,,,36,3.2,3,0.2,,,
8579003-99,Maria Izabel,,154,10.8,7.1,11.6,1.5,13,9,0.18,48,1,1622,87,0.08,2.7,,,,0.03,,,0.07,,,,,,36,3.2,3,0.2,,,
8579004-99,Arroz de Leite,,142.4,2.98,4.17,22.62,0.3,38.74,11.72,0.351,57.48,0.96,391.85,66.44,0.055,0.47,8.35,7.68,7.8,0.142,0.068,1.183,0.077,0.121,35.38,0.274,0.297,0.01,2.74,1.049,0.985,1.885,0.048,1.47,
8579005-99,Arroz com Mandioca,,130.3,1.55,0.75,28.94,1.57,11.25,14.62,0.177,19.88,0.09,1.09,57.26,0.012,0.34,,,,0.03,,,0.015,,,,,5.55,,0.225,0.161,0.332,0.003,,
8579006-99,Arroz com Ovo,,179.1,8.09,9.43,14.5,0.77,28.93,6.55,0.161,102.36,0.69,67.99,75.74,0.014,0.81,18.14,91.3,92.03,0.036,0.279,0.035,0.066,0.604,23.91,0.696,0.81,,230.44,2.43,3.024,2.817,0.017,0.66,
8800109-99,Palma,,41.9,1.35,3.1,3.28,2,164,47,0.408,16,0.5,20,195,0.049,0.21,2.1,,22.12,0.011,0.04,0.296,0.067,,3,,0.249,5.3,,0.483,0.701,1.781,0.016,1.27,
