codigo,grupo,descricao,umidade_pct,energia_kcal,energia_kj,proteina_g,lipideos_g,colesterol_mg,carboidrato_g,fibra_g,cinzas_g,calcio_mg,magnesio_mg,manganes_mg,fosforo_mg,ferro_mg,sodio_mg,potassio_mg,cobre_mg,zinco_mg,retinol_mcg,re_mcg,rae_mcg,tiamina_mg,riboflavina_mg,piridoxina_mg,niacina_mg,vitamina_c_mg
1,Cereais e derivados,"Arroz, integral, cozido",70.14,123.5,516.9,2.59,1,,25.81,2.75,0.46,5.2,58.7,0.627,105.85,0.26,1.24,75.15,0.02,0.68,,,,0.08,0,0.08,0,
2,Cereais e derivados,"Arroz, integral, cru",12.18,359.7,1504.9,7.32,1.86,,77.45,4.82,1.18,7.82,109.71,2.993,250.87,0.95,1.65,173.34,0.075,1.4,,,,0.262,0,0.175,4.183,
3,Cereais e derivados,"Arroz, tipo 1, cozido",69.11,128.3,536.6,2.52,0.23,,28.06,1.56,0.08,3.54,2.25,0.297,17.95,0.08,1.2,14.67,0.015,0.49,,,,0,0,0,0,
4,Cereais e derivados,"Arroz, tipo 1, cru",13.22,357.8,1497,7.16,0.34,,78.76,1.64,0.52,4.41,30.38,1.032,104.21,0.68,1.02,62.5,0.115,1.22,,,,0.163,0,0.069,1.117,
5,Cereais e derivados,"Arroz, tipo 2, cozido",68.73,130.1,544.4,2.57,0.36,,28.19,1.07,0.15,3.33,6.05,0.371,21.52,0.05,1.96,20.2,0.041,0.55,,,,0,0,0,0,
6,Cereais e derivados,"Arroz, tipo 2, cru",13.16,358.1,1498.4,7.24,0.28,,78.88,1.72,0.44,4.83,29.24,0.828,82.04,0.6,0.57,57.28,0.052,1.27,,,,0.163,0,0.049,0.918,
7,Cereais e derivados,"Aveia, flocos, crua",9.13,393.8,1647.8,13.92,8.5,,66.64,9.13,1.81,47.89,118.76,1.895,153.4,4.45,4.63,336.33,0.44,2.63,,,,0.553,0.03,0,4.47,1.35
8,Cereais e derivados,"Biscoito, doce, maisena",3.22,442.8,1852.8,8.07,11.97,,75.23,2.1,1.51,54.45,37.14,0.778,166.1,1.76,352.03,141.64,0.17,1.03,,,,1.01,0.417,0.23,3.907,6.22
9,Cereais e derivados,"Biscoito, doce, recheado com chocolate",2.18,471.8,1974.1,6.4,19.58,0,70.55,2.96,1.29,27.23,47.98,0.588,139.45,2.27,239.2,232.4,0.273,0.99,0,,,0.317,0.393,0.457,2.523,3.53
10,Cereais e derivados,"Biscoito, doce, recheado com morango",2.73,471.2,1971.4,5.72,19.57,0,71.01,1.53,0.96,35.78,27.1,0.659,137.74,1.48,229.82,113.01,0.127,0.73,0,,,0.897,0.42,0.21,1.497,0
11,Cereais e derivados,"Biscoito, doce, wafer, recheado de chocolate",1.17,502.5,2102.3,5.56,24.67,0,67.54,1.8,1.06,23.34,47.85,0.435,124.2,2.44,137.24,240.45,0.263,0.87,0,,,0.367,0.03,0.297,1.12,0
12,Cereais e derivados,"Biscoito, doce, wafer, recheado de morango",1.17,513.4,2148.3,4.52,26.4,1.27,67.35,0.82,0.56,13.71,18.54,0.28,73.16,1.09,119.9,74.84,0.083,0.51,0,,,0.357,0,0.94,0.373,
13,Cereais e derivados,"Biscoito, salgado, cream cracker",4.06,431.7,1806.4,10.06,14.44,,68.73,2.51,2.72,20,39.75,0.69,148.26,2.2,854.36,180.61,0.18,1.14,,,,0.71,0.13,0.17,7.137,
14,Cereais e derivados,"Bolo, mistura para",1,418.6,1751.6,6.16,6.13,0,84.71,1.7,2,58.88,27.92,0.463,332.66,1.21,462.88,75.36,0.153,0.58,,,,0.177,0,1.503,1.517,0
15,Cereais e derivados,"Bolo, pronto, aipim",34.13,323.9,1355,4.42,12.75,73.2,47.86,0.69,0.84,85.02,10.34,0.107,122.19,0.49,111.01,134.82,0.052,0.42,0,,,0.13,0.07,0,0,0
16,Cereais e derivados,"Bolo, pronto, chocolate",19.28,410,1715.5,6.22,18.47,76.8,54.72,1.43,1.31,74.58,27.69,0.379,196.98,2.13,283.3,211.76,0.046,0.71,0,,,0.133,0.093,0.05,0,0
17,Cereais e derivados,"Bolo, pronto, coco",29.32,333.4,1395.1,5.67,11.3,63.21,52.28,1.05,1.44,57.11,16.25,0.399,303.4,0.85,190.34,143.29,0.089,0.68,0,0,0,0.153,0.057,0,0,0
18,Cereais e derivados,"Bolo, pronto, milho",36.69,311.4,1302.8,4.8,12.41,81.69,45.11,0.71,0.98,82.58,10.25,0.108,128.2,0.65,133.81,118.43,0.04,0.43,56.89,,,0.11,0.05,0,0,0
19,Cereais e derivados,"Canjica, branca, crua",13.56,357.6,1496.2,7.2,0.97,,78.06,5.5,0.21,1.96,12.32,0.086,48.5,0.32,0.79,92.95,0.045,0.36,,,,0,0,0,0,0
20,Cereais e derivados,"Canjica, com leite integral",72.49,112.5,470.5,2.36,1.24,1.35,23.63,1.22,0.27,42.56,5.84,0.02,40.58,0.06,27.59,69.81,0.026,0.28,0,,,0,0.04,0,0,0
21,Cereais e derivados,"Cereais, milho, flocos, com sal",9.29,369.6,1546.4,7.29,1.6,,80.83,5.29,0.98,1.81,20.1,0,90.77,0.52,271.74,68.66,0,0.61,,,,0.12,0,0.06,0,0
22,Cereais e derivados,"Cereais, milho, flocos, sem sal",11.22,363.3,1520.2,6.88,1.18,,80.45,1.84,0.27,1.97,16.55,0,58.36,1.69,30.97,28.7,0.24,0.33,,,,0.05,0,0.04,0,0
23,Cereais e derivados,"Cereais, mingau, milho, infantil",4.7,394.4,1650.3,6.43,1.09,,87.27,3.21,0.51,218.81,16.03,0.106,169.16,3.03,399.4,82.02,0.043,0.36,21.42,,,3.723,0.467,5.077,24.163,109.37
24,Cereais e derivados,"Cereais, mistura para vitamina, trigo, cevada e aveia",4.37,381.1,1594.7,8.9,2.12,,81.62,4.98,3,584.25,72.27,2.284,515.04,12.64,1163.26,244.36,0.206,2.02,0,,,0.76,0.877,1.487,7.457,13.11
25,Cereais e derivados,"Cereal matinal, milho",5.53,365.4,1528.6,7.16,0.96,,83.82,4.12,2.54,142.92,10.93,0.059,100.8,3.05,654.54,83.09,0.06,7.63,,30.92,15.46,0.76,1.02,2.247,11.04,17.29
26,Cereais e derivados,"Cereal matinal, milho, açúcar",4.27,376.6,1575.5,4.74,0.67,,88.84,2.11,1.48,56.42,7.94,0.134,43.18,3.9,405.31,51.6,0.04,8.48,,30.92,15.46,0.727,1.11,0.787,10.133,14.55
27,Cereais e derivados,"Creme de arroz, pó",7.33,386,1615,7.03,1.23,,83.87,1.07,0.54,7.09,50.5,1.237,153.02,0.63,1.03,114.68,0.038,1.86,,,,0.217,0,0.053,0,0
28,Cereais e derivados,"Creme de milho, pó",5.65,333,1393.4,4.82,1.64,,86.15,3.72,1.74,323.16,30.06,0.2,303.27,4.26,593.79,165.72,0.043,0.78,,,,0.74,0,2.053,0,96.34
29,Cereais e derivados,"Curau, milho verde",81.56,78.4,328.2,2.36,1.64,4.74,13.94,0.46,0.49,52.6,15.96,0.056,74.66,0.45,20.51,161.84,0.025,0.4,12.07,20.07,16.07,0.037,0.07,0,0,0
30,Cereais e derivados,"Curau, milho verde, mistura para",3.92,402.3,1683.2,2.22,13.37,,79.82,2.52,0.67,30.88,8.5,0.055,44.62,0.86,222.93,55.34,0.029,0.24,,,,0.133,0,0,0,0
31,Cereais e derivados,"Farinha, de arroz, enriquecida",12.69,363.1,1519,1.27,0.3,,85.5,0.58,0.23,1.12,4.3,0.042,35.96,31.38,17.1,12.54,0,8.48,,,,3.233,0,3.467,24.423,173.59
32,Cereais e derivados,"Farinha, de centeio, integral",10.78,335.8,1404.9,12.52,1.75,,73.3,15.48,1.66,33.92,120.23,3.857,339.99,4.73,41.38,333.62,0.563,2.66,,,,0.287,0.03,0.08,0,0
33,Cereais e derivados,"Farinha, de milho, amarela",11.77,350.6,1466.9,7.19,1.47,,79.08,5.49,0.49,1.28,30.95,0,84.22,2.25,44.93,57.85,0.267,0.6,,18,9,0.253,0,0.253,0,0
34,Cereais e derivados,"Farinha, de rosca",9.81,370.6,1550.5,11.38,1.46,,75.79,4.82,1.56,35.3,56.88,1.621,194.96,6.73,332.5,212.14,0.263,1.67,,,,0.253,0,0.09,0,0
35,Cereais e derivados,"Farinha, de trigo",12.98,360.5,1508.2,9.79,1.37,,75.09,2.35,0.77,17.86,31,0.46,114.74,0.95,0.74,151.37,0.15,0.83,,,,0.313,0,0,0.89,0
36,Cereais e derivados,"Farinha, láctea, de cereais",2.7,414.9,1735.7,11.88,5.79,11.27,77.77,1.94,1.86,196.06,57.69,1.489,296.44,8.72,125.07,365.6,0.193,1.73,492.25,,,1.43,1.133,1.137,9.5,24.31
37,Cereais e derivados,"Lasanha, massa fresca, cozida",59.65,163.8,685.2,5.81,1.16,,32.52,1.64,0.86,9.97,3.54,0.195,42.38,1.19,206.77,53.91,0.071,0.41,,,,0.04,0,0,3.96,
38,Cereais e derivados,"Lasanha, massa fresca, crua",44.99,220.3,921.8,7.01,1.34,,45.06,1.61,1.61,16.55,12.59,0.345,81.96,1.87,666.71,136.61,0.098,0.76,,,,0.08,0,0,0,
39,Cereais e derivados,"Macarrão, instantâneo",5.97,435.9,1823.7,8.79,17.24,,62.43,5.61,5.57,17.63,19.37,0.253,112.15,0.8,1515.53,147.92,0.103,0.5,,,,1.18,0.04,0.533,9.367,0
40,Cereais e derivados,"Macarrão, trigo, cru",10.24,371.1,1552.8,10,1.3,,77.94,2.93,0.51,17.3,27.69,0.528,99.81,0.88,7.17,147.06,0.15,0.78,,,,0.177,0.02,0,3.567,0
41,Cereais e derivados,"Macarrão, trigo, cru, com ovos",10.56,370.6,1550.5,10.32,1.97,17.57,76.62,2.3,0.52,19.45,0,0.397,118.48,0.92,14.74,134.1,0.137,0.81,0,,,0.107,0.05,0.03,4.37,0
42,Cereais e derivados,"Milho, amido, cru",12.18,361.4,1512,0.6,0,,87.15,0.74,0.07,1.06,3.03,0.018,12.6,0.13,8.08,8.54,0.015,0.08,,,,0,0,0,0,0
43,Cereais e derivados,"Milho, fubá, cru",11.45,353.5,1479,7.21,1.9,,78.87,4.71,0.56,2.67,41.23,0.339,107.84,0.85,0,168.33,0.08,1.09,,26,13,0.253,0,0,0.747,0
44,Cereais e derivados,"Milho, verde, cru",63.54,138.2,578.1,6.59,0.61,,28.56,3.92,0.71,1.61,32.58,0.118,112.7,0.41,1.12,184.82,0.05,0.52,,32,16,0.3,0,0.04,0,0
45,Cereais e derivados,"Milho, verde, enlatado, drenado",76.22,97.6,408.2,3.23,2.35,,17.14,4.64,1.06,2.17,20.38,0.093,61.31,0.59,260.35,162.02,0.046,0.5,,48,24,0,0.05,0,3.737,1.74
46,Cereais e derivados,"Mingau tradicional, pó",8.14,373.4,1562.4,0.58,0.37,,89.34,0.88,1.57,522.05,4.28,0,273.32,41.99,14.86,0,0,15.21,1533.24,,,3.407,0,3.11,19.393,0
47,Cereais e derivados,"Pamonha, barra para cozimento, pré-cozida",61.31,171.2,716.4,2.55,4.85,,30.68,2.37,0.61,4.16,15.35,0.125,54.59,0.36,131.99,125.35,0.034,0.42,,,,0,0,0,0,0
48,Cereais e derivados,"Pão, aveia, forma",19.92,343.1,1435.5,12.35,5.69,0,59.57,5.98,2.47,108.69,56.68,1.082,182.2,4.73,605.76,210.08,0.136,1.73,0,,,0.087,0.03,0.083,0,0
49,Cereais e derivados,"Pão, de soja",26.03,308.7,1291.7,11.34,3.58,,56.51,5.71,2.53,90.24,48.32,0.569,153.18,3.33,662.54,296.35,0.163,1.46,,,,0.07,0.04,0.793,0,0
50,Cereais e derivados,"Pão, glúten, forma",40.67,253,1058.5,11.95,2.73,,44.12,2.48,0.53,155.72,24.24,0.51,105.26,5.71,22.05,64.73,0.062,1.28,,,,0.043,0.03,0,0,0
51,Cereais e derivados,"Pão, milho, forma",30.42,292,1221.8,8.3,3.11,5.68,56.4,4.3,1.77,77.85,29.42,0.366,110.1,3.04,506.64,89.02,0.1,0.82,0,,,0.08,0,0.083,0,0
52,Cereais e derivados,"Pão, trigo, forma, integral",34.72,253.2,1059.4,9.43,3.65,,49.94,6.88,2.26,131.76,60.43,1.616,193.44,2.99,506.1,162.87,0.146,1.59,,,,0.077,0.04,0.147,0,0
53,Cereais e derivados,"Pão, trigo, francês",28.48,299.8,1254.4,7.95,3.1,,58.65,2.31,1.81,15.75,25.46,0.463,94.74,1,647.67,142.2,0.13,0.76,2.99,,,0.387,0.67,0.6,2.337,
54,Cereais e derivados,"Pão, trigo, sovado",25.76,311,1301.1,8.4,2.84,16.56,61.45,2.43,1.55,51.62,22.22,0.314,100.66,2.27,430.79,91.17,0,2.66,0,,,0.08,0.043,0.147,0,0
55,Cereais e derivados,"Pastel, de carne, cru",34.4,288.7,1207.9,10.74,8.79,18.2,42.02,1.04,4.05,16.69,17.7,0.343,117.38,1.99,1309.27,165.61,0.11,1.66,0,,,0.06,0.03,0,1.58,0
56,Cereais e derivados,"Pastel, de carne, frito",22.92,388.4,1625,10.1,20.14,25.34,43.77,0.99,3.07,12.55,14.44,0.216,90.03,2.51,1039.89,155.64,0.116,1.15,0,,,0.063,0.05,0,1.83,
57,Cereais e derivados,"Pastel, de queijo, cru",31.28,308.5,1290.7,9.85,9.63,14.35,45.95,1.11,3.28,154.7,15.81,0.245,168.12,0.99,984.57,102.58,0.099,0.97,0,,,0.073,0.033,0,0,0
58,Cereais e derivados,"Pastel, de queijo, frito",17.54,422.1,1766.1,8.71,22.67,15.38,48.13,0.94,2.95,126.13,14.74,0.201,123.81,1.34,821.38,123.75,0.099,0.76,17.58,,,0.09,0.04,0,0,0
59,Cereais e derivados,"Pastel, massa, crua",27.07,310.2,1297.9,6.9,5.48,,57.38,1.41,3.17,12.61,14.43,0.383,72.55,1.06,1344.2,166.68,0.105,0.61,,,,0.147,0,0,0,
60,Cereais e derivados,"Pastel, massa, frita",0.97,569.7,2383.5,6.02,40.86,,49.34,1.31,2.81,11.27,12.74,0.356,62.36,1.45,1174.67,142.55,0.079,0.52,,,,0.163,0,0,0,
61,Cereais e derivados,"Pipoca, com óleo de soja, sem sal",2.82,448.3,1875.8,9.93,15.94,,70.31,14.34,1,2.83,90.76,0.654,225.13,1.16,4.32,255.96,0.461,2.05,,,,0.033,0.03,0,0,0
62,Cereais e derivados,"Polenta, pré-cozida",72.74,102.7,429.9,2.29,0.3,,23.31,2.4,1.35,1.09,4.43,0,16.79,0,441.89,99.64,0.044,0.05,,,,0.043,0,0,0,0
63,Cereais e derivados,"Torrada, pão francês",9.05,377.4,1579.1,10.52,3.3,,74.56,3.4,2.57,18.74,31.6,0.553,113.92,1.24,829.49,189.49,0.161,0.91,,,,0.377,0,0,0,0
64,"Verduras, hortaliças e derivados","Abóbora, cabotian, cozida",86.35,48,201,1.44,0.73,,10.76,2.46,0.71,7.63,9.11,0.261,32.59,0.35,1.45,199.1,0.061,0.29,,,,0.077,0,0.07,0,7.46
65,"Verduras, hortaliças e derivados","Abóbora, cabotian, crua",88.52,38.6,161.5,1.75,0.54,,8.36,2.17,0.84,17.96,8.82,0.11,25.77,0.37,0,350.56,0.06,0.32,,446,223,0,0,0.1,0,5.09
66,"Verduras, hortaliças e derivados","Abóbora, menina brasileira, crua",95.69,13.6,56.9,0.61,0,,3.3,1.17,0.36,8.74,4.09,0.01,11.62,0.15,0,164.6,0.02,0,,1108,554,0.07,0,0.04,0,1.5
67,"Verduras, hortaliças e derivados","Abóbora, moranga, crua",95.87,12.4,51.7,0.96,0.06,,2.67,1.7,0.44,3.05,1.85,0.01,7.91,0,0,124.87,0.05,0.07,,278,139,0,0,0.063,0,9.65
68,"Verduras, hortaliças e derivados","Abóbora, moranga, refogada",92.46,29,121.4,0.39,0.8,,5.98,1.55,0.37,19.08,7.49,0.016,11.65,0.11,3.03,183.19,0.043,0.08,,95.33,47.67,0.053,0,0.05,0,6.73
69,"Verduras, hortaliças e derivados","Abóbora, pescoço, crua",92.49,24.5,102.4,0.67,0.12,,6.12,2.3,0.6,8.81,7.42,0.071,31.62,0.28,0.74,263.88,0.091,0.18,,,,0,0,0.06,0,2.09
70,"Verduras, hortaliças e derivados","Abobrinha, italiana, cozida",95.28,15,62.9,1.12,0.2,,2.98,1.59,0.42,16.73,16.86,0.106,22.49,0.16,0.83,125.88,0.012,0.26,,,,0.05,0,0.06,0,2.13
71,"Verduras, hortaliças e derivados","Abobrinha, italiana, crua",93.86,19.3,80.7,1.14,0.14,,4.29,1.35,0.56,15.13,19.95,0.09,32.02,0.24,0,253.38,0.047,0.17,,40.5,20.25,0,0.057,0.03,0,6.87
72,"Verduras, hortaliças e derivados","Abobrinha, italiana, refogada",93.49,24.4,102.2,1.07,0.82,,4.19,1.38,0.43,20.67,12.67,0.135,31.83,0.36,2.21,193.63,0.023,0.27,,41.58,20.79,0.043,0,0,0,7.53
73,"Verduras, hortaliças e derivados","Abobrinha, paulista, crua",90.85,30.8,128.9,0.64,0.14,,7.87,2.6,0.5,18.67,9.39,0.111,32.75,0.17,0.5,212.87,0.096,0.18,,,,0,0,0.033,0,17.55
74,"Verduras, hortaliças e derivados","Acelga, crua",93.19,20.9,87.6,1.44,0.11,,4.63,1.12,0.63,42.98,10.4,0.107,40.03,0.27,1.18,239.82,0.104,0.31,,,,0.04,0,0.157,0,22.55
75,"Verduras, hortaliças e derivados","Agrião, cru",93.94,16.6,69.4,2.69,0.24,,2.25,2.14,0.88,132.53,18.16,0.28,50.59,3.11,7.46,217.66,0.103,0.72,,458,229,0.107,0.23,0.093,1.193,60.1
76,"Verduras, hortaliças e derivados","Aipo, cru",93.83,19.1,79.9,0.76,0.07,,4.27,0.96,1.07,65.22,8.86,0.178,28.05,0.72,9.52,273.6,0.314,0.14,,916,458,0,0,0.18,0,5.88
77,"Verduras, hortaliças e derivados","Alface, americana, crua",97.17,8.8,36.8,0.61,0.13,,1.75,1.02,0.35,14.44,5.74,0.118,19.38,0.27,7.31,136,0.022,0.23,,,,0.03,0,0.037,0,10.96
78,"Verduras, hortaliças e derivados","Alface, crespa, crua",96.09,10.7,44.7,1.35,0.16,,1.7,1.83,0.7,37.98,10.97,0.2,25.81,0.4,3.38,267.13,0.03,0.25,,234,117,0.11,0.123,0,1.093,15.58
79,"Verduras, hortaliças e derivados","Alface, lisa, crua",95,13.8,57.8,1.69,0.12,,2.43,2.33,0.76,27.51,9.11,0.334,26.13,0.61,4.23,348.71,0.033,0.35,,368,184,0.087,0.083,0.07,0.75,21.39
80,"Verduras, hortaliças e derivados","Alface, roxa, crua",95.73,12.7,53.2,0.91,0.19,,2.49,2.01,0.68,33.83,9.31,0.116,51.13,2.48,7.12,308.44,0.037,0.23,,312.42,156.21,0,0,0,0,13.47
81,"Verduras, hortaliças e derivados","Alfavaca, crua",90.21,29.2,122.1,2.66,0.48,,5.24,4.14,1.42,258.5,84.24,0.145,49.74,1.26,4.55,260.72,0.152,0.71,,,,0,0.12,0.557,0,0
82,"Verduras, hortaliças e derivados","Alho, cru",67.55,113.1,473.3,7.01,0.22,,23.91,4.32,1.32,13.56,21.29,0.24,149.09,0.8,5.36,534.89,0.15,0.82,,,,0.183,0,0.443,0,
83,"Verduras, hortaliças e derivados","Alho-poró, cru",90.95,31.5,131.8,1.41,0.14,,6.88,2.51,0.62,33.62,10.69,0.102,36.49,0.64,1.76,224.47,0.288,0.24,,16.17,8.08,0.063,0,0.083,0.34,14.15
84,"Verduras, hortaliças e derivados","Almeirão, cru",93.67,18,75.5,1.77,0.22,,3.34,2.59,1.01,19.5,21.11,0.167,39.66,0.74,2.35,369.12,0.1,0.29,,566,283,0.097,0.177,0,0.627,1.69
85,"Verduras, hortaliças e derivados","Almeirão, refogado",86.54,65.1,272.3,1.7,4.85,,5.7,3.43,1.2,63.4,17.28,0.279,30.87,1.55,14.52,315.36,0.058,0.19,,,,0.03,0.06,0.047,4.033,1.47
86,"Verduras, hortaliças e derivados","Batata, baroa, cozida",79.26,80.1,335.2,0.85,0.17,,18.95,1.76,0.77,11.85,7.58,0.218,29.48,0.42,2.1,258.33,0.147,0.38,,,,0.06,0,0,1.98,17.1
87,"Verduras, hortaliças e derivados","Batata, baroa, crua",73.69,101,422.5,1.05,0.17,,23.98,2.06,1.11,17.13,11.99,0.067,45.2,0.3,0,505.18,0.047,0.2,,24.5,12.25,0.047,0,0.123,0,7.55
88,"Verduras, hortaliças e derivados","Batata, doce, cozida",80.42,76.8,321.2,0.64,0.09,,18.42,2.21,0.42,17.15,11.16,0.139,15.39,0.19,2.7,148.44,0.06,0.12,,,,0.083,0,0.05,2.573,23.79
89,"Verduras, hortaliças e derivados","Batata, doce, crua",69.51,118.2,494.7,1.26,0.13,,28.2,2.57,0.9,21.11,16.89,0.177,36.46,0.39,8.77,340.2,0.11,0.2,,,,0.057,0,0.1,0,16.48
90,"Verduras, hortaliças e derivados","Batata, frita, tipo chips, industrializada",2.7,542.7,2270.8,5.58,36.62,,51.22,2.46,3.88,11.6,24.24,0.231,96.5,0.7,607.4,1014.33,0.121,0.59,,,,0.197,0,0.13,2.613,0
91,"Verduras, hortaliças e derivados","Batata, inglesa, cozida",86.36,51.6,215.8,1.16,0,,11.94,1.34,0.51,3.52,5.42,0.066,24.34,0.19,2.29,161.33,0.058,0.19,,,,0.05,0,0.083,0,3.76
92,"Verduras, hortaliças e derivados","Batata, inglesa, crua",82.87,64.4,269.3,1.77,0,,14.69,1.16,0.64,3.55,14.58,0.1,38.54,0.36,0,302.05,0.093,0.24,,,,0.1,0,0.15,0,31.08
93,"Verduras, hortaliças e derivados","Batata, inglesa, frita",44.12,267.2,1117.8,4.97,13.11,,35.64,8.06,2.16,6.28,14.11,0.148,69.67,0.44,1.91,488.94,0.103,0.38,,,,0.173,0,0.103,2.507,16.34
94,"Verduras, hortaliças e derivados","Batata, inglesa, sauté",83.09,67.9,284,1.29,0.9,,14.09,1.38,0.63,4.18,6.46,0.084,31.97,0.25,8.18,199.48,0.051,0.21,,,,0.067,0,0.093,1.383,0
95,"Verduras, hortaliças e derivados","Berinjela, cozida",94.43,18.8,78.8,0.68,0.15,,4.47,2.52,0.27,10.77,8.82,0.111,15.03,0.22,1.32,105.48,0.044,0.13,,,,0.04,0,0,0,0
96,"Verduras, hortaliças e derivados","Berinjela, crua",93.8,19.6,82.1,1.22,0.1,,4.43,2.87,0.45,9.22,12.91,0.1,20.46,0.25,0,204.55,0.063,0.12,,24,12,0.043,0.047,0,0,3.01
97,"Verduras, hortaliças e derivados","Beterraba, cozida",90.57,32.2,134.5,1.29,0.09,,7.23,1.88,0.81,15.26,16.54,0.189,30.13,0.24,22.76,245.48,0.039,0.35,,,,0.09,0,0,0,1.24
98,"Verduras, hortaliças e derivados","Beterraba, crua",85.98,48.8,204.3,1.95,0.09,,11.11,3.37,0.87,18.11,24.43,1.23,19.39,0.32,9.72,375.07,0.077,0.52,,,,0.04,0,0.043,0,3.12
99,"Verduras, hortaliças e derivados","Biscoito, polvilho doce",5.44,437.5,1830.7,1.29,12.25,9.38,80.54,1.16,0.49,30.45,5.84,0.081,23.32,1.77,97.8,53.58,0.035,0.14,0,,,0,0.03,0.067,0,0
100,"Verduras, hortaliças e derivados","Brócolis, cozido",92.62,24.6,103.1,2.13,0.46,,4.37,3.42,0.42,50.75,14.55,0.118,33.16,0.54,2.12,118.54,0.075,0.24,,,,0.043,0.03,0,0,42
101,"Verduras, hortaliças e derivados","Brócolis, cru",91.22,25.5,106.7,3.64,0.27,,4.03,2.88,0.84,85.87,29.57,0.26,78.46,0.61,3.33,322.11,0.057,0.48,,279.33,139.67,0.117,0.183,0.077,1.39,34.28
102,"Verduras, hortaliças e derivados","Cará, cozido",78.88,77.6,324.6,1.53,0.11,,18.85,2.63,0.62,5.17,14.84,0.022,27.8,0.31,1.01,203.25,0.113,0.24,,,,0.117,0,0.12,0,0
103,"Verduras, hortaliças e derivados","Cará, cru",73.69,95.6,400.1,2.28,0.14,,22.95,7.27,0.93,3.91,11.47,0.01,34.72,0.21,0,211.67,0.06,0.18,,,,0.113,0,0.02,0,8.79
104,"Verduras, hortaliças e derivados","Caruru, cru",87.62,34,142.4,3.2,0.58,,5.97,4.47,2.62,455.3,197.44,0.894,77.26,4.46,13.66,278.98,0.371,6.03,,1906,953,0,0.1,0.11,0,5.36
105,"Verduras, hortaliças e derivados","Catalonha, crua",91.76,23.9,99.9,1.87,0.28,,4.75,2.05,1.33,56.8,17.3,0.337,32,3.08,9.39,411.79,0.273,0.48,,,,0,0.03,0.36,1.537,7.33
106,"Verduras, hortaliças e derivados","Catalonha, refogada",87.43,63.4,265.5,1.95,4.81,,4.81,3.65,1,63.22,16.35,0.639,35.36,1.18,24.72,452.28,0.178,0.44,,850,425,0.043,0,0.03,0.6,0
107,"Verduras, hortaliças e derivados","Cebola, crua",88.92,39.4,164.9,1.71,0.08,,8.85,2.19,0.44,14,11.92,0.13,37.87,0.2,0.6,176.12,0.05,0.17,,,,0.043,0,0.143,0,4.67
108,"Verduras, hortaliças e derivados","Cebolinha, crua",93.88,19.5,81.7,1.87,0.35,,3.37,3.55,0.53,79.85,24.59,0.127,26.89,0.65,1.6,206.44,0.043,0.3,,134.42,67.21,0.033,0.043,0.083,0,31.78
109,"Verduras, hortaliças e derivados","Cenoura, cozida",91.66,29.9,124.9,0.85,0.22,,6.69,2.63,0.58,25.62,14.48,0.045,26.74,0.09,7.88,175.51,0.015,0.23,,612,306,0.07,0,0.06,2.683,0
110,"Verduras, hortaliças e derivados","Cenoura, crua",90.08,34.1,142.8,1.32,0.17,,7.66,3.18,0.87,22.54,11.23,0.05,27.85,0.18,3.33,314.81,0.047,0.22,,1326,663,0,0,0.05,0,5.12
111,"Verduras, hortaliças e derivados","Chicória, crua",95.14,13.8,57.9,1.14,0.14,,2.85,2.2,0.82,44.83,14.14,0.133,13.38,0.45,13.52,424.9,0.04,0.09,,,,0.03,0.103,0,0.683,6.54
112,"Verduras, hortaliças e derivados","Chuchu, cozido",94.56,18.5,77.6,0.41,0,,4.79,1.04,0.18,7.83,6.93,0.065,12.8,0.06,1.81,54.35,0,0.09,,,,0.03,0,0,0,5.57
113,"Verduras, hortaliças e derivados","Chuchu, cru",94.84,17,71,0.7,0.06,,4.14,1.28,0.27,11.51,7.23,0.08,17.74,0.17,0,125.99,0.03,0.1,,,,0,0,0,0,10.61
114,"Verduras, hortaliças e derivados","Coentro, folhas desidratadas",10.63,309.1,1293.2,20.88,10.39,,47.95,37.29,10.15,783.81,392.79,10.48,388.06,81.43,18.26,3222.77,4.093,4.7,,,,0.097,0.113,0.093,0,40.77
115,"Verduras, hortaliças e derivados","Couve, manteiga, crua",90.9,27.1,113.2,2.87,0.55,,4.33,3.12,1.35,130.87,34.66,1.017,48.67,0.45,6.17,403.45,0.06,0.4,,496,248,0.2,0.31,0.063,2.29,96.68
116,"Verduras, hortaliças e derivados","Couve, manteiga, refogada",81.53,90.3,378,1.67,6.59,,8.71,5.74,1.5,177.33,26.2,0.123,33.41,0.5,11.45,314.89,0.02,0.19,,384,192,0,0.05,0.07,0,76.94
117,"Verduras, hortaliças e derivados","Couve-flor, crua",92.77,22.6,94.4,1.91,0.21,,4.52,2.35,0.59,17.82,11.99,0.16,57.08,0.53,3.44,256.01,0.03,0.31,,2,1,0.03,0.093,0.1,0,36.05
118,"Verduras, hortaliças e derivados","Couve-flor, cozida",94.34,19.1,80,1.24,0.27,,3.88,2.13,0.28,16.14,5.44,0.102,25.43,0.13,1.79,80.49,0,0.26,,,,0.037,0,0,0,23.7
119,"Verduras, hortaliças e derivados","Espinafre, Nova Zelândia, cru",94.03,16.1,67.3,2,0.24,,2.57,2.1,1.16,97.51,81.64,0.71,25.43,0.36,17.09,336.01,0.06,0.27,,484,242,0.097,0.207,0.06,0,2.42
120,"Verduras, hortaliças e derivados","Espinafre, Nova Zelândia, refogado",86.57,67.3,281.4,2.72,5.43,,4.24,2.52,1.03,112.38,122.71,0.613,33.51,0.65,47.02,149.23,0.037,0.59,,623.83,311.92,0.083,0.127,0.133,0,5.27
121,"Verduras, hortaliças e derivados","Farinha, de mandioca, crua",9.39,360.9,1509.9,1.55,0.28,,87.9,6.39,0.88,64.87,37,0,41.61,1.09,1.02,340.13,0.08,0.39,,,,0.137,0,0.04,0,0
122,"Verduras, hortaliças e derivados","Farinha, de mandioca, torrada",8.34,365.3,1528.3,1.23,0.29,,89.19,6.54,0.95,75.53,40.01,0.366,38.63,1.19,10.31,327.74,0,0.36,,,,0,0,0.807,0,0
123,"Verduras, hortaliças e derivados","Farinha, de puba",9.8,360.2,1507,1.62,0.47,,87.29,4.24,0.83,41.4,27.49,0.163,32.64,1.43,3.61,337.76,0.07,0.34,,,,0.093,0,0,0,0
124,"Verduras, hortaliças e derivados","Fécula, de mandioca",17.77,330.9,1384.3,0.52,0.28,,81.15,0.65,0.28,11.89,3.02,0,60.38,0.11,2.45,48.13,0,0,,,,0.03,0,0,0,0
125,"Verduras, hortaliças e derivados","Feijão, broto, cru",87.48,38.7,162,4.17,0.1,,7.76,1.97,0.49,14.48,25.13,0.187,74.75,0.82,1.79,189.22,0.172,0.57,,,,0,0.037,0.147,0,12
126,"Verduras, hortaliças e derivados","Inhame, cru",73.31,96.7,404.6,2.05,0.21,,23.23,1.65,1.19,11.8,28.76,0.153,64.72,0.36,0,567.74,0.17,0.3,,,,0.08,0,0.107,0,5.62
127,"Verduras, hortaliças e derivados","Jiló, cru",91.63,27.4,114.5,1.4,0.22,,6.19,4.83,0.56,19.97,20.63,0.14,29.02,0.34,0,212.95,0.07,0.14,,12.67,6.33,0.07,0.04,0,0,6.79
128,"Verduras, hortaliças e derivados","Jurubeba, crua",66.64,125.8,526.4,4.41,3.91,,23.06,23.92,1.98,151.02,65.32,0.522,155.12,0.95,0.77,619.4,1.162,0.63,,,,0.13,0.02,0.203,0,13.83
129,"Verduras, hortaliças e derivados","Mandioca, cozida",68.69,125.4,524.5,0.57,0.3,,30.09,1.56,0.35,18.63,26.82,0.064,22.41,0.07,0.91,100.36,0.014,0.17,,,,0.06,0,0.03,0,11.07
130,"Verduras, hortaliças e derivados","Mandioca, crua",61.84,151.4,633.5,1.13,0.3,,36.17,1.88,0.56,15.19,44.5,0.05,29.43,0.27,2.15,208.06,0.067,0.2,,,,0,0,0.04,0,16.53
131,"Verduras, hortaliças e derivados","Mandioca, farofa, temperada",6.42,405.7,1697.4,2.06,9.12,,80.3,7.82,2.09,65.69,34.34,0.289,44.52,1.36,574.51,201.38,0,0.17,,,,0.1,0,0.153,0,0
132,"Verduras, hortaliças e derivados","Mandioca, frita",36.57,300.1,1255.4,1.38,11.2,,50.25,1.87,0.61,23.05,94.87,0.182,56.54,0.32,8.94,176.06,0.121,0.44,,,,0.053,0,0.037,0,0
133,"Verduras, hortaliças e derivados","Manjericão, cru",92.96,21.1,88.5,1.99,0.39,,3.64,3.31,1.02,210.92,57.81,0.173,39.92,0.97,3.89,251.55,0.163,0.46,,1034.83,517.42,0.06,0.21,0.06,0.897,2.34
134,"Verduras, hortaliças e derivados","Maxixe, cru",95.06,13.7,57.5,1.39,0.07,,2.73,2.19,0.75,20.87,9.61,0.07,24.98,0.35,10.99,327.7,0.02,0.18,,5.5,2.75,0.057,0.02,0.04,0,9.63
135,"Verduras, hortaliças e derivados","Mostarda, folha, crua",93.43,18.1,75.8,2.11,0.17,,3.24,1.89,1.06,68.18,15.62,0.139,58.4,1.1,2.88,363.57,0.048,0.28,,,,0.047,0.04,0.05,0,38.55
136,"Verduras, hortaliças e derivados","Nhoque, batata, cozido",54.95,180.8,756.4,5.86,1.94,15.08,36.78,1.78,0.46,11.42,17.9,0.298,68.37,1.65,7.07,163.7,0.104,0.48,15.47,,,0.077,0,0.037,0,0
137,"Verduras, hortaliças e derivados","Nabo, cru",93.84,18.2,76.1,1.2,0.05,,4.15,2.64,0.75,42.39,14.6,4.417,16.57,0.22,2.46,279.65,0.02,0.19,,,,0.067,0,0.03,0,9.55
138,"Verduras, hortaliças e derivados","Palmito, juçara, em conserva",91.37,23.2,97.1,1.79,0.4,,4.33,3.15,2.11,58.29,33.7,10.819,40.26,0.3,513.82,243.97,0.227,0.73,,,,0.06,0.04,0,0,1.98
139,"Verduras, hortaliças e derivados","Palmito, pupunha, em conserva",89.44,29.4,123.1,2.46,0.45,,5.51,2.55,2.14,32.44,25.49,0.141,54.96,0.18,562.69,206.42,0.08,0.36,,,,0.03,0,0,0,8.66
140,"Verduras, hortaliças e derivados","Pão, de queijo, assado",33.74,363.1,1519.1,5.12,24.57,67.73,34.24,0.56,2.33,102.49,8.24,0.033,93.74,0.28,773.49,93.09,0.006,0.63,61.31,,,0.037,0.097,0.037,0,
141,"Verduras, hortaliças e derivados","Pão, de queijo, cru",41.84,294.5,1232.3,3.65,13.99,63.05,38.51,0.98,2.01,87.56,6.83,0,78.84,0.29,404.99,58.08,0,0.43,47.5,,,0,0.077,0,0,
142,"Verduras, hortaliças e derivados","Pepino, cru",96.79,9.5,39.9,0.87,0,,2.04,1.12,0.29,9.62,9.34,0.083,12.32,0.15,0,153.69,0.037,0.13,,3.58,1.79,0,0.03,0,0,4.99
143,"Verduras, hortaliças e derivados","Pimentão, amarelo, cru",91.88,27.9,116.8,1.22,0.44,,5.96,1.92,0.5,9.61,10.9,0.083,22.38,0.41,0,221.33,0.04,0.15,,40,20,0.04,0.03,0.06,0,201.36
144,"Verduras, hortaliças e derivados","Pimentão, verde, cru",93.52,21.3,89.1,1.05,0.15,,4.89,2.56,0.39,8.76,7.79,0.143,16.51,0.41,0,174.33,0.07,0.14,,46,23,0,0,0,0,100.21
145,"Verduras, hortaliças e derivados","Pimentão, vermelho, cru",92.9,23.3,97.4,1.04,0.15,,5.47,1.59,0.44,6.37,11.13,0.063,19.96,0.33,0,210.92,0.043,0.15,,86,43,0.047,0.057,0.02,0,158.21
146,"Verduras, hortaliças e derivados","Polvilho, doce",12.58,351.2,1469.5,0.43,0,,86.77,0.24,0.17,27.41,4.1,0.088,8.38,0.51,1.58,37.63,0,0,,,,0,0,0,0,0
147,"Verduras, hortaliças e derivados","Quiabo, cru",90.58,29.9,125.3,1.92,0.3,,6.37,4.55,0.83,112.16,49.97,0.464,55.83,0.37,0.89,248.8,0.167,0.59,,49.31,24.65,0.103,0,0.03,0,5.6
148,"Verduras, hortaliças e derivados","Rabanete, cru",95.06,13.7,57.5,1.39,0.07,,2.73,2.19,0.75,20.87,9.61,0.07,24.98,0.35,10.99,327.7,0.02,0.18,,,,0.057,0.02,0.04,0,9.63
149,"Verduras, hortaliças e derivados","Repolho, branco, cru",94.72,17.1,71.6,0.88,0.14,,3.86,1.89,0.4,34.55,8.51,0.127,14.2,0.15,3.64,150.09,0.017,0.15,,6,3,0,0.03,0.057,0,18.72
150,"Verduras, hortaliças e derivados","Repolho, roxo, cru",90.08,30.9,129.3,1.91,0.06,,7.2,1.97,0.74,43.67,18.02,0.253,57.71,0.52,2.34,328.07,0.902,0.25,,,,0.07,0,0.093,0,43.2
151,"Verduras, hortaliças e derivados","Repolho, roxo, refogado",88.7,41.8,174.8,1.8,1.24,,7.56,1.75,0.7,42.59,17.25,0.261,59.38,0.47,3.42,321.45,0.022,0.26,,,,0.067,0,0.073,0.626,40.52
152,"Verduras, hortaliças e derivados","Rúcula, crua",94.82,13.1,54.9,1.77,0.11,,2.22,1.74,1.09,116.56,17.79,0.236,25.17,0.94,9.42,233.4,0.041,0.23,,532.75,266.38,0.043,0,0,0.35,46.29
153,"Verduras, hortaliças e derivados","Salsa, crua",88.65,33.4,139.8,3.26,0.61,,5.71,1.85,1.78,179.41,20.9,1.877,49.35,3.18,2.3,711.3,0.2,1.32,,1743.25,871.62,0.117,0.15,0.467,0.72,51.69
154,"Verduras, hortaliças e derivados","Seleta de legumes, enlatada",82.15,56.5,236.5,3.42,0.35,,12.67,3.09,1.41,16.16,15.61,0.131,49.03,1.06,398.14,122.21,0.083,0.53,,244.17,122.08,0.03,0,0,3.717,0
155,"Verduras, hortaliças e derivados","Serralha, crua",90.25,30.4,127.2,2.67,0.74,,4.95,3.52,1.39,126.02,29.55,0.23,48.26,1.27,19.35,265.27,0.203,1.33,,1134,567,0,0.113,0.08,0,1.51
156,"Verduras, hortaliças e derivados","Taioba, crua",89.24,34.2,143.1,2.9,0.93,,5.43,4.45,1.5,141.09,37.92,0.662,52.76,1.91,1.16,290.32,0.159,0.61,,1160,580,0,0.103,0.097,0,17.94
157,"Verduras, hortaliças e derivados","Tomate, com semente, cru",95.13,15.3,64.2,1.1,0.17,,3.14,1.17,0.46,6.94,10.54,0.067,20.19,0.24,1.02,222.39,0.037,0.14,,54,27,0.117,0,0.023,0,21.21
158,"Verduras, hortaliças e derivados","Tomate, extrato",79.66,60.9,254.9,2.43,0.19,,14.96,2.8,2.75,29.08,29.33,0.177,47.16,2.09,497.93,679.91,0.203,0.37,,166,83,0,0,0.11,2.42,18.01
159,"Verduras, hortaliças e derivados","Tomate, molho industrializado",88.14,38.4,160.9,1.38,0.9,,7.71,3.12,1.87,11.73,16.79,0.083,27.21,1.58,418.28,388.19,0.078,0.13,,76,38,0,0,0.063,0,2.71
160,"Verduras, hortaliças e derivados","Tomate, purê",90.79,27.9,116.9,1.36,0,,6.89,1.03,0.95,13.24,15.44,,30.01,1.25,103.93,308.24,0.093,0.33,,90,45,0,0,0.07,1.18,5.38
161,"Verduras, hortaliças e derivados","Tomate, salada",93.63,20.5,86,0.81,0,,5.12,2.27,0.4,6.95,9.5,0.044,23.38,0.29,5.24,161.16,0.072,0.17,,,,0.057,0.042,0.05,0,12.8
162,"Verduras, hortaliças e derivados","Vagem, crua",92.17,24.9,104.2,1.79,0.17,,5.35,2.38,0.53,41.1,17.83,0.5,27.99,0.43,0,208.2,0.057,0.33,,32.08,16.04,0,0.08,0,0,1.15
163,Frutas e derivados,"Abacate, cru",83.79,96.2,402.3,1.24,8.4,,6.03,6.31,0.55,7.92,14.68,0.173,21.95,0.21,0,206.26,0.147,0.22,,,,0,0.043,0,0,8.66
164,Frutas e derivados,"Abacaxi, cru",86.32,48.3,202.2,0.86,0.12,,12.33,0.99,0.37,22.43,18.44,1.623,12.78,0.26,0,131.34,0.107,0.14,,,,0.173,0.02,0,0,34.62
165,Frutas e derivados,"Abacaxi, polpa, congelada",91.29,30.6,128,0.47,0.11,,7.8,0.33,0.33,13.54,10.07,1.021,7.63,0.36,1.24,106.68,0.039,0.06,,2.26,1.13,0.047,0,0,0,1.25
166,Frutas e derivados,"Abiu, cru",83.14,62.4,261.2,0.83,0.7,,14.93,1.7,0.39,5.78,9.3,0.08,20.29,0.16,0,128.34,0.093,0.1,,,,0,0.037,0.05,0,10.28
167,Frutas e derivados,"Açaí, polpa, com xarope de guaraná e glucose",73.88,110.3,461.5,0.72,3.66,,21.46,1.72,0.28,22.16,12.73,3.286,10.79,0.27,15.1,75.49,0.14,0.19,,,,0,0,0.073,0,10.27
168,Frutas e derivados,"Açaí, polpa, congelada",88.7,58,242.9,0.8,3.94,,6.21,2.55,0.35,35.18,17.04,6.16,16.43,0.43,5.18,123.62,0.183,0.27,,,,0,0.04,0.07,0,0
169,Frutas e derivados,"Acerola, crua",90.53,33.5,140,0.91,0.21,,7.97,1.51,0.39,12.55,13.13,0.073,9.24,0.22,0,164.99,0.067,0.15,,247,123.5,0,0.041,0,1.383,941.37
170,Frutas e derivados,"Acerola, polpa, congelada",93.61,21.9,91.8,0.59,0,,5.54,0.7,0.26,7.59,8.66,0.034,12.86,0.17,1.28,111.99,0.039,0.07,,192,96,0,0.096,0,0,623.24
171,Frutas e derivados,"Ameixa, calda, enlatada",52.17,182.8,765,0.41,0,,46.89,0.52,0.53,13.15,9.96,0.103,20.94,2.15,2.7,221.19,0.027,0.14,,,,0,0.233,0.37,0,4.27
172,Frutas e derivados,"Ameixa, crua",84.77,52.5,219.8,0.77,0,,13.85,2.43,0.6,5.72,5.48,0.03,13.92,0.1,0,134.05,0.057,0.05,,27.21,13.6,0.07,0,0.03,0,7.63
173,Frutas e derivados,"Ameixa, em calda, enlatada, drenada",50.34,177.4,742.1,1.02,0.28,,47.66,4.55,0.7,39.24,14.49,0.197,26.07,2.7,2.79,263.26,0.161,0.2,,,,0,0.223,0.083,0,5.15
174,Frutas e derivados,"Atemóia, crua",72.74,97,405.7,0.97,0.3,,25.33,2.14,0.66,22.77,24.84,0.159,23.36,0.16,0.79,300.01,0.173,0.19,,,,0.093,0.07,0.07,1.58,10.15
175,Frutas e derivados,"Banana, da terra, crua",63.88,128,535.7,1.43,0.24,,33.67,1.53,0.78,4.15,23.79,0.163,25.52,0.29,0,328.03,0.053,0.16,,238.83,119.42,0.03,0.02,0.14,0,15.75
176,Frutas e derivados,"Banana, doce em barra",21.13,280.1,1172,2.17,0.05,,75.67,3.83,0.99,11.95,49.19,0.839,36.88,0.61,9.88,518.25,0.165,0.3,,27.36,13.68,0.03,0,0.057,1.41,0
177,Frutas e derivados,"Banana, figo, crua",70.07,105.1,439.7,1.13,0.14,,27.8,2.8,0.85,6.36,30.16,0.214,15.82,0.2,0,386.59,0.064,0.12,,,,0.09,0,0.03,0,17.5
178,Frutas e derivados,"Banana, maçã, crua",75.23,86.8,363.2,1.75,0.06,,22.34,2.59,0.62,3.22,23.69,0.597,28.68,0.2,0,264.39,0.11,0.12,,6.42,3.21,0,0,0.143,0,10.47
179,Frutas e derivados,"Banana, nanica, crua",73.8,91.5,383,1.4,0.12,,23.85,1.95,0.84,3.42,27.8,0.14,26.72,0.35,0,376.47,0.103,0.18,,13.62,6.81,0,0.02,0.143,0,5.86
180,Frutas e derivados,"Banana, ouro, crua",68.18,112.4,470.1,1.48,0.21,,29.34,1.95,0.79,3.19,28.38,0.09,22.27,0.34,0,354.81,0.077,0.26,,49.71,24.85,0,0,0.143,0,7.56
181,Frutas e derivados,"Banana, pacova, crua",77.71,77.9,326,1.23,0.08,,20.31,2.03,0.67,5.49,30.41,0.407,19.75,0.37,0.94,267.35,0.064,0.14,,,,0.05,0.03,0.17,0,0
182,Frutas e derivados,"Banana, prata, crua",71.86,98.2,411.1,1.27,0.07,,25.96,2.04,0.85,7.56,26.29,0.417,22.2,0.38,0,357.68,0.053,0.15,,32.42,16.21,0,0.02,0.1,0,21.59
183,Frutas e derivados,"Cacau, cru",79.21,74.3,310.8,0.95,0.14,,19.41,2.19,0.28,12.1,24.62,0.035,9.34,0.26,0.7,71.64,0.147,0.59,,,,0.247,0,0.04,0,13.56
184,Frutas e derivados,"Cajá-Manga, cru",86.89,45.6,190.7,1.28,0,,11.43,2.58,0.38,12.74,11.28,0.05,24.47,0.15,1.44,119.4,0.024,0.18,,,,0.11,0,0.05,0,26.7
185,Frutas e derivados,"Cajá, polpa, congelada",92.44,26.3,110.2,0.59,0.17,,6.37,1.36,0.42,9.16,7.17,0.07,25.66,0.32,6.95,148.07,0.099,0.05,,106,53,0.04,0,0,0,0
186,Frutas e derivados,"Caju, cru",88.11,43.1,180.2,0.97,0.33,,10.29,1.68,0.3,1.42,10.11,0.12,15.64,0.15,2.97,123.86,0.073,0.09,,14.67,7.33,0,0,0,0,219.33
187,Frutas e derivados,"Caju, polpa, congelada",89.82,36.6,153,0.48,0.15,,9.35,0.81,0.2,0.84,7.07,0.054,9.77,0.15,4.16,87.66,0.067,0.08,,22,11,0,0.023,0,2.247,119.72
188,Frutas e derivados,"Caju, suco concentrado, envasado",88.37,45.1,188.7,0.4,0.2,,10.73,0.63,0.29,0.98,8.45,0.065,11.4,0.15,45.04,106.99,0.038,0.07,,10,5,0,0.032,0,0,138.7
189,Frutas e derivados,"Caqui, chocolate, cru",79.72,71.4,298.5,0.36,0.07,,19.33,6.52,0.52,17.85,8.55,0.39,18.43,0.1,2.18,163.55,0,0.19,,,,0,0,0.03,0,29.61
190,Frutas e derivados,"Carambola, crua",87.1,45.7,191.4,0.87,0.18,,11.48,2.03,0.37,4.79,7.36,0.126,10.75,0.2,4.09,132.58,0.077,0.24,,,,0.117,0,0,0,60.87
191,Frutas e derivados,"Ciriguela, crua",78.69,75.6,316.3,1.4,0.36,,18.86,3.9,0.7,27.41,17.96,0.057,48.6,0.36,1.68,248.01,0.124,0.53,,,,0.143,0,0,0,27.03
192,Frutas e derivados,"Cupuaçu, cru",86.23,49.4,206.8,1.16,0.95,,10.43,3.12,1.22,13.12,18.17,0.067,21.28,0.49,3.2,331.03,0.074,0.34,,,,0.366,0.037,0.073,4.343,24.51
193,Frutas e derivados,"Cupuaçu, polpa, congelada",86.55,48.8,204.2,0.84,0.59,,11.39,1.59,0.62,5.49,13.91,0.17,14.2,0.26,0.69,291.09,0.14,0.15,,,,0.067,0.071,0.05,0,10.49
194,Frutas e derivados,"Figo, cru",88.19,41.4,173.4,0.97,0.16,,10.25,1.79,0.44,27.39,11.31,0.06,14.57,0.2,0,174.42,0.13,0.09,,,,0.05,0,0,0,0.79
195,Frutas e derivados,"Figo, enlatado, em calda",48.77,184.4,771.4,0.56,0.15,,50.34,1.98,0.18,32.62,6.85,0.16,6.25,0.5,6.87,39.35,0.25,0.09,,,,0,0,0,0,5.24
196,Frutas e derivados,"Fruta-pão, crua",80.87,67,280.5,1.08,0.19,,17.17,5.55,0.69,33.68,24.03,0.044,27.39,0.23,0.8,188.13,0.072,0.13,,,,0.03,0,0,0,9.87
197,Frutas e derivados,"Goiaba, branca, com casca, crua",85.69,51.7,216.5,0.9,0.49,,12.4,6.33,0.52,5.01,7.04,0.073,16.4,0.17,0,219.77,0.043,0.16,,,,0,0,0.027,0,99.19
198,Frutas e derivados,"Goiaba, doce em pasta",24.78,269,1125.3,0.58,0,,74.12,3.73,0.52,10.06,6.49,0.108,53.57,0.4,3.7,164.81,0.06,0.09,,136.42,68.21,0.07,0,0,0,23.06
199,Frutas e derivados,"Goiaba, doce, cascão",20.26,285.6,1194.9,0.41,0.1,,78.7,4.37,0.52,14.7,9.67,0.159,28.2,0.4,11.03,250.72,0.079,0.14,,50.33,25.17,0,0,0,1.407,34.33
200,Frutas e derivados,"Goiaba, vermelha, com casca, crua",84.98,54.2,226.6,1.09,0.44,,13.01,6.22,0.48,4.45,6.89,0.09,15.37,0.17,0,197.58,0.04,0.13,,38,19,0,0,0.03,0,80.6
201,Frutas e derivados,"Graviola, crua",82.15,61.6,257.8,0.85,0.21,,15.84,1.91,0.95,40.12,23.5,0.085,19.17,0.17,4.16,249.67,0.039,0.13,,,,0.168,0.124,0.033,0,19.14
202,Frutas e derivados,"Graviola, polpa, congelada",89.16,38.3,160.1,0.57,0.14,,9.78,1.19,0.35,5.98,9.76,0.056,16.59,0.1,3.05,169.96,0.062,0.05,,,,0,0.094,0,0,10.48
203,Frutas e derivados,"Jabuticaba, crua",83.65,58.1,242.9,0.61,0.13,,15.26,2.3,0.36,8.35,17.78,0.297,14.55,0.09,0,129.72,0.072,0.28,,,,0.06,0,0,0,16.17
204,Frutas e derivados,"Jaca, crua",75.07,87.9,367.9,1.4,0.27,,22.5,2.39,0.76,11.24,40.05,0.485,13.9,0.38,1.8,233.75,0.093,0.17,,,,0.1,0.037,0.047,0,14.82
205,Frutas e derivados,"Jambo, cru",92.1,26.9,112.6,0.89,0.07,,6.49,5.07,0.45,13.8,14.18,0.052,18.36,0.14,21.66,134.87,0.022,0.11,,,,0.077,0,0,1.18,3.77
206,Frutas e derivados,"Jamelão, cru",87.67,41,171.6,0.55,0.11,,10.63,1.78,1.04,3.09,2.16,0,4.12,0.05,1.37,394.34,0.032,0.05,,7.52,3.76,0.167,0,0.117,0,27.07
207,Frutas e derivados,"Kiwi, cru",85.88,51.1,214,1.34,0.63,,11.5,2.65,0.66,23.91,10.58,0.053,33.08,0.25,0,268.92,0.15,0.07,,5.42,2.71,0,0,0.06,0,70.78
208,Frutas e derivados,"Laranja, baía, crua",87.08,45.4,190.1,0.98,0.1,,11.47,1.12,0.37,35.41,9.22,0.04,23.8,0.14,0,174.15,0.04,0.06,,3.88,1.94,0.063,0.02,0,0,56.87
209,Frutas e derivados,"Laranja, baía, suco",90.25,36.6,153.3,0.65,0,,8.7,0,0.36,5.93,7.8,0.017,21.93,0.06,0,172.56,0.02,0,,4,2,0.027,0,0.02,0,94.48
210,Frutas e derivados,"Laranja, da terra, crua",85.38,51.5,215.4,1.08,0.19,,12.86,3.98,0.5,51.08,14.06,0.041,20.12,0.15,0.83,172.52,0.038,0.22,,,,0.073,0.091,0.033,0,34.68
211,Frutas e derivados,"Laranja, da terra, suco",89.22,41,171.4,0.67,0.14,,9.57,1.03,0.4,13.39,10.11,0.022,14.89,0.09,0,145.24,0.022,0.07,,4.46,2.23,0.04,0,0.037,0,44.32
212,Frutas e derivados,"Laranja, lima, crua",86.97,45.7,191.2,1.06,0.08,,11.53,1.78,0.36,31.47,10.16,0.051,14.51,0.12,1.11,129.87,0.032,0.12,,,,0.094,0.054,0.04,0,43.46
213,Frutas e derivados,"Laranja, lima, suco",89.68,39.3,164.6,0.71,0.12,,9.17,0.42,0.32,7.74,10.89,0.021,16.24,0,0,128.74,0.023,0.03,,,,0.102,0.033,0.043,0,41.3
214,Frutas e derivados,"Laranja, pêra, crua",89.55,36.8,153.9,1.04,0.13,,8.95,0.77,0.33,21.89,8.61,0.05,22.68,0.09,0,162.82,0.03,0.06,,0.92,0.46,0.067,0.02,0.02,0,53.73
215,Frutas e derivados,"Laranja, pêra, suco",91.29,32.7,136.9,0.74,0.07,,7.55,0,0.34,7.37,7.59,0.03,14.01,0,0,148.76,0.01,0,,1.21,0.6,0,0,0,0,73.34
216,Frutas e derivados,"Laranja, valência, crua",86.94,46.1,192.9,0.77,0.16,,11.72,1.73,0.41,33.74,14.4,0.056,19.77,0.09,0.63,157.9,0.042,0.11,,,,0.069,0.036,0.03,0,47.85
217,Frutas e derivados,"Laranja, valência, suco",90.53,36.2,151.4,0.48,0.12,,8.55,0.42,0.31,9.08,9.59,0.029,17.27,0,0,143.42,0.02,0,,2,1,,,0.03,0,
218,Frutas e derivados,"Limão, cravo, suco",94.19,14.1,59,0.33,0,,5.25,0,0.24,10.18,8.86,0.033,11.13,0.08,0,119.88,0.026,,,31.42,15.71,0,0,0,0,32.78
219,Frutas e derivados,"Limão, galego, suco",91.8,22.2,93,0.57,0.07,,7.32,0,0.25,5.26,5.92,0.01,13.04,0.05,0,112.51,0.02,0.05,,,,0,0,0.03,0,34.5
220,Frutas e derivados,"Limão, tahiti, cru",87.43,31.8,133.1,0.94,0.14,,11.08,1.18,0.41,50.98,9.7,0.072,23.76,0.18,1.25,128.29,0.058,0.21,,,,0.303,0.037,0,0,38.24
221,Frutas e derivados,"Maçã, Argentina, com casca, crua",82.65,62.5,261.6,0.23,0.25,,16.59,2.03,0.29,3.39,4.86,0.012,11.4,0.05,1.32,117.48,0.031,0,,,,0.05,0,0,0,1.49
222,Frutas e derivados,"Maçã, Fuji, com casca, crua",84.34,55.5,232.3,0.29,0,,15.15,1.35,0.22,1.92,2.04,0.033,9.08,0.09,0,74.71,0.06,0,,3.5,1.75,0,0,0.03,0,2.41
223,Frutas e derivados,"Macaúba, crua",41.53,404.3,1691.5,2.08,40.66,,13.95,13.44,1.79,66.53,66.05,0.075,43.87,0.81,0.65,305.81,0.353,0.66,,1020,510,0.113,0.113,0.03,0,13.44
224,Frutas e derivados,"Mamão, doce em calda, drenado",45.53,195.6,818.5,0.19,0.07,,54,1.31,0.21,20.01,5.81,0.02,4.48,0.11,2.91,68.24,0.019,0.07,,,,0.03,0,0,0,3.9
225,Frutas e derivados,"Mamão, Formosa, cru",86.93,45.3,189.7,0.82,0.12,,11.55,1.81,0.58,24.87,17.32,0.04,10.86,0.23,3.26,221.8,1.36,0.07,,148,74,0.03,0.03,0,0,78.53
226,Frutas e derivados,"Mamão, Papaia, cru",88.58,40.2,168,0.46,0.12,,10.44,1.04,0.4,22.42,22.18,0.013,10.67,0.19,1.63,126.15,0.022,0.07,,118,59,0.034,0.043,0,1.033,82.21
227,Frutas e derivados,"Mamão verde, doce em calda, drenado",41.88,209.4,876,0.32,0.1,,57.64,1.23,0.07,12.44,4.54,0.039,3.23,0.15,4.74,8.67,0.015,0.02,,,,0,0,0,0,0
228,Frutas e derivados,"Manga, Haden, crua",82.29,63.5,265.7,0.41,0.26,,16.66,1.58,0.39,11.66,7.82,0.173,9.3,0.1,0.55,147.88,0.103,0.07,,162,81,0.019,0.06,0.05,0,17.41
229,Frutas e derivados,"Manga, Palmer, crua",79.74,72.5,303.3,0.41,0.17,,19.35,1.63,0.33,11.64,8.72,0.047,14.01,0.09,1.86,156.53,0.088,0.09,,786.92,393.46,0.087,0.03,0,0,65.52
230,Frutas e derivados,"Manga, polpa, congelada",86.5,48.3,202.1,0.38,0.23,,12.52,1.07,0.37,7.12,9.49,0.119,9.11,0.09,6.73,131.37,0.059,0.07,,,,0,0.066,0.03,0,24.9
231,Frutas e derivados,"Manga, Tommy Atkins, crua",85.81,50.7,212.1,0.86,0.22,,12.77,2.07,0.34,7.64,7.4,0.34,13.78,0.08,0,138.37,0.06,0.08,,118,59,0,0.04,0.03,0,7.94
232,Frutas e derivados,"Maracujá, cru",82.85,68.4,286.4,1.99,2.1,,12.26,1.14,0.79,5.39,27.97,0.12,50.69,0.56,1.58,338.42,0.187,0.39,,114,57,0,0.05,0.047,0,19.84
233,Frutas e derivados,"Maracujá, polpa, congelada",88.9,38.8,162.2,0.81,0.18,,9.6,0.51,0.52,4.61,9.7,0.07,15.26,0.29,8.1,227.91,0.05,0.19,,,,0,0.091,0.06,0,7.26
234,Frutas e derivados,"Maracujá, suco concentrado, envasado",88.94,42,175.6,0.77,0.19,,9.64,0.35,0.46,4.16,4.16,0.072,13.9,0.34,21.69,200.7,0.052,0.14,,,,0,0.078,0.05,1.917,13.68
235,Frutas e derivados,"Melancia, crua",90.67,32.6,136.4,0.88,0,,8.14,0.12,0.27,7.72,9.63,0.14,12.18,0.23,0,104.03,0.04,0.1,,61,30.5,0,0,0,0,6.15
236,Frutas e derivados,"Melão, cru",91.28,29.4,122.9,0.68,0,,7.53,0.25,0.52,2.86,5.95,0.047,10.14,0.23,11.17,216,0.043,0.09,,2,1,0,0,0.02,0,8.68
237,Frutas e derivados,"Mexerica, Murcote, crua",83.65,57.6,241,0.88,0.13,,14.86,3.07,0.47,33.07,12.3,0.054,19.5,0.07,1.17,158.54,0.06,0.1,,,,0.079,0.074,0.05,0,21.8
238,Frutas e derivados,"Mexerica, Rio, crua",89.57,36.9,154.3,0.65,0.13,,9.34,2.73,0.32,17.18,8.21,0.045,13.7,0.09,1.82,124.99,0.073,0.15,,,,0.033,0,0,0,111.97
239,Frutas e derivados,"Morango, cru",91.53,30.1,126.1,0.89,0.31,,6.82,1.72,0.45,10.9,9.67,0.327,22.43,0.32,0,184.4,0.06,0.18,,,,0,0.03,0.03,0,63.6
240,Frutas e derivados,"Nêspera, crua",87.76,42.5,178,0.31,0,,11.53,2.96,0.4,19.69,9.72,0.072,10.08,0.15,0,112.85,0.122,0.12,,170,85,0,0,0,0,3.16
241,Frutas e derivados,"Pequi, cru",65.89,205,857.6,2.34,17.97,,12.97,19.04,0.83,32.44,29.77,0.638,33.75,0.27,0,297.79,0.208,0.96,,60,30,0.17,0.48,0.063,2.573,8.28
242,Frutas e derivados,"Pêra, Park, crua",83.19,60.6,253.5,0.24,0.23,,16.07,2.98,0.27,8.71,6.12,0.035,11.71,0.32,0.98,102.22,0.078,0.07,,,,0.06,0,0,0,2.36
243,Frutas e derivados,"Pêra, Williams, crua",85.03,53.3,223,0.57,0.11,,14.02,3.01,0.27,8.28,5.78,0.04,11.77,0.09,0,115.87,0.07,0.08,,,,0,0,0,0,2.83
244,Frutas e derivados,"Pêssego, Aurora, cru",89.32,36.3,152,0.82,0,,9.32,1.42,0.53,3.23,4.44,0.054,15.44,0.22,0,123.79,0.019,0.06,,,,0.05,0,0,0,3.25
245,Frutas e derivados,"Pêssego, enlatado, em calda",82.19,63.1,264.2,0.71,0,,16.88,1.02,0.23,4.1,4.04,0.028,8.81,0.6,3.2,94.72,0.039,0.09,,47.54,23.77,0,0,0,0,0
246,Frutas e derivados,"Pinha, crua",75.05,88.5,370.2,1.49,0.32,,22.45,3.36,0.7,20.88,30.54,0.145,34.4,0.21,1.34,283.05,0.107,0.24,,,,0.12,0.043,0.087,0,35.9
247,Frutas e derivados,"Pitanga, crua",88.29,41.4,173.3,0.93,0.17,,10.24,3.24,0.36,17.88,12.23,0.358,13.14,0.4,1.7,113.44,0.084,0.35,,154,77,0.026,0.097,0,0,24.87
248,Frutas e derivados,"Pitanga, polpa, congelada",94.57,19.1,79.9,0.29,0.12,,4.76,0.74,0.26,7.79,6.2,0.053,12.22,0.37,5.03,87.31,0.059,0.09,,145.54,72.77,0,0,0,0,0
249,Frutas e derivados,"Romã, crua",83.99,55.7,233.2,0.4,0,,15.11,0.44,0.5,4.75,12.7,0.132,40.27,0.26,0.59,484.57,0.187,0.67,,,,0.118,0.169,0.05,0,8.12
250,Frutas e derivados,"Tamarindo, cru",21.95,275.7,1153.5,3.21,0.46,,72.53,6.45,1.86,37.1,59.11,0.335,54.59,0.55,0.36,722.99,0.295,0.67,,,,0.31,0,0.103,0,7.25
251,Frutas e derivados,"Tangerina, Poncã, crua",89.22,37.8,158.2,0.85,0.07,,9.61,0.94,0.31,12.89,7.73,0.04,12.45,0.11,0,131.44,0.03,0,,47.38,23.69,0.06,0.02,0.02,0,48.82
252,Frutas e derivados,"Tangerina, Poncã, suco",90.44,36.1,151,0.52,0,,8.8,0,0.28,4.28,6.46,0.02,9.02,0,0,119,0.02,0,,51.17,25.58,0.063,0,0.03,0,41.75
253,Frutas e derivados,"Tucumã, cru",51.26,262,1096.3,2.09,19.08,,26.47,12.65,1.09,46.34,121.01,0.549,52.55,0.57,3.89,401.17,0.39,0.87,,2362.64,1181.32,0.037,0,0.11,0,17.99
254,Frutas e derivados,"Umbu, cru",89.25,37,154.9,0.84,0,,9.4,1.98,0.47,11.56,11.35,0.033,13.38,0.09,0,151.83,0.041,0.42,,,,0.05,0.056,0.03,0,24.06
255,Frutas e derivados,"Umbu, polpa, congelada",90.19,33.9,142,0.51,0.07,,8.79,1.34,0.45,10.71,8.12,0.049,12.68,0.21,5.77,153.88,0.043,0.07,,,,0,0.065,0,0,3.95
256,Frutas e derivados,"Uva, Itália, crua",84.97,52.9,221.2,0.75,0.2,,13.57,0.92,0.57,6.66,4.98,0.127,12.12,0.14,0,161.94,0.107,0,,5.33,2.67,0,0,0.03,0,3.29
257,Frutas e derivados,"Uva, Rubi, crua",86.08,49.1,205.3,0.61,0.16,,12.7,0.93,0.46,7.62,5.83,0.072,22.79,0.17,7.92,158.89,0.047,0,,,,0.017,0.022,0,0,1.86
258,Frutas e derivados,"Uva, suco concentrado, envasado",85.13,57.7,241.2,0,0,,14.71,0.23,0.16,9.32,7.06,0.197,10.02,0.12,9.58,53.73,0.13,0.05,,,,0.072,0.017,0.05,0,20.97
259,Gorduras e óleos,"Azeite, de dendê",,884,3698.7,,100,,,,,,,,,,,,,,,,,,,,,
260,Gorduras e óleos,"Azeite, de oliva, extra virgem",,884,3698.7,,100,,,,,,,,,,,,,,,,,,,,,
261,Gorduras e óleos,"Manteiga, com sal",15.79,726,3037.5,0.41,82.36,200.55,0.06,,1.37,9.42,1.47,0,27.7,0.15,578.69,14.78,0,0,923.54,,,0,0,0,0,0
262,Gorduras e óleos,"Manteiga, sem sal",13.63,757.5,3169.5,0.4,86.04,213.95,0,,0.05,3.61,1.43,0,7.07,0,3.85,5.2,0.041,0,1013.09,,,0,0,0,0,0
263,Gorduras e óleos,"Margarina, com óleo hidrogenado, com sal (65% de lipídeos)",32.23,596.1,2494.2,0,67.43,,0,,1.94,5.56,1.13,0,7.26,0.09,894.04,21.42,0,0,462.12,,,0,0,0,0,0
264,Gorduras e óleos,"Margarina, com óleo hidrogenado, sem sal (80% de lipídeos)",19.59,722.5,3023,0,81.73,,0,,0.16,2.6,0.54,0,3.75,0.05,77.89,1.77,0,0,534.38,,,0,0,0,0,0
265,Gorduras e óleos,"Margarina, com óleo interesterificado, com sal (65%de lipídeos)",31.97,594.5,2487.2,0,67.25,,0,,1.25,4.54,1.23,0,5.97,0,560.8,14.71,0,0,385.39,,,0,0,0,0,0
266,Gorduras e óleos,"Margarina, com óleo interesterificado, sem sal (65% de lipídeos)",33.37,593.1,2481.7,0,67.1,,0,,0.1,4.96,1.15,0,7.16,0.08,33.19,4.73,0,0,245.1,,,0,0,0,0,0
267,Gorduras e óleos,"Óleo, de babaçu",,884,3698.7,,100,,,,,,,,,,,,,,,,,,,,,
268,Gorduras e óleos,"Óleo, de canola",,884,3698.7,,100,,,,,,,,,,,,,,,,,,,,,
269,Gorduras e óleos,"Óleo, de girassol",,884,3698.7,,100,,,,,,,,,,,,,,,,,,,,,
270,Gorduras e óleos,"Óleo, de milho",,884,3698.7,,100,,,,,,,,,,,,,,,,,,,,,
271,Gorduras e óleos,"Óleo, de pequi",,884,3698.7,,100,,,,,,,,,,,,,,,,,,,,,
272,Gorduras e óleos,"Óleo, de soja",,884,3698.7,,100,,,,,,,,,,,,,,,,,,,,,
273,Pescados e frutos do mar,"Abadejo, filé, congelado, assado",74.32,111.6,467,23.52,1.24,102.8,0,,1.65,22.61,20.25,0,337.86,0.53,334.39,155.64,0.034,0.51,0,0,0,0,0,0,0.437,
274,Pescados e frutos do mar,"Abadejo, filé, congelado,cozido",79.73,91.1,381.2,19.35,0.94,86.86,0,,0.89,16.73,15.74,0,350.7,0.33,189.34,145.67,0.027,0.43,0,0,0,0,0,0,0,
275,Pescados e frutos do mar,"Abadejo, filé, congelado, cru",86.42,59.1,247.3,13.08,0.36,31.41,0,,0.63,10.17,14.5,0.005,90.54,0.11,78.52,148.35,0.135,0.39,0,0,0,0.037,0,0,4.6,
276,Pescados e frutos do mar,"Abadejo, filé, congelado, grelhado",70.96,129.6,542.4,27.61,1.3,135.85,0,,1.59,20.17,22.11,0,581.13,0.33,305.09,278.64,0,0.44,5.69,5.69,5.69,0.03,0,0,0.437,
277,Pescados e frutos do mar,"Atum, conserva em óleo",64.5,165.9,694.2,26.19,6,52.94,0,,1.53,6.52,29.48,0,211.01,1.23,362.15,279.86,0.038,0.59,0,0,0,0.153,0.03,0,3.167,
278,Pescados e frutos do mar,"Atum, fresco, cru",73.05,117.5,491.6,25.68,0.87,47.8,0,,1.31,6.69,32.23,0,253.86,1.27,30.3,307.76,0.087,0.4,20.3,20.3,20,0,0.04,0,5.94,
279,Pescados e frutos do mar,"Bacalhau, salgado, cru",47.89,135.9,568.6,29.04,1.32,138.88,0,,22.5,156.97,49.47,0.025,186.21,0.85,13585.06,433.9,0.093,0.67,0,0,0,0,0.21,0,,
280,Pescados e frutos do mar,"Bacalhau, salgado, refogado",65.91,139.7,584.3,23.98,3.61,111.97,1.22,,5.28,59.12,15.06,0,51.34,0.15,1256.28,50.22,0.043,0.56,0,0,0,0.033,0.05,0,5.167,0
281,Pescados e frutos do mar,"Cação, posta, com farinha de trigo, frita",60.62,208.3,871.7,24.95,9.95,74.91,3.1,0.54,1.37,30.44,25.51,0.062,461.57,1,160.03,419.89,0,0.55,17.38,17.38,17.38,0,0,0,0.77,
282,Pescados e frutos do mar,"Cação, posta, cozida",75.93,116,485.4,25.59,0.75,83.25,0,,1.18,10.32,21.12,0,203.71,0.32,114.91,248.64,0.03,0.61,11.62,11.62,12,0,0.04,0,9.767,
283,Pescados e frutos do mar,"Cação, posta, crua",81.38,83.3,348.7,17.85,0.79,36.13,0,,1.24,8.7,19.3,0.035,181.45,0.2,176.02,299.02,0.128,0.32,6,6,6,0.037,0,0,1.31,
284,Pescados e frutos do mar,"Camarão, Rio Grande, grande, cozido",78.71,90,376.6,18.97,1,240.85,0,,1.73,89.74,18.91,0.058,265.85,1.28,366.55,101.73,0.169,1.24,0,0,0,0,0,0,1.067,
285,Pescados e frutos do mar,"Camarão, Rio Grande, grande, cru",89.13,47.2,197.4,9.99,0.5,123.99,0,,0.8,51.12,27.37,0.035,233.92,0.67,201.13,72.01,0.112,0.71,20,20,20,0,0,0,0,
286,Pescados e frutos do mar,"Camarão, Sete Barbas, sem cabeça, com casca, frito",61.04,231.2,967.5,18.39,15.62,283.14,2.88,,2.07,959.7,73.97,0.379,336.99,2.44,99.06,106.77,0.188,1.1,0,0,0,0.053,0,0,0.35,
287,Pescados e frutos do mar,"Caranguejo, cozido",77,82.7,346.1,18.48,0.42,84.61,0,,3.55,357.15,52.23,0.073,153.69,2.86,360.11,185.83,0.72,5.65,0,0,0,0.04,0.31,0,4.167,0
288,Pescados e frutos do mar,"Corimba, cru",75.64,128.2,536.2,17.37,5.99,40.23,-0.03,,1.03,40.05,22.77,0.02,190.07,0.5,47.01,316.74,0.033,0.4,0,0,0,0,0,0,1.873,
289,Pescados e frutos do mar,"Corimbatá, assado",59.93,261.5,1093.9,19.9,19.57,80.09,0,,0.96,22.3,24.21,0.013,220.64,0.97,40.43,326.5,0.032,0.75,0,0,0,0.133,0.06,0,2.697,
290,Pescados e frutos do mar,"Corimbatá, cozido",64.56,238.7,998.7,20.13,16.93,74.62,0,,0.84,64.69,22.83,0.021,185.26,0.62,37.17,253.99,0.052,0.95,0,0,0,0,0,0,2.093,
291,Pescados e frutos do mar,"Corvina de água doce, crua",79.25,101,422.6,18.92,2.24,73.11,0,,1.02,39.43,24.5,0.02,153.82,0.26,45.09,293.02,0.02,0.36,8.12,8.12,8.12,0,0.08,0,,
292,Pescados e frutos do mar,"Corvina do mar, crua",79.35,94,391.5,18.57,1.58,67.07,0,,1.08,,23.75,0.01,183.08,0.38,67.97,338.7,0.027,0.36,65.02,65.02,65.02,0.12,0.053,0,2.623,
293,Pescados e frutos do mar,"Corvina grande, assada",69.03,146.5,613.1,26.77,3.57,117.05,0,,1.35,60.23,24.1,0.025,175.9,0.54,85.35,291.46,0.02,0.67,0,0,0,0.113,0.1,0,4.233,
294,Pescados e frutos do mar,"Corvina grande, cozida",73.61,100.1,418.7,23.44,2.56,122.56,0,,0.9,69.37,22.22,0.019,163.56,0.58,68.39,194.04,0.025,0.69,6.28,6.28,6.28,0,0.033,0,0.77,
295,Pescados e frutos do mar,"Dourada de água doce, fresca",76.16,131.2,549,18.81,5.64,51.99,0,,1.07,12.13,26.26,0.01,189.27,0.15,40.3,392.51,0.02,0.48,0,0,0,0,0,0,3.703,
296,Pescados e frutos do mar,"Lambari, congelado, cru",71.89,130.8,547.4,16.81,6.55,158.66,0,,3.57,1181.28,44.69,0.278,696.15,0.91,47.92,244.4,0.094,3.34,4.31,4.31,4.31,0.053,0,0,3.3,
297,Pescados e frutos do mar,"Lambari, congelado, frito",40.14,326.9,1367.6,28.43,22.78,246.32,0,,6.17,1881.04,66.29,0.337,1067.28,0.81,64.55,331.17,0.306,5.62,9.45,9.45,9.45,0.253,0.03,0.04,8.933,
298,Pescados e frutos do mar,"Lambari, fresco, cru",72.17,151.6,634.3,15.65,9.4,144.25,0,,2.21,590.27,31.61,0.413,440.93,0.63,41.11,207.36,0.052,2.42,0,0,0,0,0.03,0.073,1.857,
299,Pescados e frutos do mar,"Manjuba, com farinha de trigo, frita",41.3,343.6,1437.4,23.45,22.59,281.75,10.24,0.36,2.41,763.31,46.9,0.356,577.93,3.04,36.52,319.26,0.154,3.77,29.94,29.94,29.94,0.05,0.067,0,0.787,
300,Pescados e frutos do mar,"Manjuba, frita",40.68,349.3,1461.6,30.14,24.46,270.34,0,,4.23,575.03,31.66,0.207,735.43,0.92,40.61,318.18,0.138,3.23,12.07,12.07,12.07,0.03,0.033,0,7.267,
301,Pescados e frutos do mar,"Merluza, filé, assado",70.73,121.9,510.1,26.6,0.92,90.97,0,,1.24,35.91,20.27,0.032,273.2,0.37,119.95,363.57,0.031,0.89,0,0,0,0.05,0,0,7.967,
302,Pescados e frutos do mar,"Merluza, filé, cru",82.07,89.1,372.9,16.61,2.02,57.18,0,,1.14,20.4,27.02,0.01,184.57,0.19,79.5,339.53,0,0.33,0,0,0,0,0,0,1.343,
303,Pescados e frutos do mar,"Merluza, filé, frito",63.46,191.6,801.8,26.93,8.5,109.1,0,,1.53,35.63,38.14,0.023,278.93,0.38,89.96,446.62,0.027,0.56,0,0,0,0.05,0,0,0.77,
304,Pescados e frutos do mar,"Pescada, branca, crua",79.57,110.9,463.9,16.26,4.59,50.77,0,,0.94,15.74,19.2,0.01,135.85,0.16,76.17,261.4,0,0.25,2.77,2.77,2.77,0,0.04,0,0.603,
305,Pescados e frutos do mar,"Pescada, branca, frita",57,223,933.2,27.36,11.78,165.44,0,,3.24,378.27,30.08,0.055,504.1,0.51,107.23,355.15,0.085,1.12,39.35,39.35,39.35,0.08,0.113,0,8.067,
306,Pescados e frutos do mar,"Pescada, filé, com farinha de trigo, frito",53.2,283.4,1185.9,21.44,19.11,72.97,5.03,0,1.21,26.43,28.4,0.066,216.37,0.94,90.51,216.37,0.031,0.43,17.5,17.5,17.5,0,0.03,0,0.603,
307,Pescados e frutos do mar,"Pescada, filé, cru",79.52,107.2,448.5,16.65,4,64.84,0,,0.9,13.55,22.8,0.01,141.25,0.17,77.5,253.06,0,0.25,47.86,47.86,47.86,0,0.047,0,3.103,
308,Pescados e frutos do mar,"Pescada, filé, frito",66.8,154.3,645.5,28.59,3.57,80.81,0,,1.66,10.32,21.12,0,203.71,0.32,114.91,248.64,0.03,0.61,4.22,4.22,4.22,0.14,0,0,8.867,
309,Pescados e frutos do mar,"Pescada, filé, molho escabeche",74.53,142,594,11.75,8.02,43.4,5.02,0.78,0.68,20.12,18.06,0.076,105.46,1.47,51.29,208.24,0.365,0.29,19.19,,,0,0.03,0,1.103,6.89
310,Pescados e frutos do mar,"Pescadinha, crua",80.62,76.4,319.7,15.48,1.14,83.61,0,,2.02,331.6,33.77,0.066,326.82,0.55,120.34,303.83,0.101,0.55,0,0,0,0.083,0,0,6.6,
311,Pescados e frutos do mar,"Pintado, assado",56.98,191.6,801.5,36.45,3.98,125.96,0,,2.03,113.54,42.36,0.081,331.8,0.78,80.95,527.15,0.036,2.1,6.57,6.57,6.57,0.03,0,0,6.633,
312,Pescados e frutos do mar,"Pintado, cru",80.27,91.1,381.1,18.56,1.31,50.3,0,,1.08,12,23.7,0.01,174.47,0.22,43.34,293.65,0.03,0.39,0,0,0,0,0,0,4.953,
313,Pescados e frutos do mar,"Pintado, grelhado",65.49,152.2,636.8,30.8,2.29,99.3,0,,1.57,68.98,26.74,0.03,237.29,0.48,53.09,360.15,0.038,0.76,5.13,5.13,5.13,0.03,0,0,2.867,
314,Pescados e frutos do mar,"Porquinho, cru",79.17,93,389.2,20.49,0.61,48.61,0,,1.26,25.88,24.35,0.053,207.3,0.39,66.73,313.42,0.037,0.66,4.65,4.65,4.65,0,0,0,1.193,
315,Pescados e frutos do mar,"Salmão, filé, com pele, fresco,  grelhado",60.93,228.7,957,23.92,14.04,85.31,0,,1.29,28.76,27.79,0.016,299.72,0.54,85.14,383.94,0.043,0.56,0,0,0,0.127,0.06,0,5.347,
316,Pescados e frutos do mar,"Salmão, sem pele, fresco, cru",68.98,169.8,710.4,19.25,9.71,53.03,0,,1.22,8.75,27.42,0,258.8,0.24,64.24,376.5,0.022,0.34,0,0,0,0.197,0.03,0,3.21,
317,Pescados e frutos do mar,"Salmão, sem pele, fresco, grelhado",58.13,242.7,1015.5,26.14,14.53,72.82,0,,1.61,15.09,37.86,0.013,352.16,0.37,95.81,517.9,0.037,0.5,0,0,0,0.233,0.03,0,6.303,
318,Pescados e frutos do mar,"Sardinha, assada",60.08,164.4,687.6,32.18,2.99,108.99,0,,4.35,437.73,51.36,0.242,577.78,1.25,74.47,574.34,0.137,1.82,0,0,0,0.063,0,0,5.833,
319,Pescados e frutos do mar,"Sardinha, conserva em óleo",55.14,285,1192.4,15.94,24.05,72.57,0,,2.86,550.24,35.27,0.113,496.37,3.54,665.84,367.13,0.034,1.64,0,0,0,0.417,0.037,0,6.553,
320,Pescados e frutos do mar,"Sardinha, frita",48.49,257,1075.5,33.38,12.69,102.87,0,,4.3,482.07,38.83,0.247,628.76,1.12,60.1,459.94,0.143,1.64,0,0,0,0.063,0,0,7.1,
321,Pescados e frutos do mar,"Sardinha, inteira, crua",76.64,113.9,476.6,21.08,2.65,60.5,0,,1.6,167.33,28.53,0.097,293.9,1.34,60.39,312.37,0.13,1.29,0,0,0,0,0.07,0,7.7,
322,Pescados e frutos do mar,"Tucunaré, filé, congelado, cru",79.88,87.7,366.9,17.96,1.22,46.9,-0.05,,0.98,19.22,25.64,0.011,167.87,0.27,56.55,288.06,0.095,0.44,0,0,0,0,0.05,0,0.9,
323,Carnes e derivados,Apresuntado,73.72,128.9,539.1,13.45,6.69,37.67,2.86,,3.28,22.58,15.26,0.039,225.39,0.88,942.93,270.07,0.029,1.65,0,,,0.623,0.037,0,0.697,0
324,Carnes e derivados,"Caldo de carne, tablete",2.93,240.6,1006.8,7.82,16.57,0,15.05,0.58,57.63,129.03,22.06,0.021,123.04,0,22179.67,218.15,0,0,0,,,0.703,0.07,0.267,0,
325,Carnes e derivados,"Caldo de galinha, tablete",3.38,251.4,1052,6.28,20.42,2.11,10.65,11.81,59.28,16.36,12.79,0.13,48.06,0.69,22299.9,68.03,0,0.26,0,,,0.05,0.037,0,,
326,Carnes e derivados,"Carne, bovina, acém, moído, cozido",61.62,212.4,888.8,26.69,10.92,103.13,0,,0.84,4.03,17.07,0.013,164.44,2.65,52.36,255.71,0.063,8.1,0,0,0,0,0.317,0,1.763,
327,Carnes e derivados,"Carne, bovina, acém, moído, cru",72.7,136.6,571.4,19.42,5.95,57.94,0,,0.93,2.61,14.14,0,157.61,1.76,48.61,237.3,0.076,6.33,2.32,2.32,2.32,0.153,0.213,0.03,4.33,
328,Carnes e derivados,"Carne, bovina, acém, sem gordura, cozido",60.38,214.6,897.9,27.27,10.88,106.75,0,,0.83,7.11,14.44,0,164.2,2.37,56.17,254.42,0.073,7.97,0,0,0,0,0.04,0.07,1.627,
329,Carnes e derivados,"Carne, bovina, acém, sem gordura, cru",71.52,144,602.6,20.82,6.11,53.37,0,,0.96,4.72,13.28,0,144.19,1.51,49.85,233.65,0.037,5.21,2.17,2.17,2.17,0.117,0.117,0,2.33,
330,Carnes e derivados,"Carne, bovina, almôndegas, cruas",64.28,189.3,791.8,12.31,11.2,33.6,9.79,,2.41,22.23,23.75,0.167,144.93,1.56,621.25,328.24,0.146,2.33,0,,,0.11,0.04,0,2.2,
331,Carnes e derivados,"Carne, bovina, almôndegas, fritas",48.09,271.8,1137.3,18.16,15.78,36.38,14.29,,3.69,26.76,48.12,0.407,244.3,1.91,1030.26,536.1,0.187,2.61,0,,,0.133,0.07,0,6.6,
332,Carnes e derivados,"Carne, bovina, bucho, cozido",74.12,133,556.6,21.64,4.5,245.47,0,,0.32,13.21,7.41,0.01,62.63,0.58,38.2,69.81,0.05,2.49,0,0,0,0,0,0,2.18,
333,Carnes e derivados,"Carne, bovina, bucho, cru",74.97,137.3,574.5,20.53,5.5,144.9,0,,0.37,9.07,6.4,0.01,61.42,0.47,45,84.57,0.06,2.13,0,0,0,0,0,0,2.133,
334,Carnes e derivados,"Carne, bovina, capa de contra-filé, com gordura, crua",64.77,216.9,907.5,19.2,14.96,62.81,0,,0.9,5.86,17.45,0.006,144.19,1.51,57.54,266.89,0.058,3.54,3.76,3.76,3.76,0.087,0.087,0.12,1.55,
335,Carnes e derivados,"Carne, bovina, capa de contra-filé, com gordura, grelhada",47.88,311.7,1304.2,30.69,20.03,120.43,0,,1.13,7.26,18.38,0,213.63,2.59,80.51,323.45,0.127,6.2,0,0,0,0,0.063,0,1.743,
336,Carnes e derivados,"Carne, bovina, capa de contra-filé, sem gordura, crua",72.99,131.1,548.4,21.54,4.33,58.35,0,,1,6.5,19.59,0,178.23,2.04,79.17,325.43,0.06,4.59,0,0,0,0,0.037,0,1.81,
337,Carnes e derivados,"Carne, bovina, capa de contra-filé, sem gordura, grelhada",53.74,239.4,1001.8,35.06,9.95,80.29,-0.01,,1.25,8.84,25.61,0.01,287.38,2.84,82.75,384.84,0.12,7.64,0,0,0,0.027,0.077,0,1.857,
338,Carnes e derivados,"Carne, bovina, charque, cozido",45.79,262.8,1099.5,36.36,11.92,113.43,0,,3.63,14.85,12.81,0.017,100.9,3.45,1442.7,89.57,0.067,6.09,0,0,0,0.05,0.07,0,1.5,
339,Carnes e derivados,"Carne, bovina, charque, cru",44.47,248.9,1041.2,22.71,16.84,80.69,0,,14.49,15.18,13.36,0,122.29,1.53,5875.03,236.26,0.033,3.89,0,0,0,0.12,0.07,0,1.633,
340,Carnes e derivados,"Carne, bovina, contra-filé, à milanesa",42.16,351.6,1471.1,20.61,24,99.36,12.17,0.37,1.05,14.67,27.04,0.273,202.95,2.9,77.09,270.96,0.096,2.86,15.08,,,0.07,0.04,0,3.017,
341,Carnes e derivados,"Carne, bovina, contra-filé de costela, cru",66.38,202.4,847,19.8,13.07,52.31,0,,0.95,3.16,14,0,163.85,1.56,38.52,245.07,0.039,4.35,3.05,3.05,3.05,0.137,0.08,0,2.677,
342,Carnes e derivados,"Carne, bovina, contra-filé de costela, grelhado",52.19,274.9,1150.2,29.88,16.33,97.87,0,,1.15,4.29,23.57,0.01,251.89,2.79,50.88,382.74,0.08,6.68,0,0,0,0,0.187,0.173,2.753,
343,Carnes e derivados,"Carne, bovina, contra-filé, com gordura, cru",65.75,205.9,861.3,21.15,12.81,72.65,0,,0.92,3.67,18.16,0.005,164.2,1.31,44.13,284.65,0.039,2.79,3.59,3.59,3.59,0.11,0.08,0.03,3.79,
344,Carnes e derivados,"Carne, bovina, contra-filé, com gordura, grelhado",51.71,278.1,1163.4,32.4,15.49,143.86,0,,1.22,4.46,18.66,0,218.54,2.35,57.07,351.86,0.093,4.78,0,0,0,0,0.183,0.13,4.91,
345,Carnes e derivados,"Carne, bovina, contra-filé, sem gordura, cru",69.14,156.6,655.3,24,6,59.46,0,,0.99,4.2,20.63,0,183.82,1.68,52.89,334.62,0.047,3.24,0,0,0,0,0.2,0,4.64,
346,Carnes e derivados,"Carne, bovina, contra-filé, sem gordura, grelhado",57.53,193.7,810.4,35.88,4.49,101.9,0,,1.27,5,21.06,0,240.6,2.35,57.51,386.47,0.093,5.14,0,0,0,0,0.167,0.16,4.933,
347,Carnes e derivados,"Carne, bovina, costela, assada",43.19,373,1560.8,28.81,27.72,94.59,0,,0.99,28.01,19.55,0,179.05,2.18,91.86,270.01,0.083,5.45,0,0,0,0,0.083,0.35,0.557,
348,Carnes e derivados,"Carne, bovina, costela, crua",52.73,357.7,1496.7,16.71,31.75,44.19,0,,0.9,,11.68,0,129.97,1.2,70,151.16,0,2.7,4.57,4.57,4.57,0.12,0.11,0,5.99,
349,Carnes e derivados,"Carne, bovina, coxão duro, sem gordura, cozido",58.53,216.6,906.3,31.88,8.92,71.1,0,,0.88,3.98,13.79,0,188.97,1.7,41.1,251.66,0.07,4.97,2.06,2.06,2.06,0,0,0,3.26,
350,Carnes e derivados,"Carne, bovina, coxão duro, sem gordura, cru",69.8,148,619.1,21.51,6.22,59.98,0,,1.09,2.95,21.11,0,188.51,1.89,48.55,357.88,0.05,2.81,2.07,2.07,2.07,0.117,0.2,0,4.377,
351,Carnes e derivados,"Carne, bovina, coxão mole, sem gordura, cozido",58.04,218.7,914.9,32.38,8.91,84.15,0,,1.23,3.73,13.47,0,182.67,2.56,43.5,238.51,0.113,4.7,2.47,2.47,2.47,0,0,0,4.09,
352,Carnes e derivados,"Carne, bovina, coxão mole, sem gordura, cru",68.6,169.1,707.4,21.23,8.69,83.82,0,,1.04,2.99,20.72,0,175.4,1.89,60.53,334.9,0.05,2.63,2.61,2.61,2.61,0.12,0.193,0,2.32,
353,Carnes e derivados,"Carne, bovina, cupim, assado",48.42,330.1,1381.1,28.63,23.04,90.8,0,,0.96,7.62,18.21,0,212.27,2.7,71.59,321.07,0.08,5.29,0,0,0,0,0.077,0.14,2.163,
354,Carnes e derivados,"Carne, bovina, cupim, cru",64.83,221.4,926.3,19.54,15.3,50.95,0,,0.88,3.57,12.76,0,220.13,1.13,46.86,150.58,0.029,2.42,2.7,2.7,2.7,0.113,0.05,0.03,3.33,
355,Carnes e derivados,"Carne, bovina, fígado, cru",71.33,141,590.1,20.71,5.36,392.88,1.11,,1.49,4.16,12.42,0.26,334.16,5.63,75.92,264.5,9.007,3.46,7936.7,7936.7,7936.7,0.137,0.903,0,10.66,
356,Carnes e derivados,"Carne, bovina, fígado, grelhado",54.97,225,941.5,29.86,9.01,601.47,4.2,,1.96,5.56,9.7,0.217,419.92,5.79,82.19,309.37,12.577,3.95,14574,14574,14574,0.213,2.693,0,11.923,
357,Carnes e derivados,"Carne, bovina, filé mingnon, sem gordura, cru",71.89,142.9,597.7,21.6,5.61,54.76,0,,1.07,2.93,21.39,0.008,192.76,1.92,48.86,321.53,0.08,2.75,3.63,3.63,3.63,0.117,0.097,0.04,1.777,
358,Carnes e derivados,"Carne, bovina, filé mingnon, sem gordura, grelhado",57,219.7,919.2,32.8,8.83,102.88,0,,1.33,4.31,28.26,0.02,308.14,2.87,57.91,325.98,0.14,4.13,0,0,0,0.03,0.08,0.047,4.267,
359,Carnes e derivados,"Carne, bovina, flanco, sem gordura, cozido",61.98,195.6,818.3,29.38,7.77,62,0,,0.86,3.53,13.61,0,181.45,2.77,41.68,248.8,0.073,5.55,1.76,1.76,1.76,0,0,0,2.32,
360,Carnes e derivados,"Carne, bovina, flanco, sem gordura, cru",72.07,141.5,591.9,20,6.22,50.3,0,,0.97,2.81,17.85,0,166.73,1.58,54.22,324.11,0.047,4.45,2.02,2.02,2.02,0.11,0.163,0,3.277,
361,Carnes e derivados,"Carne, bovina, fraldinha, com gordura, cozida",49.72,338.4,1416.1,24.24,26.05,64.87,0,,0.75,3.21,14.48,0,160.58,2.03,38.78,206.76,0.073,6.5,0,0,0,0,0.053,0.07,1.607,
362,Carnes e derivados,"Carne, bovina, fraldinha, com gordura, crua",65.44,220.7,923.5,17.58,16.15,54.34,0,,0.86,3.11,16.12,0.004,131.4,1.54,51.2,274.12,0.045,4.19,4.64,4.64,4.64,0.083,0.073,0.03,3.563,
363,Carnes e derivados,"Carne, bovina, lagarto, cozido",57.63,222.5,930.8,32.86,9.11,55.7,0,,0.88,3.53,12.96,0,167.27,1.85,47.54,254.44,0.047,6.96,2.9,2.9,2.9,0,0,0,2.547,
364,Carnes e derivados,"Carne, bovina, lagarto, cru",70.97,134.9,564.3,20.54,5.23,55.79,0,,1.12,2.59,19.67,0,184.72,1.32,53.56,361.84,0.053,2.39,1.99,1.99,1.99,0.103,0.137,0.033,2.193,
365,Carnes e derivados,"Carne, bovina, língua, cozida",53.41,314.9,1317.5,21.37,24.8,105.07,0,,0.66,5.93,11.54,0.01,136.46,2.07,59.06,175.29,0.083,4.09,0,0,0,0,0.077,0,1.827,
366,Carnes e derivados,"Carne, bovina, língua, crua",65.02,215.2,900.6,17.09,15.77,117.85,0,,0.78,5.04,15.3,0.02,163.57,1.7,73.05,250.71,0.093,2.87,0,0,0,0.047,0.04,0,1.177,
367,Carnes e derivados,"Carne, bovina, maminha, crua",69.99,152.8,639.2,20.93,7.03,50.8,0,,1.02,2.83,15.66,0,181.32,1.15,37.42,273.66,0.034,3.48,3.18,3.18,3.18,0.117,0.077,0.03,4.273,
368,Carnes e derivados,"Carne, bovina, maminha, grelhada",65.28,153.1,640.5,30.74,2.42,87.7,0,,1.39,4.17,20.89,0,237.48,2.43,58.12,386.42,0.083,5.58,0,0,0,0,0.04,0.13,1.457,
369,Carnes e derivados,"Carne, bovina, miolo de alcatra, sem gordura, cru",69.49,162.9,681.5,21.61,7.83,60.37,0,,1.01,3.19,20.02,0.008,165.09,1.97,43.05,298.74,0.065,2.96,3.52,3.52,3.52,0.123,0.07,0,3.59,
370,Carnes e derivados,"Carne, bovina, miolo de alcatra, sem gordura, grelhado",52.43,241.4,1009.9,31.93,11.64,92.2,0,,1.22,4.51,25.97,0.02,279.24,3.17,51.62,385.11,0.107,4.82,0,0,0,0.03,0.05,0.05,4.663,
371,Carnes e derivados,"Carne, bovina, músculo, sem gordura, cozido",62.82,193.8,810.9,31.23,6.7,56.15,0,,0.88,4.98,13.42,0,175.7,2.36,61.79,252.56,0.083,6.44,1.91,1.91,1.91,0,0,0,1.973,
372,Carnes e derivados,"Carne, bovina, músculo, sem gordura, cru",72.35,141.6,592.4,21.56,5.49,50.94,0,,0.99,3.64,17.45,0,162.19,1.86,66.08,295.84,0.053,3.65,1.91,1.91,1.91,0.093,0.187,0.04,2.787,
373,Carnes e derivados,"Carne, bovina, paleta, com gordura, crua",70.62,158.7,664,21.41,7.46,58.26,0,,0.92,4.36,14.15,0,157.6,1.76,64.9,249.68,0.08,3.65,0,0,0,0,0.04,0.02,0.91,
374,Carnes e derivados,"Carne, bovina, paleta, sem gordura, cozida",62.94,193.7,810.2,29.72,7.4,55.61,0,,0.85,5.64,17.66,0,197.45,2.17,57.62,249.81,0.097,6.82,0,0,0,0.033,0.043,0,2.163,
375,Carnes e derivados,"Carne, bovina, paleta, sem gordura, crua",72.08,140.9,589.7,21.03,5.67,42.25,0,,0.98,3.62,17.51,0,163.36,1.93,65.86,319.43,0.05,3.34,3.27,3.27,3.27,0.127,0.213,0,2.667,
376,Carnes e derivados,"Carne, bovina, patinho, sem gordura, cru",72.91,133.5,558.4,21.72,4.51,55.61,0,,1.01,3.3,20.1,0.008,170.37,1.78,49.13,317.61,0.053,4.47,1.51,1.51,1.51,0.113,0.083,0,3.61,
377,Carnes e derivados,"Carne, bovina, patinho, sem gordura, grelhado",55.15,219.3,917.4,35.9,7.31,125.68,0,,1.3,4.8,27.26,0.02,288.84,3.03,60.29,420.96,0.123,8.09,0,0,0,0.037,0.03,0,3.01,
378,Carnes e derivados,"Carne, bovina, peito, sem gordura, cozido",51.18,338.5,1416.2,22.25,26.99,99.54,0,,0.72,4.03,13.87,0,135.96,1.6,55.71,204.49,0.053,3.89,0,0,0,0,0.3,0,4.537,
379,Carnes e derivados,"Carne, bovina, peito, sem gordura, cru",61.49,259.3,1084.8,17.56,20.43,59.3,0,,0.85,3.94,15.32,0,124.36,1.31,63.76,241.4,0.064,2.63,4.25,4.25,4.25,0.107,0.067,0.03,3.91,
380,Carnes e derivados,"Carne, bovina, picanha, com gordura, crua",65.64,212.9,890.7,18.82,14.69,59.55,0,,0.93,2.42,14.22,0,165.29,1.71,37.62,231.65,0.06,3.77,3.46,3.46,3.46,0.13,0.157,0,4.767,
381,Carnes e derivados,"Carne, bovina, picanha, com gordura, grelhada",53.39,288.8,1208.2,26.42,19.51,91.76,0,,1.09,4,24,0,246,3.2,60,355,0.14,5.5,0,0,0,0.03,0.06,0.13,1.6,
382,Carnes e derivados,"Carne, bovina, picanha, sem gordura, crua",72.42,133.5,558.7,21.25,4.74,75.23,0,,1.01,3.39,20.25,0,183.05,2.13,61.15,322.5,0.08,4.23,0,0,0,0,0.05,0,1.887,
383,Carnes e derivados,"Carne, bovina, picanha, sem gordura, grelhada",54.63,238.5,997.8,31.91,11.33,99.71,0,,1.23,4.43,25.42,0.02,281.91,3.55,60.66,376.6,0.173,6.7,0,0,0,0,0.083,0.03,1.823,
384,Carnes e derivados,"Carne, bovina, seca, cozida",47.19,312.8,1308.8,26.93,21.93,100.14,0,,4.72,12.76,11.9,0.015,82.38,1.88,1943.18,86.03,0.033,7.7,0,0,0,0,0.063,0,2.32,
385,Carnes e derivados,"Carne, bovina, seca, crua",39.24,312.7,1308.5,19.66,25.37,91.55,0,,15.29,14.11,12.22,0.012,100,1.33,4439.55,190.15,0,3.65,0,0,0,0,0.073,0,2.833,
386,Carnes e derivados,"Coxinha de frango, frita",42.21,283,1184.3,9.61,11.84,14.81,34.52,4.97,1.82,18.33,16.78,0.276,92.54,1.26,532.13,166.21,0.095,0.51,0,,,0.087,0,0,2.6,0
387,Carnes e derivados,"Croquete, de carne, cru",55.96,245.8,1028.3,12.04,15.56,29.85,13.95,,2.49,15.5,23.64,0.34,144.18,2.51,710.64,221.4,0.102,2.67,0,,,0.107,0.04,0,1.947,0
388,Carnes e derivados,"Croquete, de carne, frito",39.23,346.7,1450.8,16.86,22.67,38.1,18.15,,3.08,18.09,29.52,0.386,176.26,2.31,916.41,313.02,0.09,3.3,0,,,0.137,0.043,0,4.773,0
389,Carnes e derivados,"Empada de frango, pré-cozida, assada",28.19,358.2,1498.7,6.94,15.61,22.72,47.49,2.16,1.77,15.61,18.3,0.323,77.62,1.19,524.93,137.66,0.072,0.64,0,,,0.117,0,0,0,
390,Carnes e derivados,"Empada, de frango, pré-cozida",32.03,377.5,1579.4,7.34,22.89,23.28,35.53,2.22,2.21,13.56,17.33,0.25,77.94,0.75,770.73,156.36,0.087,0.5,0,,,0.107,0,0.03,0,
391,Carnes e derivados,"Frango, asa, com pele, crua",67.47,213.2,892,18.1,15.07,113.45,0,,0.69,10.92,23.22,0.01,154.79,0.57,96.3,211.16,0.023,1.25,10.37,10.37,10.37,0.107,0.043,0,2.583,
392,Carnes e derivados,"Frango, caipira, inteiro, com pele, cozido",59.69,242.9,1016.2,23.88,15.62,109.55,0,,0.8,16.76,18.35,0.014,161.94,1.66,56.09,210.01,0.077,1.7,16.16,16.16,16.16,0.03,0,0,6.333,
393,Carnes e derivados,"Frango, caipira, inteiro, sem pele, cozido",61.42,195.8,819.1,29.57,7.7,105.52,0,,1.09,66.14,23.17,0.022,209.6,2.12,53.24,223.59,0.146,2.66,6.05,6.05,6.05,0.03,0.03,0,9.2,
394,Carnes e derivados,"Frango, coração, cru",69.05,221.5,926.8,12.58,18.6,159.24,0,,0.77,5.51,19.83,0.05,193.39,4.09,95.06,220.07,0.197,2.01,9.39,9.39,9.39,0.227,0.35,0,3.387,
395,Carnes e derivados,"Frango, coração, grelhado",63.51,207.3,867.2,22.44,12.1,280.36,0.61,,1.35,8.35,20.12,0.059,275.78,6.53,128.24,242.69,0.304,3.45,0,0,0,0.197,0.193,0,9.7,
396,Carnes e derivados,"Frango, coxa, com pele, assada",59.79,215.1,900.1,28.49,10.36,145.48,0.06,,1.3,8.34,13.93,0,251.35,1.22,94.84,318.11,0.047,2.55,5.97,5.97,5.97,0.05,0.053,0,10.4,
397,Carnes e derivados,"Frango, coxa, com pele, crua",72.85,161.5,675.6,17.09,9.81,97.4,0,,0.83,8,25.81,0.017,185.34,0.7,94.96,274.73,0.03,1.97,10.02,10.02,10.02,0.157,0.053,0,2.037,
398,Carnes e derivados,"Frango, coxa, sem pele, cozida",66.66,167.4,700.5,26.86,5.85,132.92,0,,0.87,11.78,11.14,0,186.74,0.83,64.34,191.14,0.027,2.83,0,0,0,0.073,0,0,8.2,
399,Carnes e derivados,"Frango, coxa, sem pele, crua",76.42,119.9,501.9,17.81,4.86,90.56,0.02,,0.89,7.97,27.23,0.02,196.48,0.78,98.37,291.19,0.03,2.24,11.66,11.66,11.66,0.167,0.047,0,3.53,
400,Carnes e derivados,"Frango, fígado, cru",77.75,106.5,445.5,17.59,3.49,340.58,-0.02,,1.2,5.61,27.83,0.35,343.9,9.54,82.43,280.5,0.26,3.73,3863.33,3863.33,3863.33,0.617,0.557,0,6.363,
401,Carnes e derivados,"Frango, filé, à milanesa",54.89,220.9,924.1,28.46,7.79,84.32,7.51,1.13,1.35,8.91,34.83,0.057,249.35,1.08,122.33,407.56,0.047,0.84,6.61,6.61,6.61,0.053,0.04,0.52,11.067,
402,Carnes e derivados,"Frango, inteiro, com pele, cru",66.54,226.3,946.9,16.44,17.31,84.84,0,,0.75,6.3,24.3,0.01,173.55,0.62,62.88,217.24,0.04,1.12,7,7,7,0.08,0.03,0,3.277,
403,Carnes e derivados,"Frango, inteiro, sem pele, assado",63.2,187.3,783.8,28.02,7.5,110.94,0,,1.16,9.06,13.88,0,232.94,0.55,70.27,283.27,0.028,1.58,0,0,0,0.093,0,0,11.2,
404,Carnes e derivados,"Frango, inteiro, sem pele, cozido",67.45,170.4,712.9,24.99,7.06,98.93,0,,0.89,8.18,12.35,0,193.67,0.46,50.89,216.53,0.04,1.24,0,0,0,0.1,0,0,12.833,
405,Carnes e derivados,"Frango, inteiro, sem pele, cru",74.86,129.1,540.1,20.59,4.57,78.24,0,,0.93,6.52,27.04,0.01,190.48,0.54,72.96,237.68,0.03,1.24,3.67,3.67,3.67,0.12,0.03,0,3.283,
406,Carnes e derivados,"Frango, peito, com pele, assado",58.54,211.7,885.7,33.42,7.65,109.03,0,,1.49,8.26,18.14,0.01,297.02,0.48,55.7,380.31,0.015,0.95,6.23,6.23,6.23,0.12,0,0,15.8,
407,Carnes e derivados,"Frango, peito, com pele, cru",71.94,149.5,625.4,20.78,6.73,79.93,0,,0.91,8.42,28.29,0.01,212.97,0.44,62.31,251.82,0.05,0.6,4,4,4,0.087,0,0,2.583,
408,Carnes e derivados,"Frango, peito, sem pele, cozido",65.57,162.9,681.5,31.47,3.16,88.51,0,,0.98,6.44,13.76,0,224.43,0.34,36.17,231.05,0.018,0.95,0,0,0,0.097,0,0,7.6,
409,Carnes e derivados,"Frango, peito, sem pele, cru",74.79,119.2,498.6,21.53,3.02,58.68,0,,0.97,7.36,31.26,0.01,222.03,0.43,56.14,267.09,0.03,0.66,2,2,2,0.1,0,0,5.857,
410,Carnes e derivados,"Frango, peito, sem pele, grelhado",63.81,159.2,666,32.03,2.48,89.12,0,,1.44,5.34,18.27,0,295.01,0.33,50.25,387.37,0.018,0.78,0,0,0,0.11,0,0,24.833,
411,Carnes e derivados,"Frango, sobrecoxa, com pele, assada",55,259.6,1086.2,28.7,15.19,158.26,0,,1.33,10.68,14.6,0,252.23,1.21,95.94,323.07,0.061,2.17,8.22,8.22,8.22,0.103,0.05,0,11.2,
412,Carnes e derivados,"Frango, sobrecoxa, com pele, crua",63.58,254.5,1065,15.46,20.9,87.63,0,,0.75,7.09,21.5,0.01,154.19,0.71,68.27,190.19,0.047,1.31,6.59,6.59,6.59,0.09,0.063,0,3.397,
413,Carnes e derivados,"Frango, sobrecoxa, sem pele, assada",55.63,232.9,974.4,29.18,12.01,145.11,0,,1.49,12.25,17.23,0,281.34,1.17,106.08,382.21,0.072,2.18,10.7,10.7,10.7,0.1,0.05,0,10.2,
414,Carnes e derivados,"Frango, sobrecoxa, sem pele, crua",72.71,161.8,677,17.57,9.62,84.09,0,,0.88,6.29,26.33,0.02,187.29,0.9,79.75,241.09,0.057,1.67,3.92,3.92,3.92,0.117,0.06,0,4.06,
415,Carnes e derivados,"Hambúrguer, bovino, cru",63.6,214.8,898.9,13.16,16.18,70.01,4.15,,2.91,34.06,24.52,0.357,140.72,1.89,869.46,382.59,0.162,1.7,0,,,0.057,0.083,0.037,3.533,
416,Carnes e derivados,"Hambúrguer, bovino, frito",52.46,258.3,1080.7,19.97,17.01,48.9,6.32,,4.24,62.39,59.7,0.522,324.46,3.02,1251.8,660.09,0.175,3.18,0,,,0.133,0.057,0,2.733,
417,Carnes e derivados,"Hambúrguer, bovino, grelhado",59.23,209.8,877.9,13.16,12.43,58.53,11.33,,3.85,56.21,47.57,0.398,262.67,2.64,1090.33,537.56,0.18,3.02,0,,,0.177,0.057,0,5.767,
418,Carnes e derivados,"Lingüiça, frango, crua",64.76,218.1,912.6,14.24,17.44,64.13,0,,3.28,10.84,18.97,0.053,181.51,0.47,1125.81,279.73,0.054,0.69,0,,,0.11,0.053,0,4.6,
419,Carnes e derivados,"Lingüiça, frango, frita",59.57,245.5,1027,18.32,18.54,75.79,0,,3.79,15.48,29.19,0.104,262.07,0.79,1373.89,363.79,0.038,1.16,0,,,0.11,0.05,0,5.667,
420,Carnes e derivados,"Lingüiça, frango, grelhada",58.58,243.7,1019.5,18.19,18.4,80.48,0,,3.82,13.93,21.1,0.099,228.02,0.72,1351.49,356,0.093,1.03,0,,,0.117,0.04,0,5.967,
421,Carnes e derivados,"Lingüiça, porco, crua",62.48,227.2,950.6,16.06,17.58,52.93,0,,3.21,6.13,14.05,0.006,157.48,0.44,1175.72,316.33,0.044,1.36,0,,,0.49,0.053,0,2.6,
422,Carnes e derivados,"Lingüiça, porco, frita",54.61,279.5,1169.6,20.45,21.31,74.71,0,,3.86,8.48,18.22,0.011,210.78,0.87,1431.59,408.94,0.06,3.08,0,,,0.413,0.067,0,5.833,
423,Carnes e derivados,"Lingüiça, porco, grelhada",50.48,296.5,1240.5,23.17,21.9,81.7,0,,4,8.14,18.79,0.012,209.81,1.01,1455.86,426.6,0.072,3.48,0,,,0.397,0.07,0,6.6,
424,Carnes e derivados,Mortadela,56.44,268.8,1124.7,11.95,21.65,82.76,5.82,,4.14,66.55,19.14,0.112,215.67,1.47,1212.17,247.28,0.078,1.02,24.55,,,0.143,0.063,0,3.003,
425,Carnes e derivados,"Peru, congelado, assado",65.32,163.1,682.3,26.2,5.67,91.24,0,,2.23,13.84,11.54,0.018,197.36,0.59,627.88,175.12,0.031,1.21,0,0,0,0.06,0,0,6.233,
426,Carnes e derivados,"Peru, congelado, cru",78.18,93.7,392.1,18.08,1.83,68.16,0,,2.46,9.88,18.84,0,216.67,0.87,710.68,281.35,0.357,1.44,0,0,0,0.063,0,0,4.233,
427,Carnes e derivados,"Porco, bisteca, crua",67.7,164.1,686.7,21.5,8.02,56.38,0,,0.99,6.11,24.07,0,195.16,0.53,54.29,334.99,0.07,1.43,0,0,0,0.897,0,0,2.647,
428,Carnes e derivados,"Porco, bisteca, frita",47.33,311.2,1301.9,33.75,18.52,126.3,0,,1.55,69.15,29.12,0.008,289.87,0.82,63.03,403.51,0.065,2.16,9.74,9.74,9.74,0.337,0,0,3.247,
429,Carnes e derivados,"Porco, bisteca, grelhada",51.84,280.1,1171.9,28.89,17.38,81.68,0,,1.25,34.31,24.74,0,229.44,0.86,51.45,366.42,0.056,2.35,0,0,0,0.767,0.137,0.03,1.923,
430,Carnes e derivados,"Porco, costela, assada",36.92,402.2,1682.7,30.22,30.28,112.86,0,,1.37,16.77,14.04,0,200.78,1.04,62.68,245.97,0.073,3.1,0,0,0,0.713,0.053,0,10.633,
431,Carnes e derivados,"Porco, costela, crua",61.21,255.6,1069.5,18,19.82,68.83,0,,0.92,14.53,17.97,0,159.08,0.9,87.98,248.23,0.054,2.27,0,0,0,0.623,0,0,8.267,
432,Carnes e derivados,"Porco, lombo, assado",56.56,210.2,879.6,35.73,6.4,103.08,0,,1.37,19.51,18.14,0,238.36,0.46,38.92,311.14,0.025,1.76,0,0,0,0.747,0.067,0.107,12.433,
433,Carnes e derivados,"Porco, lombo, cru",67.73,175.6,734.8,22.6,8.77,55.39,0,,1.03,4.16,23.91,0,194.52,0.47,53.07,334.38,0.008,0.93,0,0,0,0.947,0,0,13.833,
434,Carnes e derivados,"Porco, orelha, salgada, crua",59.67,258.5,1081.5,18.52,19.89,83.01,0,,2.04,5.44,2.07,0.005,30.79,1.41,615.6,228.46,0.231,0.57,0,0,0,0.073,0.03,0,0,
435,Carnes e derivados,"Porco, pernil, assado",49.26,262.3,1097.3,32.13,13.86,109.8,0,,1.45,17.59,27.35,0.012,247.09,1.25,62.41,395.19,0.093,3.25,0,0,0,0.773,0.09,0,6.567,
436,Carnes e derivados,"Porco, pernil, cru",67.08,186.1,778.5,20.12,11.1,58.69,0,,1.02,12.94,22.88,0,192.48,0.89,101.89,255.58,0.163,1.73,0,0,0,1.063,0.057,0,5.667,
437,Carnes e derivados,"Porco, rabo, salgado, cru",43.79,377.4,1579.1,15.58,34.47,89.09,0,,3.5,21.63,3.6,0.012,42.39,0.62,1157.67,23.76,0.047,1.41,0,0,0,0.203,0.057,0,1.433,
438,Carnes e derivados,"Presunto, com capa de gordura",73.95,127.8,534.9,14.37,6.77,39.51,1.4,,3.51,12.48,17.04,0.035,273.87,0.68,1020.77,294.58,0.035,1.32,0,,,0.623,0.033,0,3.78,
439,Carnes e derivados,"Presunto, sem capa de gordura",77.18,93.7,392.2,14.29,2.71,35.77,2.15,,3.67,23.27,17.51,0.041,244.06,0.83,1039.18,307.3,0.043,1.46,0,,,0.503,0.03,0,4.003,
440,Carnes e derivados,"Quibe, assado",69.02,136.2,570,14.59,2.68,33.73,12.86,1.9,0.85,15.62,36.08,0.765,174.37,2.15,39.89,287.78,0.511,4.12,0,,,0.043,0.04,0,1.807,0
441,Carnes e derivados,"Quibe, cru",74.51,109.5,458.1,12.35,1.67,26.93,10.77,1.65,0.69,12.09,25.69,0.39,125.79,1.65,38.77,241.74,0.132,2.75,0,,,0.087,0.03,0,1.203,0
442,Carnes e derivados,"Quibe, frito",53.96,253.8,1062,14.89,15.8,37.77,12.34,,3.01,21.73,38.77,0.72,165.83,1.95,835.83,322.47,0.158,2.78,0,,,0.123,0.103,0,1.503,0
443,Carnes e derivados,Salame,34.7,397.8,1664.6,25.81,30.64,85.09,2.91,,5.94,87.02,29.91,0.029,354.27,1.25,1574.17,548,0.047,3.15,0,,,0.883,0.233,0,12.487,
444,Carnes e derivados,"Toucinho, cru",27.61,592.5,2479.2,11.48,60.26,73.08,0,,0.3,2.39,3.57,0,35.36,0.44,49.59,57.57,0.112,0.21,0,0,0,0,0,0,5.1,
445,Carnes e derivados,"Toucinho, frito",6.33,696.6,2914.4,27.28,64.31,89.46,0,,0.73,9.44,9.46,0.012,94.72,0.86,124.85,170.86,0.098,0.84,0,0,0,0,0,0,5.033,
446,Leite e derivados,"Bebida láctea, pêssego",87.69,55.2,230.8,2.13,1.91,5.37,7.57,0.29,0.7,88.63,8.59,0,63.1,0,46.26,62.26,0.02,0.24,0,,,0.027,0.137,0,0.33,2.05
447,Leite e derivados,Creme de Leite,70.89,221.5,926.7,1.51,22.48,66.48,4.51,,0.61,82.73,7.54,0.006,118.46,0.3,51.72,118.65,0.019,0.29,127.67,,,0,0.1,0,0,0
448,Leite e derivados,"Iogurte, natural",90.04,51.5,215.4,4.06,3.04,13.78,1.92,,0.94,143.1,11.25,0,119.04,0,51.62,71.28,0.018,0.44,22.5,,,0.037,0.223,0,0,0.93
449,Leite e derivados,"Iogurte, natural, desnatado",89.22,41.5,173.6,3.83,0.32,3.33,5.77,,0.86,156.96,11.98,0,109.68,0,59.64,182.13,0,0.51,,,,0,0.217,0,0,0.35
450,Leite e derivados,"Iogurte, sabor abacaxi",,,,,,5.63,,,,,,,,,,,,,,,,,,,,
451,Leite e derivados,"Iogurte, sabor morango",84.63,69.6,291.1,2.71,2.33,7.49,9.69,0.22,0.63,101.03,8.04,0,73.48,0,37.66,52.35,0.018,0.3,27.03,,,0.033,0.12,0.02,0,0
452,Leite e derivados,"Iogurte, sabor pêssego",85.06,67.8,283.9,2.53,2.34,8.4,9.43,0.72,0.64,95.05,7.96,0,65.55,0.05,36.96,52.09,0.018,0.3,21.28,,,0.02,0.103,0,0.38,0
453,Leite e derivados,"Leite, condensado",26.96,312.6,1307.8,7.67,6.74,27.64,57,,1.63,246.27,21.98,0,187.18,0.13,93.8,328.93,0.033,0.86,52.95,,,0.06,0.33,0.573,0,2.14
454,Leite e derivados,"Leite, de cabra",87.07,66.4,277.9,3.07,3.75,13.99,5.25,,0.86,112.25,9.8,0,113.2,0.1,73.95,139.99,0.041,0.35,34.74,,,0,0.144,0,0,0
455,Leite e derivados,"Leite, de vaca, achocolatado",80.89,82.8,346.5,2.1,2.17,6.08,14.16,0.65,0.68,69.79,12.88,0.05,70.87,0.46,71.74,155.24,0.045,0.31,38.94,,,0.074,0.29,0.14,1.23,3.26
456,Leite e derivados,"Leite, de vaca, desnatado, pó",3.1,361.6,1513,34.69,0.93,24.79,53.04,,8.23,1363.17,108.71,0,1673.43,0.93,431.67,1555.66,0.157,3.84,299.46,,,0.317,1.203,0,0.807,
457,Leite e derivados,"Leite, de vaca, desnatado, UHT",,,,,,3.75,,,0.83,133.81,10.23,0,85.37,0,51.14,140.03,0.02,0.38,0,,,0.04,0.263,0,1.49,0
458,Leite e derivados,"Leite, de vaca, integral",,,,,,10.49,,,0.76,122.58,9.64,0,81.98,0,63.76,133.19,0.02,0.38,20.9,,,0.04,0.24,0,1.52,0
459,Leite e derivados,"Leite, de vaca, integral, pó",2.7,496.7,2078,25.42,26.9,85.26,39.18,,5.8,890.27,77.43,0,1242.28,0.52,323.2,1131.66,0.11,2.73,361.06,,,0.243,1.027,0,0,
460,Leite e derivados,"Leite, fermentado",81.88,69.6,291.3,1.89,0.1,1.85,15.67,,0.45,71.53,6.23,0.018,62.81,0,33.43,94.48,0.013,0.26,0,,,0.075,0.107,0,0,0.49
461,Leite e derivados,"Queijo, minas, frescal",56.12,264.3,1105.7,17.41,20.18,62,3.24,,3.04,579.25,6.88,0.016,123.31,0.93,31.23,104.85,0,0.29,160.51,,,0,0.251,0,0,0
462,Leite e derivados,"Queijo, minas, meia cura",47.12,320.7,1341.9,21.21,24.61,76.3,3.57,,3.49,695.92,27.07,0.023,402.53,0.22,501.17,119.98,0.069,2.68,111.33,,,0.03,0.323,0,0,
463,Leite e derivados,"Queijo, mozarela",45.34,329.9,1380.2,22.65,25.18,79.58,3.05,,3.78,875.04,23.57,0.028,470,0.31,581.36,61.89,0.083,3.52,109,,,0,0.2,0,0,
464,Leite e derivados,"Queijo, parmesão",21.25,453,1895.2,35.55,33.53,105.84,1.66,,8.01,991.97,33.37,0.048,744.62,0.53,1844.08,96.24,0.169,4.36,66.15,,,0,0.442,0.233,0,0
465,Leite e derivados,"Queijo, pasteurizado",54.42,303.1,1268.1,9.36,27.44,82.16,5.68,,3.11,323.3,16,0.013,577.94,0.27,780.43,193.72,0.045,1.3,57.31,,,0,0.2,0,0,0
466,Leite e derivados,"Queijo, petit suisse, morango",72.22,121.1,506.7,5.79,2.84,12.07,18.46,,0.7,730.93,26.51,0.023,448.46,0.14,412.47,121.46,0.015,2.66,272.66,,,0.223,0.267,0.21,2.683,0
467,Leite e derivados,"Queijo, prato",42.44,359.9,1505.7,22.66,29.11,90.9,1.88,,3.91,939.99,28.27,0.032,460.84,0.28,579.77,73.47,0.099,3.46,122.67,,,0,0.22,0,0,
468,Leite e derivados,"Queijo, requeijão, cremoso",62.47,256.6,1073.5,9.63,23.44,73.67,2.43,,2.03,259.47,11.63,0.015,447.88,0.12,557.92,93.06,0.045,1.28,194.59,,,0,0.191,0,0,0
469,Leite e derivados,"Queijo, ricota",73.57,139.7,584.6,12.6,8.11,48.7,3.79,,1.93,253.24,11.81,0,161.52,0.14,282.58,112.38,0,0.46,52.85,,,0,0.147,0,0,0
470,Bebidas (alcoólicas e não alcoólicas),"Bebida isotônica, sabores variados",93.51,25.6,107.2,0,0,,6.4,,0.09,1.23,0,0,8.97,0.67,44.08,13.03,0,0,,,,,,,,
471,Bebidas (alcoólicas e não alcoólicas),"Café, infusão 10%",97.37,9.1,38,0.71,0.07,,1.48,,0.37,3.16,9.66,0.038,9.5,0,1.03,155.7,0.006,0,,,,,,,,
472,Bebidas (alcoólicas e não alcoólicas),"Cana, aguardente 1",,215.7,902.3,,,,,,,0,0,0,0,0,3.15,0,0.063,0,,,,0,0,0,0,
473,Bebidas (alcoólicas e não alcoólicas),"Cana, caldo de",81.73,65.3,273.4,0,0,,18.15,0.14,0.12,9.08,11.97,0.206,4.78,0.75,0,17.97,0.007,0.05,,,,0,0,0.03,0,2.78
474,Bebidas (alcoólicas e não alcoólicas),"Cerveja, pilsen 2",92.38,40.7,170.4,0.56,0,,3.32,,0.12,4.99,6.74,0.005,19,0,4.23,29.47,0,0,,,,0,0,0.143,2.917,0
475,Bebidas (alcoólicas e não alcoólicas),"Chá, erva-doce, infusão 5%",99.61,1.4,5.8,0,0,,0.39,,0,1.93,0.88,0.006,0.65,0,0.63,9.93,0.006,0,,,,1.233,0.227,,,
476,Bebidas (alcoólicas e não alcoólicas),"Chá, mate, infusão 5%",99.31,2.7,11.4,0,0.05,,0.64,,0,0.64,2.04,0.274,0,0,0,5.34,0,0,,,,0.893,0,,,
477,Bebidas (alcoólicas e não alcoólicas),"Chá, preto, infusão 5%",99.37,2.2,9.4,0,0,,0.63,,0,0.25,0.96,0.089,1.51,0,0,13.44,0,0,,,,3.113,0.483,,,
478,Bebidas (alcoólicas e não alcoólicas),"Coco, água de",94.25,21.5,90,0,0,,5.28,0.13,0.46,18.84,5.16,0.253,3.76,0,1.78,161.65,0,0,,,,0.005,0,0,0,2.41
479,Bebidas (alcoólicas e não alcoólicas),"Refrigerante, tipo água tônica",92.01,30.8,128.8,0,0,,7.95,,0.04,1.08,0,0,0.15,0,8.29,1.51,0,0,,,,,,,,
480,Bebidas (alcoólicas e não alcoólicas),"Refrigerante, tipo cola",91.28,33.5,140.2,0,0,,8.66,,0.06,1.37,0,0,16.68,0,7.12,0.91,0,0,,,,,,,,
481,Bebidas (alcoólicas e não alcoólicas),"Refrigerante, tipo guaraná",89.96,38.7,161.9,0,0,,10,,0.04,1.41,0,0,0,0,9.01,1.38,0,0,,,,,,,,
482,Bebidas (alcoólicas e não alcoólicas),"Refrigerante, tipo laranja",88.17,45.6,190.9,0,0,,11.79,,0.04,2.34,1.21,0,1.47,0,9.27,15.5,0,0,,,,,,,,
483,Bebidas (alcoólicas e não alcoólicas),"Refrigerante, tipo limão",89.69,39.7,166.2,0,0,,10.26,,0.05,1.75,0.53,0,0,0,8.8,4.27,0,0,,,,,,,,
484,Ovos e derivados,"Omelete, de queijo",60.49,268,1121.3,15.57,22.01,383.83,0.44,,1.49,165.73,14.27,0.026,313.61,1.37,216.05,126.93,0.032,1.36,58.75,,,0.03,0.243,0,0,0
485,Ovos e derivados,"Ovo, de codorna, inteiro, cru",71.67,176.9,740.1,13.69,12.68,568,0.77,,1.19,78.73,11.06,0,279.44,3.35,128.99,78.73,0.035,2.05,305.17,,,0.11,0.123,0,0.967,
486,Ovos e derivados,"Ovo, de galinha, clara, cozida/10minutos",85.23,59.4,248.7,13.45,0.09,,0,,0.67,6.23,11.01,0,15.43,0.08,180.54,145.87,0.029,0,,,,0,0.08,0,0,
487,Ovos e derivados,"Ovo, de galinha, gema, cozida/10minutos",50.02,352.7,1475.6,15.9,30.78,1272.37,1.56,,1.74,114.43,9.37,0.059,385.75,2.92,44.91,87.38,0,2.87,148.48,,,0.18,0.217,0,0,
488,Ovos e derivados,"Ovo, de galinha, inteiro, cozido/10minutos",75.77,145.7,609.6,13.29,9.48,396.57,0.61,,0.85,49.22,11.24,0.024,184.19,1.52,145.9,138.9,0.04,1.24,32.44,,,0.077,0.3,0,0,
489,Ovos e derivados,"Ovo, de galinha, inteiro, cru",75.6,143.1,598.8,13.03,8.9,355.94,1.64,,0.83,42.02,12.66,0,164.35,1.56,167.91,150,0.06,1.08,78.83,,,0.07,0.58,0,0.75,
490,Ovos e derivados,"Ovo, de galinha, inteiro, frito",63.5,240.2,1004.9,15.62,18.59,516.26,1.19,,1.1,72.89,16.25,0.034,422.41,2.1,166.11,184.01,0.039,1.46,93.89,,,0.063,0.317,0,0,0
491,Produtos açucarados,"Achocolatado, pó",1.1,401,1677.9,4.2,2.17,0,91.18,3.89,1.35,44.4,76.74,0.551,199.97,5.36,64.79,496.45,0.56,1.04,795.85,,,1.38,1.02,1.523,4.987,0
492,Produtos açucarados,"Açúcar, cristal",0.05,386.8,1619.2,0.32,0,,99.61,,0,7.59,1.01,,0,0.16,0,2.56,0,0,,,,,,,,
493,Produtos açucarados,"Açúcar, mascavo",3.32,368.6,1542,0.76,0.09,,94.45,,1.38,126.53,79.95,2.026,38.16,8.3,25.2,521.63,0.171,0.48,,,,0,0.03,0,0,0
494,Produtos açucarados,"Açúcar, refinado",0.12,386.6,1617.4,0.32,0,,99.54,,0,3.5,0.55,,0,0.11,12.16,6.35,0,0,,,,,,,,
495,Produtos açucarados,"Chocolate, ao leite",1.26,539.6,2257.6,7.22,30.27,16.52,59.58,2.17,1.68,191.19,57.1,0.303,212.11,1.58,77.1,354.51,0.313,1.06,0,,,0.05,0.217,0.59,0.63,0
496,Produtos açucarados,"Chocolate, ao leite, com castanha do Pará",1.21,558.9,2338.3,7.41,34.19,15.5,55.38,2.46,1.81,171.23,79.57,0.364,302.52,1.47,64.05,430.92,0.452,1.3,36.15,,,0.04,0.243,0,1.367,1.42
497,Produtos açucarados,"Chocolate, ao leite, dietético",1.73,556.8,2329.8,6.9,33.77,12.96,56.32,2.85,1.28,187.89,67.21,0.407,276.47,3.31,84.71,458.4,0.425,1.12,7.04,,,0.307,0.25,0,0.79,2.05
498,Produtos açucarados,"Chocolate, meio amargo",1.02,474.9,1987.1,4.86,29.86,2.22,62.42,4.94,1.84,44.67,107.36,0.832,219.98,3.61,8.87,431.7,0.766,1.52,0,,,0.2,0.037,0,1.063,2.1
499,Produtos açucarados,Cocada branca,3.42,448.8,1878,1.12,13.59,,81.38,3.57,0.48,7.06,17.41,0.361,396.41,1.24,28.99,183.07,0.202,0.41,,,,0,0,0.163,0.467,0
500,Produtos açucarados,"Doce, de abóbora, cremoso",43.88,198.9,832.3,0.92,0.21,,54.61,2.28,0.38,12.99,5.52,0.008,13.74,0.85,0,136.75,0,0,,,,0.077,0,0.04,0,0.11
501,Produtos açucarados,"Doce, de leite, cremoso",27.5,306.3,1281.6,5.48,5.99,20.06,59.49,,1.54,195.1,16.26,0.013,140.78,0.07,120.09,259.46,0.022,0.53,35.64,35.64,35.64,0.05,0.257,0,0,0
502,Produtos açucarados,"Geléia, mocotó, natural",73.48,106.1,443.9,2.12,0.07,0,24.23,,0.09,3.52,0.75,0,0,0.12,42.68,2,0,0,0,,,0.19,0,0.223,0,0
503,Produtos açucarados,Glicose de milho,20.41,292.1,1222.2,0,0,,79.38,,0.21,5.67,1.9,0,4.78,0.05,58.93,5.06,0,0,,,,,,,,
504,Produtos açucarados,Maria mole,21.57,301.2,1260.4,3.81,0.19,,73.55,0.67,0.87,13.36,6.89,0.058,4.35,0.39,15.31,23.56,0.195,0.09,,,,0.043,0,0,0,0
505,Produtos açucarados,"Maria mole, coco queimado",20.73,306.6,1282.9,3.93,0.09,,75.06,0.64,0.18,19.46,5.99,0.085,5.42,0.47,14.29,35.96,0.027,0.09,,,,0.037,0,0,0,0
506,Produtos açucarados,Marmelada,28.5,257.2,1076.3,0.4,0.14,,70.76,4.07,0.2,11.32,5.8,0.055,19.62,0.73,10.88,83.15,0.089,0.08,,,,0,0,0,0,0
507,Produtos açucarados,"Mel, de abelha",15.82,309.2,1293.9,0,0,,84.03,,0.14,10.2,5.51,0.383,3.89,0.25,6.04,99.32,0,0.17,,,,0.107,0,0,0,0.74
508,Produtos açucarados,Melado,22.09,296.5,1240.6,0,0,,76.62,,1.3,102.06,115.14,2.623,73.61,5.39,4.01,395.06,0.836,0.27,,,,0,0.05,0.2,0,0
509,Produtos açucarados,Quindim,23.93,411.3,1721.1,4.74,24.43,271.02,46.3,3.22,0.61,37.18,14.9,0.246,167.91,1.38,27.37,111,0.105,1.11,75.98,,,0,0.04,0.04,1.14,0
510,Produtos açucarados,Rapadura,7.1,352,1472.6,0.99,0.07,,90.79,,1.05,30.49,47.18,1.663,21.3,4.44,21.71,458.87,0.173,0.56,,,,0,0,0.037,0,0
511,Miscelâneas,"Café, pó, torrado",2.93,418.6,1751.5,14.7,11.95,,65.75,51.23,4.67,106.89,165.12,2.579,169.48,8.13,1.13,1608.58,1.303,0.52,,,,0,0,0,11.887,0
512,Miscelâneas,"Capuccino, pó",2.6,417.4,1746.4,11.31,8.63,28.9,73.61,2.44,3.84,466.59,70.85,0.171,357.61,2.28,382.29,885.8,0,1.14,51.53,,,0,1.41,0,0,0
513,Miscelâneas,"Fermento em pó, químico",7.08,89.7,375.4,0.48,0.07,,43.91,,48.46,,,,,,10052.41,,,,,,,,,,,
514,Miscelâneas,"Fermento, biológico, levedura, tablete",71.9,89.8,375.7,16.96,1.52,,7.7,4.17,1.93,18.01,38.45,0.203,418.66,2.62,39.61,576.24,0.288,11,,,,0.303,0.357,0,0,0
515,Miscelâneas,"Gelatina, sabores variados, pó",1.24,380.2,1590.9,8.89,0,,89.22,,0.62,26.84,2.31,0.026,1.99,0.33,234.92,7.25,0,0,,,,0,0,0,0,40
516,Miscelâneas,"Sal, dietético",0.6,,,,,,,,99.4,,,,,,23431.52,20467.64,,,,,,,,,,
517,Miscelâneas,"Sal, grosso",0.41,,,,,,,,,,,,,,39943.2,,,,,,,,,,,
518,Miscelâneas,Shoyu,70.63,60.9,254.9,3.31,0.33,,11.65,,14.09,14.53,23.63,0.065,47.04,0.5,5024.21,165.18,0,0.19,,,,0.827,0.06,0.153,2.1,0
519,Miscelâneas,Tempero a base de sal,7.65,21.3,89.2,2.67,0.26,,2.07,0.56,87.35,,,,,,32560,,,,,,,,,,,
520,Outros alimentos industrializados,"Azeitona, preta, conserva",68.46,194.2,812.3,1.16,20.34,,5.54,4.55,4.48,58.75,4.76,0.055,16,5.45,1566.66,78.57,0.252,0.29,,,,0,0,0.04,0,0
521,Outros alimentos industrializados,"Azeitona, verde, conserva",76.26,136.9,572.9,0.95,14.22,,4.1,3.85,4.48,45.64,3.94,0.026,5.36,0.18,1347.18,19.81,0.141,0.08,,,,0,0,0,0,0
522,Outros alimentos industrializados,"Chantilly, spray, com gordura vegetal",55.14,315,1317.8,0.53,27.27,0,16.86,,0.21,2.27,0.85,0,15.65,0,109.7,5.11,0.014,0.07,0,,,0.07,0,0,0,
523,Outros alimentos industrializados,"Leite, de coco",77.98,166.2,695.2,1.01,18.36,,2.19,0.68,0.44,5.85,16.83,0.238,25.52,0.46,44.29,143.67,0.155,0.32,,,,0,0,0,0,0
524,Outros alimentos industrializados,"Maionese, tradicional com ovos",58.42,302.2,1264.2,0.58,30.5,42.47,7.9,,2.6,3.48,0.86,0,14.45,0.1,786.83,16.09,0,0.06,8,,,0,0.053,0,0,0
525,Alimentos preparados,Acarajé,50.46,289.2,1210.1,8.35,19.93,25.46,19.11,9.36,2.15,124.42,51.12,0.595,141.56,1.93,304.89,353.66,0.226,1.19,0,,,0.063,0,0,0,
526,Alimentos preparados,Arroz carreteiro,68.04,153.8,643.4,10.83,7.12,36.09,11.58,1.5,2.43,13.26,9.29,0.183,47.64,0.95,1621.73,87.15,0.078,2.67,0,,,0.03,0,0.073,1.603,
527,Alimentos preparados,"Baião de dois, arroz e feijão-de-corda",69.05,135.7,567.7,6.24,3.23,4.1,20.42,5.07,1.06,33.3,18.68,0.272,71.68,0.56,93.3,157.31,0.075,0.6,0,,,0.037,0,0.037,0,0
528,Alimentos preparados,Barreado,71.17,165,690.3,18.27,9.53,60.11,0.24,0.15,0.79,14.51,21.37,0.051,169.31,2.44,47.63,294.56,0.165,4.83,0,,,0.03,0.04,0,2.093,0
529,Alimentos preparados,"Bife à cavalo, com contra filé",54.21,291.2,1218.5,23.66,21.15,256.63,0,,1.12,25.98,19.49,0.015,215.82,2.1,82.87,272.23,0.057,3.21,36.8,,,0.047,0.103,0,2.917,
530,Alimentos preparados,Bolinho de arroz,41.5,273.5,1144.4,8.04,8.29,70.3,41.68,2.74,0.49,23.57,13.45,0.416,87.27,2.12,58.86,96.45,0.131,0.86,0,,,0.083,0.047,0,0,0
531,Alimentos preparados,Camarão à baiana,81.99,100.8,421.7,7.94,5.97,116.78,3.17,0.39,0.93,42.68,14.86,0.108,244.09,1.42,84.79,139.14,0.073,0.47,0,,,0,0,0,0.307,4.07
532,Alimentos preparados,"Charuto, de repolho",81.55,78.2,327.3,6.78,1.12,21.34,10.13,1.46,0.42,22.89,13.46,0.22,67.89,0.86,12.1,184.03,1.447,1.75,0,,,0.03,0,0,0.32,4.77
533,Alimentos preparados,"Cuscuz, de milho, cozido com sal",71.14,113.5,474.7,2.16,0.68,,25.28,2.05,0.75,1.54,2.72,0.023,23.18,0.17,247.67,10.85,0,0.2,0,,,0,0,0.063,0,0
534,Alimentos preparados,"Cuscuz, paulista",68.94,142.1,594.6,2.56,4.65,15.05,22.51,2.43,1.34,14.16,5.1,0.063,25.95,0.33,235.71,52.93,0.049,0.21,0,,,0,0,0,0.933,0
535,Alimentos preparados,"Cuxá, molho",80.99,80.1,335.1,5.64,3.59,58.39,5.74,3.02,4.03,105.48,33.58,0.234,111.13,0.94,1344.29,124.06,0.172,0.57,0,32.58,16.29,0.04,0,0.03,1.097,10.28
536,Alimentos preparados,Dobradinha,75.27,124.5,520.9,19.77,4.44,144.02,0,,0.29,11.34,8.25,0.105,57.12,1.01,28.77,57.58,0.055,2.72,0,,,0,0,0,4.267,
537,Alimentos preparados,Estrogonofe de carne,70.13,173.1,724.4,15.03,10.8,66.22,2.98,,1.06,28.32,21.51,0.033,185.57,2.7,122.85,322.31,0.14,2.04,27.63,,,0.06,0.05,0,3.253,0
538,Alimentos preparados,Estrogonofe de frango,70.89,156.8,656.1,17.55,7.96,79.96,2.59,,1,26.05,24.76,0.028,195.16,1.52,99.45,307.09,0.123,0.58,28.22,,,0.073,0.04,0.03,3.367,0
539,Alimentos preparados,Feijão tropeiro mineiro,61.67,151.6,634.1,10.17,6.79,67.88,19.58,3.57,1.79,41.2,36.11,0.382,199.25,2.16,365.07,348.93,0.217,1.45,8.77,,,0,0,0,1.437,0
540,Alimentos preparados,L,71.8,116.9,489.2,8.67,6.48,21.96,11.64,5.09,1.41,32.38,31.85,0.243,105.46,1.35,278.22,303.49,0.154,0.83,0,,,0.077,0.03,0,0.93,0
541,Alimentos preparados,"Frango, com açafrão",79.52,112.8,471.9,9.7,6.17,50.42,4.06,0.22,0.55,12.99,16.09,0.089,166.84,0.84,28.81,256.37,0.021,0.5,8.09,,,0.03,0,0,1.64,5.28
542,Alimentos preparados,"Macarrão, molho bolognesa",71.41,119.5,500.1,4.93,0.89,6.93,22.52,0.78,0.24,10.55,9.98,0.22,53.96,1.39,8.94,83.57,0.087,0.75,0,,,0.037,0,0,1.437,0
543,Alimentos preparados,Maniçoba,76.4,134.2,561.6,9.96,8.7,42.77,3.42,2.16,1.53,65.98,23.65,0.596,54.88,3.22,406.7,147.71,0.16,2.03,0,221.88,110.94,0.043,0.07,0.05,2.577,0
544,Alimentos preparados,Quibebe,81.11,86.3,361.3,8.56,2.67,,6.64,1.67,1.02,7.68,10.39,0.053,42.52,0.78,246.61,152.81,0.606,1.64,0,104.92,52.46,0,0.03,0.037,,0
545,Alimentos preparados,"Salada, de legumes, com maionese",82.04,96.1,402.1,1.05,7.04,7.2,8.92,2.22,0.95,12.13,8.71,0.097,22.27,0.23,228.43,141.29,0.035,0.16,0,282.75,141.38,0.037,0,0.04,0,0
546,Alimentos preparados,"Salada, de legumes, cozida no vapor",89.98,35.4,148.1,2.01,0.31,,7.09,2.51,0.61,32.9,18.58,0.235,44.79,0.44,2.51,244.3,0.171,0.3,,510,255,0.05,0.03,0.033,0,29.35
547,Alimentos preparados,"Salpicão, de frango",72.53,147.9,618.7,13.93,7.84,52.52,4.57,0.41,1.14,9.41,13.25,0.027,102.58,0.32,248.35,148.97,0.078,0.39,0,14.5,7.25,0.05,0,0,1.477,9.26
548,Alimentos preparados,Sarapatel,74.95,123,514.6,18.47,4.42,315.36,1.09,,1.06,12.23,12.8,0.104,163.5,7.18,215.62,198.76,1.483,1.77,1463.67,,,0,0.11,0,3.837,0
549,Alimentos preparados,Tabule,85.77,57.5,240.4,2.05,1.21,,10.58,2.08,0.39,18.85,17.98,0.368,35.47,0.55,1.19,187.63,0.121,0.58,,,,0.03,0,0,0.6,16.22
550,Alimentos preparados,Tacacá,85.19,46.9,196.2,6.96,0.36,70.56,3.39,0.21,4.1,44.82,29.9,0.115,89.17,0.95,1349.06,240.18,0.219,0.79,0,35.36,17.68,0.047,0,0,,0
551,Alimentos preparados,"Tapioca, com manteiga",24.9,347.8,1455.3,0.09,10.91,31.19,63.59,0,0.51,30.03,3.22,0.06,8.43,0.24,157.52,19.3,0.008,0.04,75.27,,,0,0,0,0,0
552,Alimentos preparados,"Tucupi, com pimenta-de-cheiro",91.88,27.2,113.7,2.06,0.28,,4.74,0.23,1.04,28.26,42.49,0.521,30.81,1.15,5.13,390.84,0.12,0.85,,50.58,25.29,0,0,0.053,0,46.4
553,Alimentos preparados,Vaca atolada,74.95,144.9,606.2,5.12,9.32,18.59,10.06,2.34,0.54,62.66,15.75,0.039,71.77,0.73,25.63,219.81,0.12,1.2,0,,,0,0,0,0.77,0
554,Alimentos preparados,Vatapá,58.36,254.9,1066.5,6,23.23,44.45,9.75,1.7,2.67,46.82,39.32,0.48,108.44,1.44,879.85,209.41,0.279,0.85,0,,,0,0,0,1.797,0
555,Alimentos preparados,Virado à paulista,48.59,306.9,1284.3,10.18,25.59,65.84,14.11,2.16,1.53,40.71,21.81,0.154,135.49,1.05,345.53,237.26,0.072,1.04,10.17,,,0.14,0.05,0,2.597,0
556,Alimentos preparados,Yakisoba,69.38,112.8,472,7.52,2.61,,18.25,1.06,2.25,13.95,13.34,0.147,83.03,0.62,793.76,158.57,0.061,0.68,,62,31,0.163,0,0,2.093,0
557,Leguminosas e derivados,"Amendoim, grão, cru",6.43,544.1,2276.3,27.19,43.85,,20.31,8.04,2.22,0,170.51,1.957,407.2,2.53,0,580.44,0.781,3.17,,,,0.1,0.03,0.763,10.177,0
558,Leguminosas e derivados,"Amendoim, torrado, salgado",1.69,605.8,2534.6,22.48,53.96,,18.7,7.76,3.17,39.43,159.34,1.701,260.76,1.33,375.73,495.67,0.682,2.12,,,,0.083,0,0.21,7.47,0
559,Leguminosas e derivados,"Ervilha, em vagem",76.84,88.1,367,7.45,0.47,,14.23,9.72,1.01,24.44,41.76,0.402,151.98,1.44,0,310.98,0.196,1.23,,,,0.273,0.07,0.06,1.163,12.44
560,Leguminosas e derivados,"Ervilha, enlatada, drenada",80.14,73.8,309,4.6,0.38,,13.44,5.08,1.44,22.21,23.19,0.46,78.51,1.39,372.11,147.12,0.138,0.88,,9.17,4.58,0.067,0.03,0,0,
561,Leguminosas e derivados,"Feijão, carioca, cozido",80.35,76.4,319.8,4.78,0.54,,13.59,8.51,0.74,26.59,42.34,0.284,86.85,1.29,1.76,254.62,0.188,0.7,,,,0.04,0,0,0,0
562,Leguminosas e derivados,"Feijão, carioca, cru",14,329,1376.6,19.98,1.26,,61.22,18.42,3.54,122.57,209.95,1.02,385.38,7.99,0,1352.46,0.79,2.9,,,,0.167,0,0.65,4.023,
563,Leguminosas e derivados,"Feijão, fradinho, cozido",80.01,78,326.4,5.09,0.64,,13.5,7.47,0.75,17.45,38.12,0.53,84.59,1.06,0.98,252.98,0.103,1.12,,,,0.123,0,0,0,0
564,Leguminosas e derivados,"Feijão, fradinho, cru",12.7,339.2,1419.1,20.21,2.37,,61.24,23.59,3.49,77.52,178.39,1.428,354.51,5.13,10.31,1082.74,0.699,3.88,,,,0.137,0.03,0.26,0,0
565,Leguminosas e derivados,"Feijão, jalo, cozido",75.84,92.7,388,6.14,0.51,,16.5,13.87,1.01,29.4,44.1,0.32,121.01,1.92,0.52,347.72,0.236,1.01,,,,0.127,0,0.04,0,0
566,Leguminosas e derivados,"Feijão, jalo, cru",13.53,327.9,1372,20.1,0.95,,61.48,30.32,3.94,97.97,169.9,0.991,427.19,7.03,24.58,1275.95,0.951,3.01,,,,0.1,0,0.123,0,0
567,Leguminosas e derivados,"Feijão, preto, cozido",80.22,77,322.3,4.48,0.54,,14.01,8.4,0.76,29,40.37,0.365,88.03,1.47,1.85,256.37,0.198,0.72,,,,0.06,0,0.03,0,0
568,Leguminosas e derivados,"Feijão, preto, cru",14.88,323.6,1353.8,21.34,1.24,,58.75,21.83,3.79,110.9,188.11,1.316,471.16,6.46,0,1415.68,0.827,2.85,,,,0.117,0,0.59,4.6,
569,Leguminosas e derivados,"Feijão, rajado, cozido",77.86,84.7,354.4,5.54,0.4,,15.27,9.32,0.93,29.19,41.71,0.294,112.93,1.36,0.69,314.58,0.227,0.92,,,,0.093,0,0.04,0,0
570,Leguminosas e derivados,"Feijão, rajado, cru",14.96,325.8,1363.3,17.27,1.17,,62.93,24.01,3.67,111.43,169.9,1.17,334.79,18.58,13.65,1134.54,0.844,2.6,,,,0.07,0.03,0.067,0,0
571,Leguminosas e derivados,"Feijão, rosinha, cozido",82.58,67.9,284,4.54,0.48,,11.82,4.76,0.58,19.24,42.96,0.461,89.51,1.18,2.08,240.57,0.092,1.3,,,,0,0,0,3.69,0
572,Leguminosas e derivados,"Feijão, rosinha, cru",11.95,337,1409.8,20.92,1.33,,62.22,20.63,3.58,67.66,184.5,1.078,393.59,5.32,24.11,1108.66,0.595,3.98,,,,0.163,0.03,0,3.923,0
573,Leguminosas e derivados,"Feijão, roxo, cozido",79.99,76.9,321.7,5.72,0.54,,12.91,11.51,0.85,22.53,34.39,0.321,106.33,1.41,1.46,268.09,0.225,1.01,,,,0.147,0,0.03,0,0
574,Leguminosas e derivados,"Feijão, roxo, cru",12.64,331.4,1386.6,22.17,1.24,,59.99,33.84,3.97,120.46,161.94,1.341,393.7,6.92,9.76,1221.4,1.037,3.29,,,,0.263,0,0.08,0,0
575,Leguminosas e derivados,"Grão-de-bico, cru",12.29,354.7,1484.1,21.23,5.43,,57.88,12.36,3.17,114.36,146.39,3.157,342.34,5.38,5.19,1115.7,0.671,3.19,,,,0.52,0,0.753,0,0
576,Leguminosas e derivados,"Guandu, cru",11.45,344.1,1439.9,18.96,2.13,,64,21.31,3.45,129.34,166,1.016,269.19,1.94,1.62,1214.8,0.573,2.02,,,,1.063,0,0.07,2.693,1.47
577,Leguminosas e derivados,"Lentilha, cozida",76.25,92.6,387.6,6.31,0.52,,16.3,7.86,0.61,16.1,21.65,0.285,103.74,1.48,1.18,219.9,0.175,1.13,,,,0.03,0,0,0,0
578,Leguminosas e derivados,"Lentilha, crua",11.47,339.1,1419,23.15,0.77,,62,16.94,2.61,53.52,93.53,1.084,367.74,7.05,0,886.88,0.833,3.49,,,,0.113,0,0.417,5.073,
579,Leguminosas e derivados,"Paçoca, amendoim",1.8,486.9,2037.3,16,26.08,,52.38,7.32,3.75,22.48,100.67,1.055,198.5,1.13,166.84,347.6,0.379,1.56,,,,0,0,1.197,0,0
580,Leguminosas e derivados,"Pé-de-moleque, amendoim",2.91,503.2,2105.3,13.16,28.05,,54.73,3.39,1.15,27.11,107.9,1.089,170.71,1.26,16.35,355.41,0.427,1.43,,,,0.043,0.03,0.11,5.94,0
581,Leguminosas e derivados,"Soja, farinha",5.75,404,1690.2,36.03,14.63,,38.44,20.18,5.15,206.02,241.9,2.871,539.25,13.06,5.75,1922.39,1.287,4.54,,,,0.2,0.037,0.03,0,0
582,Leguminosas e derivados,"Soja, extrato solúvel, natural, fluido",91.28,39.1,163.6,2.38,1.61,,4.28,0.37,0.45,16.52,15.45,0.146,52.89,0.43,56.53,121.04,0.083,0.28,,,,0,0,0,0,0
583,Leguminosas e derivados,"Soja, extrato solúvel, pó",4.47,458.9,1920,35.69,26.18,,28.48,7.31,5.18,359.04,215.62,2.676,646.55,7.01,83.47,1606.8,1.185,5.84,,,,0,0.107,0.353,0,9.21
584,Leguminosas e derivados,"Soja, queijo (tofu)",86.65,64.5,269.8,6.55,3.95,,2.13,0.75,0.72,80.76,38.2,0.334,129.52,1.43,1.21,181.69,0.179,0.89,,,,0.037,0,0.033,0,0
585,Leguminosas e derivados,"Tremoço, cru",9.69,381.3,1595.3,33.58,10.34,,43.79,32.31,2.6,176.75,121.43,,264.68,2.79,3.29,708.32,0.791,4.24,,,,0.24,0,0.067,0,24.97
586,Leguminosas e derivados,"Tremoço, em conserva",67.68,120.6,504.8,11.11,3.78,,12.39,14.44,5.03,15.54,3.52,,39.72,0.34,1808.76,5.2,0.265,0.64,,,,0,0,0,0,0
587,Nozes e sementes,"Amêndoa, torrada, salgada",3.11,580.7,2429.8,18.55,47.32,,29.55,11.64,1.47,236.7,222.1,1.948,493.06,3.06,278.52,639.6,0.932,2.58,,,,0.29,0.163,0,0,0
588,Nozes e sementes,"Castanha-de-caju, torrada, salgada",3.46,570.2,2385.6,18.51,46.28,,29.13,3.66,2.61,32.59,236.61,1.59,594.22,5.22,125,671.46,1.915,4.72,,,,0.287,0.047,0.393,0,0
589,Nozes e sementes,"Castanha-do-Brasil, crua",3.52,643,2690.2,14.54,63.46,,15.08,7.93,3.4,146.34,365.12,1.104,853.28,2.31,0.65,650.99,1.788,4.22,,,,0.303,0,0.44,0,0
590,Nozes e sementes,"Coco, cru",42.96,406.5,1700.7,3.69,41.98,,10.4,5.38,0.97,6.48,51.46,1,117.54,1.76,15.32,354.15,0.453,0.94,,,,0,0,0.025,0,2.49
591,Nozes e sementes,"Coco,  verde, cru",,,,,,,,,,,,,,,,,,,,,,,,,,
592,Nozes e sementes,"Farinha, de mesocarpo de babaçu, crua",15.82,328.8,1375.6,1.41,0.2,,79.17,17.86,3.4,60.95,39.35,0.382,25.56,18.33,12.46,362.07,0.223,0.34,,,,0,0,0,2.577,0
593,Nozes e sementes,"Gergelim, semente",3.86,583.5,2441.6,21.16,50.43,,21.62,11.87,2.93,825.45,360.69,2.673,740.71,5.45,2.57,546.29,1.51,5.24,,,,0.937,0,0.13,5.923,0
594,Nozes e sementes,"Linhaça, semente",6.68,495.1,2071.5,14.08,32.25,,43.31,33.5,3.67,211.5,346.92,2.814,615.18,4.7,8.67,869.29,1.087,4.39,,,,0.117,0,0.133,0,0
595,Nozes e sementes,"Pinhão, cozido",50.51,174.4,729.6,2.98,0.75,,43.92,15.6,1.84,15.77,52.97,0.409,165.84,0.76,0.86,727.01,0.183,0.83,,,,0,0,0,0,27.69
596,Nozes e sementes,"Pupunha, cozida",54.46,218.5,914.3,2.52,12.76,,29.57,4.25,0.69,27.59,25.29,0.127,48.77,0.52,0.91,303.36,0.282,0.29,,875.44,437.72,0,0.087,0.03,0,2.18
597,Nozes e sementes,"Noz, crua",6.24,620.1,2594.3,13.97,59.36,,18.36,7.25,2.06,105.31,152.89,4.053,396.28,2.04,4.57,533.25,0.754,2.06,,,,0.377,0,0.13,1.083,0
